"RLABO","SHIPC","CRUIS","STNNO","LATIT","LONGI","POSYS","STATN","SDATE","STIME","WADEP","SMPNO","FINFL","SMVOL","MNDEP","MXDEP","SPECI","TRPHY","STAGE","PARAM","MUNIT","QFLAG","ALABO","METOA","METFP","SLABO","SMTYP","MPROG","PURPM","MYEAR","DTYPE","RLIST","SIZCL","SIZRF","SFLAG","VALUE"
"BAMN","AA31","2000","RA000412",48.732,-3.968,,"Astan","20000412",,,"RA000412",,5,1,1,17639,,,"ABUNDNR","nrcells/l",,,,,,,"CEMP~NATL","T~S","2000","PP","ERID",,,,106.470106470106
"BAMN","AA31","2000","RA000412",48.732,-3.968,,"Astan","20000412",,,"RA000412",,5,1,1,160572,,,"ABUNDNR","nrcells/l",,,,,,,"CEMP~NATL","T~S","2000","PP","ERID",,,,2731.36773136773
"BAMN","AA31","2001","RA010502",48.732,-3.968,,"Astan","20010502",,,"RA010502",,5,1,1,17639,,,"ABUNDNR","nrcells/l",,,,,,,"CEMP~NATL","T~S","2001","PP","ERID",,,,163.800163800164
"BAMN","AA31","2001","RA010502",48.732,-3.968,,"Astan","20010502",,,"RA010502",,5,1,1,160572,,,"ABUNDNR","nrcells/l",,,,,,,"CEMP~NATL","T~S","2001","PP","ERID",,,,1347.25634725635
"BAMN","AA31","2001","RA010529",48.732,-3.968,,"Astan","20010529",,,"RA010529",,5,1,1,17639,,,"ABUNDNR","nrcells/l",,,,,,,"CEMP~NATL","T~S","2001","PP","ERID",,,,278.460278460278
"BAMN","AA31","2001","RA010529",48.732,-3.968,,"Astan","20010529",,,"RA010529",,5,1,1,160572,,,"ABUNDNR","nrcells/l",,,,,,,"CEMP~NATL","T~S","2001","PP","ERID",,,,180.18018018018
"BAMN","AA31","2001","RA010808",48.732,-3.968,,"Astan","20010808",,,"RA010808",,5,1,1,17639,,,"ABUNDNR","nrcells/l",,,,,,,"CEMP~NATL","T~S","2001","PP","ERID",,,,183.760683760684
"BAMN","AA31","2001","RA010808",48.732,-3.968,,"Astan","20010808",,,"RA010808",,5,1,1,160572,,,"ABUNDNR","nrcells/l",,,,,,,"CEMP~NATL","T~S","2001","PP","ERID",,,,4286.32478632479
"BAMN","AA31","2001","RA010926",48.732,-3.968,,"Astan","20010926",,,"RA010926",,5,1,1,17639,,,"ABUNDNR","nrcells/l",,,,,,,"CEMP~NATL","T~S","2001","PP","ERID",,,,90.0900900900901
"BAMN","AA31","2001","RA010926",48.732,-3.968,,"Astan","20010926",,,"RA010926",,5,1,1,160572,,,"ABUNDNR","nrcells/l",,,,,,,"CEMP~NATL","T~S","2001","PP","ERID",,,,3050.77805077805
"BAMN","AA31","2001","RA011011",48.732,-3.968,,"Astan","20011011",,,"RA011011",,5,1,1,17639,,,"ABUNDNR","nrcells/l",,,,,,,"CEMP~NATL","T~S","2001","PP","ERID",,,,209.401709401709
"BAMN","AA31","2001","RA011011",48.732,-3.968,,"Astan","20011011",,,"RA011011",,5,1,1,160572,,,"ABUNDNR","nrcells/l",,,,,,,"CEMP~NATL","T~S","2001","PP","ERID",,,,2764.95726495727
"BAMN","AA31","2001","RA011025",48.732,-3.968,,"Astan","20011025",,,"RA011025",,5,1,1,17639,,,"ABUNDNR","nrcells/l",,,,,,,"CEMP~NATL","T~S","2001","PP","ERID",,,,363.247863247863
"BAMN","AA31","2001","RA011025",48.732,-3.968,,"Astan","20011025",,,"RA011025",,5,1,1,160572,,,"ABUNDNR","nrcells/l",,,,,,,"CEMP~NATL","T~S","2001","PP","ERID",,,,3072.64957264957
"BAMN","AA31","2001","RA011112",48.732,-3.968,,"Astan","20011112",,,"RA011112",,5,1,1,17639,,,"ABUNDNR","nrcells/l",,,,,,,"CEMP~NATL","T~S","2001","PP","ERID",,,,235.042735042735
"BAMN","AA31","2001","RA011112",48.732,-3.968,,"Astan","20011112",,,"RA011112",,5,1,1,160572,,,"ABUNDNR","nrcells/l",,,,,,,"CEMP~NATL","T~S","2001","PP","ERID",,,,5175.21367521367
"BAMN","AA31","2001","RA011123",48.732,-3.968,,"Astan","20011123",,,"RA011123",,5,1,1,17639,,,"ABUNDNR","nrcells/l",,,,,,,"CEMP~NATL","T~S","2001","PP","ERID",,,,256.410256410256
"BAMN","AA31","2001","RA011123",48.732,-3.968,,"Astan","20011123",,,"RA011123",,5,1,1,160572,,,"ABUNDNR","nrcells/l",,,,,,,"CEMP~NATL","T~S","2001","PP","ERID",,,,4059.82905982906
"BAMN","AA31","2001","RA011207",48.732,-3.968,,"Astan","20011207",,,"RA011207",,5,1,1,17639,,,"ABUNDNR","nrcells/l",,,,,,,"CEMP~NATL","T~S","2001","PP","ERID",,,,217.948717948718
"BAMN","AA31","2001","RA011207",48.732,-3.968,,"Astan","20011207",,,"RA011207",,5,1,1,160572,,,"ABUNDNR","nrcells/l",,,,,,,"CEMP~NATL","T~S","2001","PP","ERID",,,,3051.28205128205
"BAMN","AA31","2001","RA011218",48.732,-3.968,,"Astan","20011218",,,"RA011218",,5,1,1,17639,,,"ABUNDNR","nrcells/l",,,,,,,"CEMP~NATL","T~S","2001","PP","ERID",,,,230.769230769231
"BAMN","AA31","2001","RA011218",48.732,-3.968,,"Astan","20011218",,,"RA011218",,5,1,1,160572,,,"ABUNDNR","nrcells/l",,,,,,,"CEMP~NATL","T~S","2001","PP","ERID",,,,3705.12820512821
"BAMN","AA31","2002","RA020108",48.732,-3.968,,"Astan","20020108",,,"RA020108",,5,1,1,17639,,,"ABUNDNR","nrcells/l",,,,,,,"CEMP~NATL","T~S","2002","PP","ERID",,,,123.142250530786
"BAMN","AA31","2002","RA020108",48.732,-3.968,,"Astan","20020108",,,"RA020108",,5,1,1,160572,,,"ABUNDNR","nrcells/l",,,,,,,"CEMP~NATL","T~S","2002","PP","ERID",,,,3859.87261146497
"BAMN","AA31","2002","RA020122",48.732,-3.968,,"Astan","20020122",,,"RA020122",,5,1,1,17639,,,"ABUNDNR","nrcells/l",,,,,,,"CEMP~NATL","T~S","2002","PP","ERID",,,,194.704049844237
"BAMN","AA31","2002","RA020122",48.732,-3.968,,"Astan","20020122",,,"RA020122",,5,1,1,160572,,,"ABUNDNR","nrcells/l",,,,,,,"CEMP~NATL","T~S","2002","PP","ERID",,,,1390.18691588785
"BAMN","AA31","2002","RA020201",48.732,-3.968,,"Astan","20020201",,,"RA020201",,5,1,1,17639,,,"ABUNDNR","nrcells/l",,,,,,,"CEMP~NATL","T~S","2002","PP","ERID",,,,243.589743589744
"BAMN","AA31","2002","RA020201",48.732,-3.968,,"Astan","20020201",,,"RA020201",,5,1,1,160572,,,"ABUNDNR","nrcells/l",,,,,,,"CEMP~NATL","T~S","2002","PP","ERID",,,,2726.49572649573
"BAMN","AA31","2002","RA020207",48.732,-3.968,,"Astan","20020207",,,"RA020207",,5,1,1,17639,,,"ABUNDNR","nrcells/l",,,,,,,"CEMP~NATL","T~S","2002","PP","ERID",,,,243.589743589744
"BAMN","AA31","2002","RA020207",48.732,-3.968,,"Astan","20020207",,,"RA020207",,5,1,1,160572,,,"ABUNDNR","nrcells/l",,,,,,,"CEMP~NATL","T~S","2002","PP","ERID",,,,2405.98290598291
"BAMN","AA31","2002","RA020307",48.732,-3.968,,"Astan","20020307",,,"RA020307",,5,1,1,17639,,,"ABUNDNR","nrcells/l",,,,,,,"CEMP~NATL","T~S","2002","PP","ERID",,,,124.610591900312
"BAMN","AA31","2002","RA020307",48.732,-3.968,,"Astan","20020307",,,"RA020307",,5,1,1,160572,,,"ABUNDNR","nrcells/l",,,,,,,"CEMP~NATL","T~S","2002","PP","ERID",,,,2063.86292834891
"BAMN","AA31","2002","RA020322",48.732,-3.968,,"Astan","20020322",,,"RA020322",,5,1,1,17639,,,"ABUNDNR","nrcells/l",,,,,,,"CEMP~NATL","T~S","2002","PP","ERID",,,,210.280373831776
"BAMN","AA31","2002","RA020322",48.732,-3.968,,"Astan","20020322",,,"RA020322",,5,1,1,160572,,,"ABUNDNR","nrcells/l",,,,,,,"CEMP~NATL","T~S","2002","PP","ERID",,,,2313.08411214953
"BAMN","AA31","2002","RA020405",48.732,-3.968,,"Astan","20020405",,,"RA020405",,5,1,1,17639,,,"ABUNDNR","nrcells/l",,,,,,,"CEMP~NATL","T~S","2002","PP","ERID",,,,276.479750778816
"BAMN","AA31","2002","RA020405",48.732,-3.968,,"Astan","20020405",,,"RA020405",,5,1,1,160572,,,"ABUNDNR","nrcells/l",,,,,,,"CEMP~NATL","T~S","2002","PP","ERID",,,,3224.29906542056
"BAMN","AA31","2002","RA020506",48.732,-3.968,,"Astan","20020506",,,"RA020506",,5,1,1,17639,,,"ABUNDNR","nrcells/l",,,,,,,"CEMP~NATL","T~S","2002","PP","ERID",,,,389.408099688474
"BAMN","AA31","2002","RA020506",48.732,-3.968,,"Astan","20020506",,,"RA020506",,5,1,1,160572,,,"ABUNDNR","nrcells/l",,,,,,,"CEMP~NATL","T~S","2002","PP","ERID",,,,1234.42367601246
"BAMN","AA31","2002","RA020523",48.732,-3.968,,"Astan","20020523",,,"RA020523",,5,1,1,17639,,,"ABUNDNR","nrcells/l",,,,,,,"CEMP~NATL","T~S","2002","PP","ERID",,,,198.598130841122
"BAMN","AA31","2002","RA020523",48.732,-3.968,,"Astan","20020523",,,"RA020523",,5,1,1,160572,,,"ABUNDNR","nrcells/l",,,,,,,"CEMP~NATL","T~S","2002","PP","ERID",,,,669.781931464175
"BAMN","AA31","2002","RA020603",48.732,-3.968,,"Astan","20020603",,,"RA020603",,5,1,1,17639,,,"ABUNDNR","nrcells/l",,,,,,,"CEMP~NATL","T~S","2002","PP","ERID",,,,319.314641744548
"BAMN","AA31","2002","RA020603",48.732,-3.968,,"Astan","20020603",,,"RA020603",,5,1,1,160572,,,"ABUNDNR","nrcells/l",,,,,,,"CEMP~NATL","T~S","2002","PP","ERID",,,,1051.40186915888
"BAMN","AA31","2002","RA020618",48.732,-3.968,,"Astan","20020618",,,"RA020618",,5,1,1,17639,,,"ABUNDNR","nrcells/l",,,,,,,"CEMP~NATL","T~S","2002","PP","ERID",,,,218.068535825545
"BAMN","AA31","2002","RA020618",48.732,-3.968,,"Astan","20020618",,,"RA020618",,5,1,1,160572,,,"ABUNDNR","nrcells/l",,,,,,,"CEMP~NATL","T~S","2002","PP","ERID",,,,1378.5046728972
"BAMN","AA31","2002","RA020704",48.732,-3.968,,"Astan","20020704",,,"RA020704",,5,1,1,17639,,,"ABUNDNR","nrcells/l",,,,,,,"CEMP~NATL","T~S","2002","PP","ERID",,,,140.18691588785
"BAMN","AA31","2002","RA020704",48.732,-3.968,,"Astan","20020704",,,"RA020704",,5,1,1,160572,,,"ABUNDNR","nrcells/l",,,,,,,"CEMP~NATL","T~S","2002","PP","ERID",,,,2355.91900311527
"BAMN","AA31","2002","RA020719",48.732,-3.968,,"Astan","20020719",,,"RA020719",,5,1,1,17639,,,"ABUNDNR","nrcells/l",,,,,,,"CEMP~NATL","T~S","2002","PP","ERID",,,,288.16199376947
"BAMN","AA31","2002","RA020719",48.732,-3.968,,"Astan","20020719",,,"RA020719",,5,1,1,160572,,,"ABUNDNR","nrcells/l",,,,,,,"CEMP~NATL","T~S","2002","PP","ERID",,,,3056.85358255452
"BAMN","AA31","2002","RA020801",48.732,-3.968,,"Astan","20020801",,,"RA020801",,5,1,1,17639,,,"ABUNDNR","nrcells/l",,,,,,,"CEMP~NATL","T~S","2002","PP","ERID",,,,118.895966029724
"BAMN","AA31","2002","RA020801",48.732,-3.968,,"Astan","20020801",,,"RA020801",,5,1,1,160572,,,"ABUNDNR","nrcells/l",,,,,,,"CEMP~NATL","T~S","2002","PP","ERID",,,,1685.77494692144
"BAMN","AA31","2002","RA020819",48.732,-3.968,,"Astan","20020819",,,"RA020819",,5,1,1,17639,,,"ABUNDNR","nrcells/l",,,,,,,"CEMP~NATL","T~S","2002","PP","ERID",,,,246.284501061571
"BAMN","AA31","2002","RA020819",48.732,-3.968,,"Astan","20020819",,,"RA020819",,5,1,1,160572,,,"ABUNDNR","nrcells/l",,,,,,,"CEMP~NATL","T~S","2002","PP","ERID",,,,3723.991507431
"BAMN","AA31","2002","RA020902",48.732,-3.968,,"Astan","20020902",,,"RA020902",,5,1,1,17639,,,"ABUNDNR","nrcells/l",,,,,,,"CEMP~NATL","T~S","2002","PP","ERID",,,,237.791932059448
"BAMN","AA31","2002","RA020902",48.732,-3.968,,"Astan","20020902",,,"RA020902",,5,1,1,160572,,,"ABUNDNR","nrcells/l",,,,,,,"CEMP~NATL","T~S","2002","PP","ERID",,,,6760.08492569002
"BAMN","AA31","2002","RA020916",48.732,-3.968,,"Astan","20020916",,,"RA020916",,5,1,1,17639,,,"ABUNDNR","nrcells/l",,,,,,,"CEMP~NATL","T~S","2002","PP","ERID",,,,186.836518046709
"BAMN","AA31","2002","RA020916",48.732,-3.968,,"Astan","20020916",,,"RA020916",,5,1,1,160572,,,"ABUNDNR","nrcells/l",,,,,,,"CEMP~NATL","T~S","2002","PP","ERID",,,,8097.66454352442
"BAMN","AA31","2002","RA020917",48.732,-3.968,,"Astan","20020917",,,"RA020917",,5,1,1,17639,,,"ABUNDNR","nrcells/l",,,,,,,"CEMP~NATL","T~S","2002","PP","ERID",,,,259.023354564756
"BAMN","AA31","2002","RA020917",48.732,-3.968,,"Astan","20020917",,,"RA020917",,5,1,1,160572,,,"ABUNDNR","nrcells/l",,,,,,,"CEMP~NATL","T~S","2002","PP","ERID",,,,7452.22929936306
"BAMN","AA31","2002","RA021004",48.732,-3.968,,"Astan","20021004",,,"RA021004",,5,1,1,17639,,,"ABUNDNR","nrcells/l",,,,,,,"CEMP~NATL","T~S","2002","PP","ERID",,,,165.605095541401
"BAMN","AA31","2002","RA021004",48.732,-3.968,,"Astan","20021004",,,"RA021004",,5,1,1,160572,,,"ABUNDNR","nrcells/l",,,,,,,"CEMP~NATL","T~S","2002","PP","ERID",,,,4772.82377919321
"BAMN","AA31","2002","RA021014",48.732,-3.968,,"Astan","20021014",,,"RA021014",,5,1,1,17639,,,"ABUNDNR","nrcells/l",,,,,,,"CEMP~NATL","T~S","2002","PP","ERID",,,,123.142250530786
"BAMN","AA31","2002","RA021014",48.732,-3.968,,"Astan","20021014",,,"RA021014",,5,1,1,160572,,,"ABUNDNR","nrcells/l",,,,,,,"CEMP~NATL","T~S","2002","PP","ERID",,,,4479.83014861996
"BAMN","AA31","2002","RA021030",48.732,-3.968,,"Astan","20021030",,,"RA021030",,5,1,1,17639,,,"ABUNDNR","nrcells/l",,,,,,,"CEMP~NATL","T~S","2002","PP","ERID",,,,250.530785562633
"BAMN","AA31","2002","RA021030",48.732,-3.968,,"Astan","20021030",,,"RA021030",,5,1,1,160572,,,"ABUNDNR","nrcells/l",,,,,,,"CEMP~NATL","T~S","2002","PP","ERID",,,,5286.62420382166
"BAMN","AA31","2002","RA021202",48.732,-3.968,,"Astan","20021202",,,"RA021202",,5,1,1,17639,,,"ABUNDNR","nrcells/l",,,,,,,"CEMP~NATL","T~S","2002","PP","ERID",,,,230.769230769231
"BAMN","AA31","2002","RA021202",48.732,-3.968,,"Astan","20021202",,,"RA021202",,5,1,1,160572,,,"ABUNDNR","nrcells/l",,,,,,,"CEMP~NATL","T~S","2002","PP","ERID",,,,3034.18803418803
"BAMN","AA31","2003","RA030423",48.732,-3.968,,"Astan","20030423",,,"RA030423",,5,1,1,17639,,,"ABUNDNR","nrcells/l",,,,,,,"CEMP~NATL","T~S","2003","PP","ERID",,,,162.878787878788
"BAMN","AA31","2003","RA030423",48.732,-3.968,,"Astan","20030423",,,"RA030423",,5,1,1,160572,,,"ABUNDNR","nrcells/l",,,,,,,"CEMP~NATL","T~S","2003","PP","ERID",,,,4992.42424242424
"BAMN","AA31","2003","RA030505",48.732,-3.968,,"Astan","20030505",,,"RA030505",,5,1,1,17639,,,"ABUNDNR","nrcells/l",,,,,,,"CEMP~NATL","T~S","2003","PP","ERID",,,,109.848484848485
"BAMN","AA31","2003","RA030505",48.732,-3.968,,"Astan","20030505",,,"RA030505",,5,1,1,160572,,,"ABUNDNR","nrcells/l",,,,,,,"CEMP~NATL","T~S","2003","PP","ERID",,,,1537.87878787879
"BAMN","AA31","2003","RA030521",48.732,-3.968,,"Astan","20030521",,,"RA030521",,5,1,1,17639,,,"ABUNDNR","nrcells/l",,,,,,,"CEMP~NATL","T~S","2003","PP","ERID",,,,60.6060606060606
"BAMN","AA31","2003","RA030521",48.732,-3.968,,"Astan","20030521",,,"RA030521",,5,1,1,160572,,,"ABUNDNR","nrcells/l",,,,,,,"CEMP~NATL","T~S","2003","PP","ERID",,,,435.606060606061
"BAMN","AA31","2003","RA030610",48.732,-3.968,,"Astan","20030610",,,"RA030610",,5,1,1,17639,,,"ABUNDNR","nrcells/l",,,,,,,"CEMP~NATL","T~S","2003","PP","ERID",,,,196.969696969697
"BAMN","AA31","2003","RA030610",48.732,-3.968,,"Astan","20030610",,,"RA030610",,5,1,1,160572,,,"ABUNDNR","nrcells/l",,,,,,,"CEMP~NATL","T~S","2003","PP","ERID",,,,958.333333333333
"BAMN","AA31","2003","RA030623",48.732,-3.968,,"Astan","20030623",,,"RA030623",,5,1,1,17639,,,"ABUNDNR","nrcells/l",,,,,,,"CEMP~NATL","T~S","2003","PP","ERID",,,,41.6666666666667
"BAMN","AA31","2003","RA030623",48.732,-3.968,,"Astan","20030623",,,"RA030623",,5,1,1,160572,,,"ABUNDNR","nrcells/l",,,,,,,"CEMP~NATL","T~S","2003","PP","ERID",,,,1386.36363636364
"BAMN","AA31","2003","RA030708",48.732,-3.968,,"Astan","20030708",,,"RA030708",,5,1,1,17639,,,"ABUNDNR","nrcells/l",,,,,,,"CEMP~NATL","T~S","2003","PP","ERID",,,,7.57575757575758
"BAMN","AA31","2003","RA030708",48.732,-3.968,,"Astan","20030708",,,"RA030708",,5,1,1,160572,,,"ABUNDNR","nrcells/l",,,,,,,"CEMP~NATL","T~S","2003","PP","ERID",,,,257.575757575758
"BAMN","AA31","2003","RA030723",48.732,-3.968,,"Astan","20030723",,,"RA030723",,5,1,1,17639,,,"ABUNDNR","nrcells/l",,,,,,,"CEMP~NATL","T~S","2003","PP","ERID",,,,71.969696969697
"BAMN","AA31","2003","RA030723",48.732,-3.968,,"Astan","20030723",,,"RA030723",,5,1,1,160572,,,"ABUNDNR","nrcells/l",,,,,,,"CEMP~NATL","T~S","2003","PP","ERID",,,,462.121212121212
"BAMN","AA31","2003","RA030807",48.732,-3.968,,"Astan","20030807",,,"RA030807",,5,1,1,17639,,,"ABUNDNR","nrcells/l",,,,,,,"CEMP~NATL","T~S","2003","PP","ERID",,,,136.363636363636
"BAMN","AA31","2003","RA030807",48.732,-3.968,,"Astan","20030807",,,"RA030807",,5,1,1,160572,,,"ABUNDNR","nrcells/l",,,,,,,"CEMP~NATL","T~S","2003","PP","ERID",,,,2893.93939393939
"BAMN","AA31","2003","RA030821",48.732,-3.968,,"Astan","20030821",,,"RA030821",,5,1,1,17639,,,"ABUNDNR","nrcells/l",,,,,,,"CEMP~NATL","T~S","2003","PP","ERID",,,,181.818181818182
"BAMN","AA31","2003","RA030821",48.732,-3.968,,"Astan","20030821",,,"RA030821",,5,1,1,160572,,,"ABUNDNR","nrcells/l",,,,,,,"CEMP~NATL","T~S","2003","PP","ERID",,,,5852.27272727273
"BAMN","AA31","2003","RA030904",48.732,-3.968,,"Astan","20030904",,,"RA030904",,5,1,1,17639,,,"ABUNDNR","nrcells/l",,,,,,,"CEMP~NATL","T~S","2003","PP","ERID",,,,121.212121212121
"BAMN","AA31","2003","RA030904",48.732,-3.968,,"Astan","20030904",,,"RA030904",,5,1,1,160572,,,"ABUNDNR","nrcells/l",,,,,,,"CEMP~NATL","T~S","2003","PP","ERID",,,,8397.72727272727
"BAMN","AA31","2003","RA030918",48.732,-3.968,,"Astan","20030918",,,"RA030918",,5,1,1,17639,,,"ABUNDNR","nrcells/l",,,,,,,"CEMP~NATL","T~S","2003","PP","ERID",,,,174.242424242424
"BAMN","AA31","2003","RA030918",48.732,-3.968,,"Astan","20030918",,,"RA030918",,5,1,1,160572,,,"ABUNDNR","nrcells/l",,,,,,,"CEMP~NATL","T~S","2003","PP","ERID",,,,4367.42424242424
"BAMN","AA31","2003","RA031002",48.732,-3.968,,"Astan","20031002",,,"RA031002",,5,1,1,17639,,,"ABUNDNR","nrcells/l",,,,,,,"CEMP~NATL","T~S","2003","PP","ERID",,,,45.4545454545455
"BAMN","AA31","2003","RA031002",48.732,-3.968,,"Astan","20031002",,,"RA031002",,5,1,1,160572,,,"ABUNDNR","nrcells/l",,,,,,,"CEMP~NATL","T~S","2003","PP","ERID",,,,4606.06060606061
"BAMN","AA31","2003","RA031021",48.732,-3.968,,"Astan","20031021",,,"RA031021",,5,1,1,17639,,,"ABUNDNR","nrcells/l",,,,,,,"CEMP~NATL","T~S","2003","PP","ERID",,,,3.78787878787879
"BAMN","AA31","2003","RA031021",48.732,-3.968,,"Astan","20031021",,,"RA031021",,5,1,1,160572,,,"ABUNDNR","nrcells/l",,,,,,,"CEMP~NATL","T~S","2003","PP","ERID",,,,5598.48484848485
"BAMN","AA31","2003","RA031104",48.732,-3.968,,"Astan","20031104",,,"RA031104",,5,1,1,17639,,,"ABUNDNR","nrcells/l",,,,,,,"CEMP~NATL","T~S","2003","PP","ERID",,,,105.691056910569
"BAMN","AA31","2003","RA031104",48.732,-3.968,,"Astan","20031104",,,"RA031104",,5,1,1,160572,,,"ABUNDNR","nrcells/l",,,,,,,"CEMP~NATL","T~S","2003","PP","ERID",,,,4040.65040650406
"BAMN","AA31","2003","RA031117",48.732,-3.968,,"Astan","20031113",,,"RA031117",,5,1,1,17639,,,"ABUNDNR","nrcells/l",,,,,,,"CEMP~NATL","T~S","2003","PP","ERID",,,,89.4308943089431
"BAMN","AA31","2003","RA031117",48.732,-3.968,,"Astan","20031113",,,"RA031117",,5,1,1,160572,,,"ABUNDNR","nrcells/l",,,,,,,"CEMP~NATL","T~S","2003","PP","ERID",,,,3967.47967479675
"BAMN","AA31","2003","RA031202",48.732,-3.968,,"Astan","20031202",,,"RA031202",,5,1,1,17639,,,"ABUNDNR","nrcells/l",,,,,,,"CEMP~NATL","T~S","2003","PP","ERID",,,,65.0406504065041
"BAMN","AA31","2003","RA031202",48.732,-3.968,,"Astan","20031202",,,"RA031202",,5,1,1,160572,,,"ABUNDNR","nrcells/l",,,,,,,"CEMP~NATL","T~S","2003","PP","ERID",,,,2471.54471544715
"BAMN","AA31","2003","RA031217",48.732,-3.968,,"Astan","20031217",,,"RA031217",,5,1,1,17639,,,"ABUNDNR","nrcells/l",,,,,,,"CEMP~NATL","T~S","2003","PP","ERID",,,,44.7154471544715
"BAMN","AA31","2003","RA031217",48.732,-3.968,,"Astan","20031217",,,"RA031217",,5,1,1,160572,,,"ABUNDNR","nrcells/l",,,,,,,"CEMP~NATL","T~S","2003","PP","ERID",,,,2520.32520325203
"BAMN","AA31","2004","RA040105",48.732,-3.968,,"Astan","20040105",,,"RA040105",,5,1,1,17639,,,"ABUNDNR","nrcells/l",,,,,,,"CEMP~NATL","T~S","2004","PP","ERID",,,,32.520325203252
"BAMN","AA31","2004","RA040105",48.732,-3.968,,"Astan","20040105",,,"RA040105",,5,1,1,160572,,,"ABUNDNR","nrcells/l",,,,,,,"CEMP~NATL","T~S","2004","PP","ERID",,,,2772.35772357724
"BAMN","AA31","2004","RA040127",48.732,-3.968,,"Astan","20040127",,,"RA040127",,5,1,1,17639,,,"ABUNDNR","nrcells/l",,,,,,,"CEMP~NATL","T~S","2004","PP","ERID",,,,48.780487804878
"BAMN","AA31","2004","RA040127",48.732,-3.968,,"Astan","20040127",,,"RA040127",,5,1,1,160572,,,"ABUNDNR","nrcells/l",,,,,,,"CEMP~NATL","T~S","2004","PP","ERID",,,,2691.05691056911
"BAMN","AA31","2004","RA040312",48.732,-3.968,,"Astan","20040312",,,"RA040312",,5,1,1,17639,,,"ABUNDNR","nrcells/l",,,,,,,"CEMP~NATL","T~S","2004","PP","ERID",,,,36.5853658536585
"BAMN","AA31","2004","RA040312",48.732,-3.968,,"Astan","20040312",,,"RA040312",,5,1,1,160572,,,"ABUNDNR","nrcells/l",,,,,,,"CEMP~NATL","T~S","2004","PP","ERID",,,,5825.20325203252
"BAMN","AA31","2004","RA040414",48.732,-3.968,,"Astan","20040414",,,"RA040414",,5,1,1,17639,,,"ABUNDNR","nrcells/l",,,,,,,"CEMP~NATL","T~S","2004","PP","ERID",,,,101.626016260163
"BAMN","AA31","2004","RA040414",48.732,-3.968,,"Astan","20040414",,,"RA040414",,5,1,1,160572,,,"ABUNDNR","nrcells/l",,,,,,,"CEMP~NATL","T~S","2004","PP","ERID",,,,1373.9837398374
"BAMN","AA31","2004","RA040512",48.732,-3.968,,"Astan","20040512",,,"RA040512",,5,1,1,17639,,,"ABUNDNR","nrcells/l",,,,,,,"CEMP~NATL","T~S","2004","PP","ERID",,,,191.056910569106
"BAMN","AA31","2004","RA040512",48.732,-3.968,,"Astan","20040512",,,"RA040512",,5,1,1,160572,,,"ABUNDNR","nrcells/l",,,,,,,"CEMP~NATL","T~S","2004","PP","ERID",,,,1113.82113821138
"BAMN","AA31","2004","RA04330",48.732,-3.968,,"Astan","20040330",,,"RA04330",,5,1,1,17639,,,"ABUNDNR","nrcells/l",,,,,,,"CEMP~NATL","T~S","2004","PP","ERID",,,,60.9756097560976
"BAMN","AA31","2004","RA04330",48.732,-3.968,,"Astan","20040330",,,"RA04330",,5,1,1,160572,,,"ABUNDNR","nrcells/l",,,,,,,"CEMP~NATL","T~S","2004","PP","ERID",,,,3130.08130081301
"BAMN","AA31","2005","RA050105",48.732,-3.968,,"Astan","20050105",,,"RA050105",,5,1,1,160572,,,"ABUNDNR","nrcells/l",,,,,,,"CEMP~NATL","T~S","2005","PP","ERID",,,,2024.69135802469
"BAMN","AA31","2005","RA050203",48.732,-3.968,,"Astan","20050203",,,"RA050203",,5,1,1,160572,,,"ABUNDNR","nrcells/l",,,,,,,"CEMP~NATL","T~S","2005","PP","ERID",,,,2543.20987654321
"BAMN","AA31","2005","RA050217",48.732,-3.968,,"Astan","20050217",,,"RA050217",,5,1,1,160572,,,"ABUNDNR","nrcells/l",,,,,,,"CEMP~NATL","T~S","2005","PP","ERID",,,,3897.11934156379
"BAMN","AA31","2005","RA050302",48.732,-3.968,,"Astan","20050302",,,"RA050302",,5,1,1,160572,,,"ABUNDNR","nrcells/l",,,,,,,"CEMP~NATL","T~S","2005","PP","ERID",,,,5123.45679012346
"BAMN","AA31","2005","RA050318",48.732,-3.968,,"Astan","20050318",,,"RA050318",,5,1,1,160572,,,"ABUNDNR","nrcells/l",,,,,,,"CEMP~NATL","T~S","2005","PP","ERID",,,,3666.66666666667
"BAMN","AA31","2005","RA050404",48.732,-3.968,,"Astan","20050404",,,"RA050404",,5,1,1,160572,,,"ABUNDNR","nrcells/l",,,,,,,"CEMP~NATL","T~S","2005","PP","ERID",,,,2893.00411522634
"BAMN","AA31","2005","RA050418",48.732,-3.968,,"Astan","20050418",,,"RA050418",,5,1,1,160572,,,"ABUNDNR","nrcells/l",,,,,,,"CEMP~NATL","T~S","2005","PP","ERID",,,,893.004115226337
"BAMN","AA31","2005","RA050502",48.732,-3.968,,"Astan","20050502",,,"RA050502",,5,1,1,160572,,,"ABUNDNR","nrcells/l",,,,,,,"CEMP~NATL","T~S","2005","PP","ERID",,,,386.831275720165
"BAMN","AA31","2005","RA050517",48.732,-3.968,,"Astan","20050517",,,"RA050517",,5,1,1,160572,,,"ABUNDNR","nrcells/l",,,,,,,"CEMP~NATL","T~S","2005","PP","ERID",,,,1057.61316872428
"BAMN","AA31","2005","RA050530",48.732,-3.968,,"Astan","20050530",,,"RA050530",,5,1,1,160572,,,"ABUNDNR","nrcells/l",,,,,,,"CEMP~NATL","T~S","2005","PP","ERID",,,,921.810699588477
"BAMN","AA31","2005","RA050630",48.732,-3.968,,"Astan","20050630",,,"RA050630",,5,1,1,160572,,,"ABUNDNR","nrcells/l",,,,,,,"CEMP~NATL","T~S","2005","PP","ERID",,,,2839.50617283951
"BAMN","AA31","2005","RA050718",48.732,-3.968,,"Astan","20050718",,,"RA050718",,5,1,1,160572,,,"ABUNDNR","nrcells/l",,,,,,,"CEMP~NATL","T~S","2005","PP","ERID",,,,16683.1275720165
"BAMN","AA31","2005","RA050729",48.732,-3.968,,"Astan","20050729",,,"RA050729",,5,1,1,160572,,,"ABUNDNR","nrcells/l",,,,,,,"CEMP~NATL","T~S","2005","PP","ERID",,,,1794.23868312757
"BAMN","AA31","2005","RA050829",48.732,-3.968,,"Astan","20050829",,,"RA050829",,5,1,1,160572,,,"ABUNDNR","nrcells/l",,,,,,,"CEMP~NATL","T~S","2005","PP","ERID",,,,7139.91769547325
"BAMN","AA31","2005","RA050913",48.732,-3.968,,"Astan","20050913",,,"RA050913",,5,1,1,160572,,,"ABUNDNR","nrcells/l",,,,,,,"CEMP~NATL","T~S","2005","PP","ERID",,,,3518.51851851852
"BAMN","AA31","2005","RA050926",48.732,-3.968,,"Astan","20050926",,,"RA050926",,5,1,1,160572,,,"ABUNDNR","nrcells/l",,,,,,,"CEMP~NATL","T~S","2005","PP","ERID",,,,4226.33744855967
"BAMN","AA31","2005","RA051011",48.732,-3.968,,"Astan","20051011",,,"RA051011",,5,1,1,160572,,,"ABUNDNR","nrcells/l",,,,,,,"CEMP~NATL","T~S","2005","PP","ERID",,,,4242.79835390946
"BAMN","AA31","2005","RA051025",48.732,-3.968,,"Astan","20051025",,,"RA051025",,5,1,1,160572,,,"ABUNDNR","nrcells/l",,,,,,,"CEMP~NATL","T~S","2005","PP","ERID",,,,5386.83127572016
"BAMN","AA31","2005","RA051105",48.732,-3.968,,"Astan","20051105",,,"RA051105",,5,1,1,160572,,,"ABUNDNR","nrcells/l",,,,,,,"CEMP~NATL","T~S","2005","PP","ERID",,,,4028.80658436214
"BAMN","AA31","2005","RA051128",48.732,-3.968,,"Astan","20051128",,,"RA051128",,5,1,1,160572,,,"ABUNDNR","nrcells/l",,,,,,,"CEMP~NATL","T~S","2005","PP","ERID",,,,5234.56790123457
"BAMN","AA31","2005","RA051209",48.732,-3.968,,"Astan","20051209",,,"RA051209",,5,1,1,160572,,,"ABUNDNR","nrcells/l",,,,,,,"CEMP~NATL","T~S","2005","PP","ERID",,,,2794.23868312757
"BAMN","AA31","2005","RA051222",48.732,-3.968,,"Astan","20051222",,,"RA051222",,5,1,1,160572,,,"ABUNDNR","nrcells/l",,,,,,,"CEMP~NATL","T~S","2005","PP","ERID",,,,2111.11111111111
"BAMN","AA31","2006","RA060206",48.732,-3.968,,"Astan","20060206",,,"RA060206",,5,1,1,17639,,,"ABUNDNR","nrcells/l",,,,,,,"CEMP~NATL","T~S","2006","PP","ERID",,,,64.3939393939394
"BAMN","AA31","2006","RA060206",48.732,-3.968,,"Astan","20060206",,,"RA060206",,5,1,1,160572,,,"ABUNDNR","nrcells/l",,,,,,,"CEMP~NATL","T~S","2006","PP","ERID",,,,2530.30303030303
"BAMN","AA31","2006","RA060223",48.732,-3.968,,"Astan","20060223",,,"RA060223",,5,1,1,17639,,,"ABUNDNR","nrcells/l",,,,,,,"CEMP~NATL","T~S","2006","PP","ERID",,,,71.969696969697
"BAMN","AA31","2006","RA060223",48.732,-3.968,,"Astan","20060223",,,"RA060223",,5,1,1,160572,,,"ABUNDNR","nrcells/l",,,,,,,"CEMP~NATL","T~S","2006","PP","ERID",,,,2806.81818181818
"BAMN","AA31","2006","RA060308",48.732,-3.968,,"Astan","20060308",,,"RA060308",,5,1,1,17639,,,"ABUNDNR","nrcells/l",,,,,,,"CEMP~NATL","T~S","2006","PP","ERID",,,,98.4848484848485
"BAMN","AA31","2006","RA060308",48.732,-3.968,,"Astan","20060308",,,"RA060308",,5,1,1,160572,,,"ABUNDNR","nrcells/l",,,,,,,"CEMP~NATL","T~S","2006","PP","ERID",,,,2981.06060606061
"BAMN","AA31","2006","RA060323",48.732,-3.968,,"Astan","20060323",,,"RA060323",,5,1,1,17639,,,"ABUNDNR","nrcells/l",,,,,,,"CEMP~NATL","T~S","2006","PP","ERID",,,,109.848484848485
"BAMN","AA31","2006","RA060323",48.732,-3.968,,"Astan","20060323",,,"RA060323",,5,1,1,160572,,,"ABUNDNR","nrcells/l",,,,,,,"CEMP~NATL","T~S","2006","PP","ERID",,,,4723.48484848485
"BAMN","AA31","2006","RA060406",48.732,-3.968,,"Astan","20060406",,,"RA060406",,5,1,1,17639,,,"ABUNDNR","nrcells/l",,,,,,,"CEMP~NATL","T~S","2006","PP","ERID",,,,79.5454545454545
"BAMN","AA31","2006","RA060406",48.732,-3.968,,"Astan","20060406",,,"RA060406",,5,1,1,160572,,,"ABUNDNR","nrcells/l",,,,,,,"CEMP~NATL","T~S","2006","PP","ERID",,,,5265.15151515152
"BAMN","AA31","2006","RA060420",48.732,-3.968,,"Astan","20060420",,,"RA060420",,5,1,1,17639,,,"ABUNDNR","nrcells/l",,,,,,,"CEMP~NATL","T~S","2006","PP","ERID",,,,174.242424242424
"BAMN","AA31","2006","RA060420",48.732,-3.968,,"Astan","20060420",,,"RA060420",,5,1,1,160572,,,"ABUNDNR","nrcells/l",,,,,,,"CEMP~NATL","T~S","2006","PP","ERID",,,,6265.15151515152
"BAMN","AA31","2006","RA060505",48.732,-3.968,,"Astan","20060505",,,"RA060505",,5,1,1,17639,,,"ABUNDNR","nrcells/l",,,,,,,"CEMP~NATL","T~S","2006","PP","ERID",,,,87.1212121212121
"BAMN","AA31","2006","RA060505",48.732,-3.968,,"Astan","20060505",,,"RA060505",,5,1,1,160572,,,"ABUNDNR","nrcells/l",,,,,,,"CEMP~NATL","T~S","2006","PP","ERID",,,,981.060606060606
"BAMN","AA31","2006","RA060517",48.732,-3.968,,"Astan","20060517",,,"RA060517",,5,1,1,17639,,,"ABUNDNR","nrcells/l",,,,,,,"CEMP~NATL","T~S","2006","PP","ERID",,,,83.3333333333333
"BAMN","AA31","2006","RA060517",48.732,-3.968,,"Astan","20060517",,,"RA060517",,5,1,1,160572,,,"ABUNDNR","nrcells/l",,,,,,,"CEMP~NATL","T~S","2006","PP","ERID",,,,768.939393939394
"BAMN","AA31","2006","RA060607",48.732,-3.968,,"Astan","20060607",,,"RA060607",,5,1,1,17639,,,"ABUNDNR","nrcells/l",,,,,,,"CEMP~NATL","T~S","2006","PP","ERID",,,,90.9090909090909
"BAMN","AA31","2006","RA060607",48.732,-3.968,,"Astan","20060607",,,"RA060607",,5,1,1,160572,,,"ABUNDNR","nrcells/l",,,,,,,"CEMP~NATL","T~S","2006","PP","ERID",,,,1484.84848484848
"BAMN","AA31","2006","RA060620",48.732,-3.968,,"Astan","20060620",,,"RA060620",,5,1,1,17639,,,"ABUNDNR","nrcells/l",,,,,,,"CEMP~NATL","T~S","2006","PP","ERID",,,,109.848484848485
"BAMN","AA31","2006","RA060620",48.732,-3.968,,"Astan","20060620",,,"RA060620",,5,1,1,160572,,,"ABUNDNR","nrcells/l",,,,,,,"CEMP~NATL","T~S","2006","PP","ERID",,,,965.909090909091
"BAMN","AA31","2006","RA060706",48.732,-3.968,,"Astan","20060706",,,"RA060706",,5,1,1,17639,,,"ABUNDNR","nrcells/l",,,,,,,"CEMP~NATL","T~S","2006","PP","ERID",,,,844.69696969697
"BAMN","AA31","2006","RA060706",48.732,-3.968,,"Astan","20060706",,,"RA060706",,5,1,1,160572,,,"ABUNDNR","nrcells/l",,,,,,,"CEMP~NATL","T~S","2006","PP","ERID",,,,1083.33333333333
"BAMN","AA31","2006","RA060803",48.732,-3.968,,"Astan","20060803",,,"RA060803",,5,1,1,17639,,,"ABUNDNR","nrcells/l",,,,,,,"CEMP~NATL","T~S","2006","PP","ERID",,,,57.4712643678161
"BAMN","AA31","2006","RA060803",48.732,-3.968,,"Astan","20060803",,,"RA060803",,5,1,1,160572,,,"ABUNDNR","nrcells/l",,,,,,,"CEMP~NATL","T~S","2006","PP","ERID",,,,2187.73946360153
"BAMN","AA31","2006","RA060817",48.732,-3.968,,"Astan","20060817",,,"RA060817",,5,1,1,17639,,,"ABUNDNR","nrcells/l",,,,,,,"CEMP~NATL","T~S","2006","PP","ERID",,,,99.6168582375479
"BAMN","AA31","2006","RA060817",48.732,-3.968,,"Astan","20060817",,,"RA060817",,5,1,1,160572,,,"ABUNDNR","nrcells/l",,,,,,,"CEMP~NATL","T~S","2006","PP","ERID",,,,2785.44061302682
"BAMN","AA31","2006","RA060901",48.732,-3.968,,"Astan","20060901",,,"RA060901",,5,1,1,17639,,,"ABUNDNR","nrcells/l",,,,,,,"CEMP~NATL","T~S","2006","PP","ERID",,,,99.6168582375479
"BAMN","AA31","2006","RA060901",48.732,-3.968,,"Astan","20060901",,,"RA060901",,5,1,1,160572,,,"ABUNDNR","nrcells/l",,,,,,,"CEMP~NATL","T~S","2006","PP","ERID",,,,2245.21072796935
"BAMN","AA31","2006","RA060915",48.732,-3.968,,"Astan","20060915",,,"RA060915",,5,1,1,17639,,,"ABUNDNR","nrcells/l",,,,,,,"CEMP~NATL","T~S","2006","PP","ERID",,,,153.256704980843
"BAMN","AA31","2006","RA060915",48.732,-3.968,,"Astan","20060915",,,"RA060915",,5,1,1,160572,,,"ABUNDNR","nrcells/l",,,,,,,"CEMP~NATL","T~S","2006","PP","ERID",,,,3157.08812260536
"BAMN","AA31","2006","RA061002",48.732,-3.968,,"Astan","20061002",,,"RA061002",,5,1,1,17639,,,"ABUNDNR","nrcells/l",,,,,,,"CEMP~NATL","T~S","2006","PP","ERID",,,,157.088122605364
"BAMN","AA31","2006","RA061002",48.732,-3.968,,"Astan","20061002",,,"RA061002",,5,1,1,160572,,,"ABUNDNR","nrcells/l",,,,,,,"CEMP~NATL","T~S","2006","PP","ERID",,,,5019.15708812261
"BAMN","AA31","2006","RA061016",48.732,-3.968,,"Astan","20061016",,,"RA061016",,5,1,1,17639,,,"ABUNDNR","nrcells/l",,,,,,,"CEMP~NATL","T~S","2006","PP","ERID",,,,38.3141762452107
"BAMN","AA31","2006","RA061016",48.732,-3.968,,"Astan","20061016",,,"RA061016",,5,1,1,160572,,,"ABUNDNR","nrcells/l",,,,,,,"CEMP~NATL","T~S","2006","PP","ERID",,,,4068.96551724138
"BAMN","AA31","2006","RA061031",48.732,-3.968,,"Astan","20061031",,,"RA061031",,5,1,1,17639,,,"ABUNDNR","nrcells/l",,,,,,,"CEMP~NATL","T~S","2006","PP","ERID",,,,218.390804597701
"BAMN","AA31","2006","RA061031",48.732,-3.968,,"Astan","20061031",,,"RA061031",,5,1,1,160572,,,"ABUNDNR","nrcells/l",,,,,,,"CEMP~NATL","T~S","2006","PP","ERID",,,,7413.79310344828
"BAMN","AA31","2006","RA061113",48.732,-3.968,,"Astan","20061113",,,"RA061113",,5,1,1,17639,,,"ABUNDNR","nrcells/l",,,,,,,"CEMP~NATL","T~S","2006","PP","ERID",,,,172.413793103448
"BAMN","AA31","2006","RA061113",48.732,-3.968,,"Astan","20061113",,,"RA061113",,5,1,1,160572,,,"ABUNDNR","nrcells/l",,,,,,,"CEMP~NATL","T~S","2006","PP","ERID",,,,5927.2030651341
"BAMN","AA31","2006","RA061128",48.732,-3.968,,"Astan","20061128",,,"RA061128",,5,1,1,17639,,,"ABUNDNR","nrcells/l",,,,,,,"CEMP~NATL","T~S","2006","PP","ERID",,,,53.639846743295
"BAMN","AA31","2006","RA061128",48.732,-3.968,,"Astan","20061128",,,"RA061128",,5,1,1,160572,,,"ABUNDNR","nrcells/l",,,,,,,"CEMP~NATL","T~S","2006","PP","ERID",,,,3532.56704980843
"BAMN","AA31","2006","RA061213",48.732,-3.968,,"Astan","20061213",,,"RA061213",,5,1,1,17639,,,"ABUNDNR","nrcells/l",,,,,,,"CEMP~NATL","T~S","2006","PP","ERID",,,,61.3026819923372
"BAMN","AA31","2006","RA061213",48.732,-3.968,,"Astan","20061213",,,"RA061213",,5,1,1,160572,,,"ABUNDNR","nrcells/l",,,,,,,"CEMP~NATL","T~S","2006","PP","ERID",,,,1800.7662835249
"BAMN","AA31","2007","RA070112",48.732,-3.968,,"Astan","20070112",,,"RA070112",,5,1,1,17639,,,"ABUNDNR","nrcells/l",,,,,,,"CEMP~NATL","T~S","2007","PP","ERID",,,,144.578313253012
"BAMN","AA31","2007","RA070112",48.732,-3.968,,"Astan","20070112",,,"RA070112",,5,1,1,160572,,,"ABUNDNR","nrcells/l",,,,,,,"CEMP~NATL","T~S","2007","PP","ERID",,,,1702.81124497992
"BAMN","AA31","2007","RA070129",48.732,-3.968,,"Astan","20070129",,,"RA070129",,5,1,1,17639,,,"ABUNDNR","nrcells/l",,,,,,,"CEMP~NATL","T~S","2007","PP","ERID",,,,96.3855421686747
"BAMN","AA31","2007","RA070129",48.732,-3.968,,"Astan","20070129",,,"RA070129",,5,1,1,160572,,,"ABUNDNR","nrcells/l",,,,,,,"CEMP~NATL","T~S","2007","PP","ERID",,,,1542.1686746988
"BAMN","AA31","2007","RA070213",48.732,-3.968,,"Astan","20070213",,,"RA070213",,5,1,1,17639,,,"ABUNDNR","nrcells/l",,,,,,,"CEMP~NATL","T~S","2007","PP","ERID",,,,60.2409638554217
"BAMN","AA31","2007","RA070213",48.732,-3.968,,"Astan","20070213",,,"RA070213",,5,1,1,160572,,,"ABUNDNR","nrcells/l",,,,,,,"CEMP~NATL","T~S","2007","PP","ERID",,,,1674.69879518072
"BAMN","AA31","2007","RA070226",48.732,-3.968,,"Astan","20070226",,,"RA070226",,5,1,1,17639,,,"ABUNDNR","nrcells/l",,,,,,,"CEMP~NATL","T~S","2007","PP","ERID",,,,112.449799196787
"BAMN","AA31","2007","RA070226",48.732,-3.968,,"Astan","20070226",,,"RA070226",,5,1,1,160572,,,"ABUNDNR","nrcells/l",,,,,,,"CEMP~NATL","T~S","2007","PP","ERID",,,,2779.11646586345
"BAMN","AA31","2007","RA070313",48.732,-3.968,,"Astan","20070313",,,"RA070313",,5,1,1,17639,,,"ABUNDNR","nrcells/l",,,,,,,"CEMP~NATL","T~S","2007","PP","ERID",,,,100.401606425703
"BAMN","AA31","2007","RA070313",48.732,-3.968,,"Astan","20070313",,,"RA070313",,5,1,1,160572,,,"ABUNDNR","nrcells/l",,,,,,,"CEMP~NATL","T~S","2007","PP","ERID",,,,3791.16465863454
"BAMN","AA31","2007","RA070327",48.732,-3.968,,"Astan","20070327",,,"RA070327",,5,1,1,17639,,,"ABUNDNR","nrcells/l",,,,,,,"CEMP~NATL","T~S","2007","PP","ERID",,,,104.417670682731
"BAMN","AA31","2007","RA070327",48.732,-3.968,,"Astan","20070327",,,"RA070327",,5,1,1,160572,,,"ABUNDNR","nrcells/l",,,,,,,"CEMP~NATL","T~S","2007","PP","ERID",,,,3746.98795180723
"BAMN","AA31","2007","RA070411",48.732,-3.968,,"Astan","20070411",,,"RA070411",,5,1,1,17639,,,"ABUNDNR","nrcells/l",,,,,,,"CEMP~NATL","T~S","2007","PP","ERID",,,,156.626506024096
"BAMN","AA31","2007","RA070411",48.732,-3.968,,"Astan","20070411",,,"RA070411",,5,1,1,160572,,,"ABUNDNR","nrcells/l",,,,,,,"CEMP~NATL","T~S","2007","PP","ERID",,,,4473.89558232932
"BAMN","AA31","2007","RA070425",48.732,-3.968,,"Astan","20070425",,,"RA070425",,5,1,1,17639,,,"ABUNDNR","nrcells/l",,,,,,,"CEMP~NATL","T~S","2007","PP","ERID",,,,24.0963855421687
"BAMN","AA31","2007","RA070425",48.732,-3.968,,"Astan","20070425",,,"RA070425",,5,1,1,160572,,,"ABUNDNR","nrcells/l",,,,,,,"CEMP~NATL","T~S","2007","PP","ERID",,,,1815.26104417671
"BAMN","AA31","2007","RA070510",48.732,-3.968,,"Astan","20070510",,,"RA070510",,5,1,1,17639,,,"ABUNDNR","nrcells/l",,,,,,,"CEMP~NATL","T~S","2007","PP","ERID",,,,284
"BAMN","AA31","2007","RA070510",48.732,-3.968,,"Astan","20070510",,,"RA070510",,5,1,1,160572,,,"ABUNDNR","nrcells/l",,,,,,,"CEMP~NATL","T~S","2007","PP","ERID",,,,4446.8085106383
"BAMN","AA31","2007","RA070524",48.732,-3.968,,"Astan","20070524",,,"RA070524",,5,1,1,17639,,,"ABUNDNR","nrcells/l",,,,,,,"CEMP~NATL","T~S","2007","PP","ERID",,,,205.673758865248
"BAMN","AA31","2007","RA070524",48.732,-3.968,,"Astan","20070524",,,"RA070524",,5,1,1,160572,,,"ABUNDNR","nrcells/l",,,,,,,"CEMP~NATL","T~S","2007","PP","ERID",,,,10304.9645390071
"BAMN","AA31","2007","RA070607",48.732,-3.968,,"Astan","20070607",,,"RA070607",,5,1,1,17639,,,"ABUNDNR","nrcells/l",,,,,,,"CEMP~NATL","T~S","2007","PP","ERID",,,,205.673758865248
"BAMN","AA31","2007","RA070607",48.732,-3.968,,"Astan","20070607",,,"RA070607",,5,1,1,160572,,,"ABUNDNR","nrcells/l",,,,,,,"CEMP~NATL","T~S","2007","PP","ERID",,,,4397.16312056738
"BAMN","AA31","2007","RA070625",48.732,-3.968,,"Astan","20070625",,,"RA070625",,5,1,1,17639,,,"ABUNDNR","nrcells/l",,,,,,,"CEMP~NATL","T~S","2007","PP","ERID",,,,262.411347517731
"BAMN","AA31","2007","RA070625",48.732,-3.968,,"Astan","20070625",,,"RA070625",,5,1,1,160572,,,"ABUNDNR","nrcells/l",,,,,,,"CEMP~NATL","T~S","2007","PP","ERID",,,,4418.43971631206
"BAMN","AA31","2007","RA070710",48.732,-3.968,,"Astan","20070710",,,"RA070710",,5,1,1,17639,,,"ABUNDNR","nrcells/l",,,,,,,"CEMP~NATL","T~S","2007","PP","ERID",,,,468.085106382979
"BAMN","AA31","2007","RA070710",48.732,-3.968,,"Astan","20070710",,,"RA070710",,5,1,1,160572,,,"ABUNDNR","nrcells/l",,,,,,,"CEMP~NATL","T~S","2007","PP","ERID",,,,10219.8581560284
"BAMN","AA31","2007","RA070724",48.732,-3.968,,"Astan","20070724",,,"RA070724",,5,1,1,17639,,,"ABUNDNR","nrcells/l",,,,,,,"CEMP~NATL","T~S","2007","PP","ERID",,,,198.581560283688
"BAMN","AA31","2007","RA070724",48.732,-3.968,,"Astan","20070724",,,"RA070724",,5,1,1,160572,,,"ABUNDNR","nrcells/l",,,,,,,"CEMP~NATL","T~S","2007","PP","ERID",,,,8517.7304964539
"BAMN","AA31","2007","RA070808",48.732,-3.968,,"Astan","20070808",,,"RA070808",,5,1,1,17639,,,"ABUNDNR","nrcells/l",,,,,,,"CEMP~NATL","T~S","2007","PP","ERID",,,,276.595744680851
"BAMN","AA31","2007","RA070808",48.732,-3.968,,"Astan","20070808",,,"RA070808",,5,1,1,160572,,,"ABUNDNR","nrcells/l",,,,,,,"CEMP~NATL","T~S","2007","PP","ERID",,,,6737.58865248227
"BAMN","AA31","2007","RA070823",48.732,-3.968,,"Astan","20070823",,,"RA070823",,5,1,1,17639,,,"ABUNDNR","nrcells/l",,,,,,,"CEMP~NATL","T~S","2007","PP","ERID",,,,673.758865248227
"BAMN","AA31","2007","RA070823",48.732,-3.968,,"Astan","20070823",,,"RA070823",,5,1,1,160572,,,"ABUNDNR","nrcells/l",,,,,,,"CEMP~NATL","T~S","2007","PP","ERID",,,,14460.9929078014
"BAMN","AA31","2007","RA070906",48.732,-3.968,,"Astan","20070906",,,"RA070906",,5,1,1,17639,,,"ABUNDNR","nrcells/l",,,,,,,"CEMP~NATL","T~S","2007","PP","ERID",,,,148.936170212766
"BAMN","AA31","2007","RA070906",48.732,-3.968,,"Astan","20070906",,,"RA070906",,5,1,1,160572,,,"ABUNDNR","nrcells/l",,,,,,,"CEMP~NATL","T~S","2007","PP","ERID",,,,3234.04255319149
"BAMN","AA31","2007","RA070920",48.732,-3.968,,"Astan","20070920",,,"RA070920",,5,1,1,17639,,,"ABUNDNR","nrcells/l",,,,,,,"CEMP~NATL","T~S","2007","PP","ERID",,,,304.964539007092
"BAMN","AA31","2007","RA070920",48.732,-3.968,,"Astan","20070920",,,"RA070920",,5,1,1,160572,,,"ABUNDNR","nrcells/l",,,,,,,"CEMP~NATL","T~S","2007","PP","ERID",,,,7184.39716312057
"BAMN","AA31","2007","RA071004",48.732,-3.968,,"Astan","20071004",,,"RA071004",,5,1,1,17639,,,"ABUNDNR","nrcells/l",,,,,,,"CEMP~NATL","T~S","2007","PP","ERID",,,,111.111111111111
"BAMN","AA31","2007","RA071004",48.732,-3.968,,"Astan","20071004",,,"RA071004",,5,1,1,160572,,,"ABUNDNR","nrcells/l",,,,,,,"CEMP~NATL","T~S","2007","PP","ERID",,,,3182.53968253968
"BAMN","AA31","2007","RA071019",48.732,-3.968,,"Astan","20071019",,,"RA071019",,5,1,1,17639,,,"ABUNDNR","nrcells/l",,,,,,,"CEMP~NATL","T~S","2007","PP","ERID",,,,158.730158730159
"BAMN","AA31","2007","RA071019",48.732,-3.968,,"Astan","20071019",,,"RA071019",,5,1,1,160572,,,"ABUNDNR","nrcells/l",,,,,,,"CEMP~NATL","T~S","2007","PP","ERID",,,,4492.06349206349
"BAMN","AA31","2007","RA071105",48.732,-3.968,,"Astan","20071105",,,"RA071105",,5,1,1,17639,,,"ABUNDNR","nrcells/l",,,,,,,"CEMP~NATL","T~S","2007","PP","ERID",,,,47.6190476190476
"BAMN","AA31","2007","RA071105",48.732,-3.968,,"Astan","20071105",,,"RA071105",,5,1,1,160572,,,"ABUNDNR","nrcells/l",,,,,,,"CEMP~NATL","T~S","2007","PP","ERID",,,,4269.84126984127
"BAMN","AA31","2007","RA071119",48.732,-3.968,,"Astan","20071119",,,"RA071119",,5,1,1,17639,,,"ABUNDNR","nrcells/l",,,,,,,"CEMP~NATL","T~S","2007","PP","ERID",,,,150.793650793651
"BAMN","AA31","2007","RA071119",48.732,-3.968,,"Astan","20071119",,,"RA071119",,5,1,1,160572,,,"ABUNDNR","nrcells/l",,,,,,,"CEMP~NATL","T~S","2007","PP","ERID",,,,5619.04761904762
"BAMN","AA31","2007","RA071205",48.732,-3.968,,"Astan","20071205",,,"RA071205",,5,1,1,17639,,,"ABUNDNR","nrcells/l",,,,,,,"CEMP~NATL","T~S","2007","PP","ERID",,,,103.174603174603
"BAMN","AA31","2007","RA071205",48.732,-3.968,,"Astan","20071205",,,"RA071205",,5,1,1,160572,,,"ABUNDNR","nrcells/l",,,,,,,"CEMP~NATL","T~S","2007","PP","ERID",,,,2920.63492063492
"BAMN","AA31","2007","RA071218",48.732,-3.968,,"Astan","20071218",,,"RA071218",,5,1,1,17639,,,"ABUNDNR","nrcells/l",,,,,,,"CEMP~NATL","T~S","2007","PP","ERID",,,,55.5555555555556
"BAMN","AA31","2007","RA071218",48.732,-3.968,,"Astan","20071218",,,"RA071218",,5,1,1,160572,,,"ABUNDNR","nrcells/l",,,,,,,"CEMP~NATL","T~S","2007","PP","ERID",,,,1920.63492063492
"BAMN","AA31","2008","RA080103",48.732,-3.968,,"Astan","20080103",,,"RA080103",,5,1,1,17639,,,"ABUNDNR","nrcells/l",,,,,,,"CEMP~NATL","T~S","2008","PP","ERID",,,,126.984126984127
"BAMN","AA31","2008","RA080103",48.732,-3.968,,"Astan","20080103",,,"RA080103",,5,1,1,160572,,,"ABUNDNR","nrcells/l",,,,,,,"CEMP~NATL","T~S","2008","PP","ERID",,,,1206.34920634921
"BAMN","AA31","2008","RA080116",48.732,-3.968,,"Astan","20080116",,,"RA080116",,5,1,1,17639,,,"ABUNDNR","nrcells/l",,,,,,,"CEMP~NATL","T~S","2008","PP","ERID",,,,63.4920634920635
"BAMN","AA31","2008","RA080116",48.732,-3.968,,"Astan","20080116",,,"RA080116",,5,1,1,160572,,,"ABUNDNR","nrcells/l",,,,,,,"CEMP~NATL","T~S","2008","PP","ERID",,,,793.650793650794
"BAMN","AA31","2008","RA080201",48.732,-3.968,,"Astan","20080201",,,"RA080201",,5,1,1,17639,,,"ABUNDNR","nrcells/l",,,,,,,"CEMP~NATL","T~S","2008","PP","ERID",,,,103.174603174603
"BAMN","AA31","2008","RA080201",48.732,-3.968,,"Astan","20080201",,,"RA080201",,5,1,1,160572,,,"ABUNDNR","nrcells/l",,,,,,,"CEMP~NATL","T~S","2008","PP","ERID",,,,849.206349206349
"BAMN","AA31","2008","RA080215",48.732,-3.968,,"Astan","20080215",,,"RA080215",,5,1,1,17639,,,"ABUNDNR","nrcells/l",,,,,,,"CEMP~NATL","T~S","2008","PP","ERID",,,,134.920634920635
"BAMN","AA31","2008","RA080215",48.732,-3.968,,"Astan","20080215",,,"RA080215",,5,1,1,160572,,,"ABUNDNR","nrcells/l",,,,,,,"CEMP~NATL","T~S","2008","PP","ERID",,,,1341.26984126984
"BAMN","AA31","2008","RA080229",48.732,-3.968,,"Astan","20080229",,,"RA080229",,5,1,1,17639,,,"ABUNDNR","nrcells/l",,,,,,,"CEMP~NATL","T~S","2008","PP","ERID",,,,100
"BAMN","AA31","2008","RA080229",48.732,-3.968,,"Astan","20080229",,,"RA080229",,5,1,1,160572,,,"ABUNDNR","nrcells/l",,,,,,,"CEMP~NATL","T~S","2008","PP","ERID",,,,1580
"BAMN","AA31","2008","RA080317",48.732,-3.968,,"Astan","20080317",,,"RA080317",,5,1,1,17639,,,"ABUNDNR","nrcells/l",,,,,,,"CEMP~NATL","T~S","2008","PP","ERID",,,,146.666666666667
"BAMN","AA31","2008","RA080317",48.732,-3.968,,"Astan","20080317",,,"RA080317",,5,1,1,160572,,,"ABUNDNR","nrcells/l",,,,,,,"CEMP~NATL","T~S","2008","PP","ERID",,,,2720
"BAMN","AA31","2008","RA080401",48.732,-3.968,,"Astan","20080401",,,"RA080401",,5,1,1,17639,,,"ABUNDNR","nrcells/l",,,,,,,"CEMP~NATL","T~S","2008","PP","ERID",,,,166.666666666667
"BAMN","AA31","2008","RA080401",48.732,-3.968,,"Astan","20080401",,,"RA080401",,5,1,1,160572,,,"ABUNDNR","nrcells/l",,,,,,,"CEMP~NATL","T~S","2008","PP","ERID",,,,2980
"BAMN","AA31","2008","RA080414",48.732,-3.968,,"Astan","20080414",,,"RA080414",,5,1,1,17639,,,"ABUNDNR","nrcells/l",,,,,,,"CEMP~NATL","T~S","2008","PP","ERID",,,,166.666666666667
"BAMN","AA31","2008","RA080414",48.732,-3.968,,"Astan","20080414",,,"RA080414",,5,1,1,160572,,,"ABUNDNR","nrcells/l",,,,,,,"CEMP~NATL","T~S","2008","PP","ERID",,,,2906.66666666667
"BAMN","AA31","2008","RA080429",48.732,-3.968,,"Astan","20080429",,,"RA080429",,5,1,1,17639,,,"ABUNDNR","nrcells/l",,,,,,,"CEMP~NATL","T~S","2008","PP","ERID",,,,206.666666666667
"BAMN","AA31","2008","RA080429",48.732,-3.968,,"Astan","20080429",,,"RA080429",,5,1,1,160572,,,"ABUNDNR","nrcells/l",,,,,,,"CEMP~NATL","T~S","2008","PP","ERID",,,,853.333333333333
"BAMN","AA31","2008","RA080513",48.732,-3.968,,"Astan","20080513",,,"RA080513",,5,1,1,17639,,,"ABUNDNR","nrcells/l",,,,,,,"CEMP~NATL","T~S","2008","PP","ERID",,,,120
"BAMN","AA31","2008","RA080513",48.732,-3.968,,"Astan","20080513",,,"RA080513",,5,1,1,160572,,,"ABUNDNR","nrcells/l",,,,,,,"CEMP~NATL","T~S","2008","PP","ERID",,,,253.333333333333
"BAMN","AA31","2008","RA080527",48.732,-3.968,,"Astan","20080527",,,"RA080527",,5,60,60,17639,,,"ABUNDNR","nrcells/l",,,,,,,"CEMP~NATL","T~S","2008","PP","ERID",,,,216.049382716049
"BAMN","AA31","2008","RA080527",48.732,-3.968,,"Astan","20080527",,,"RA080527",,5,60,60,160572,,,"ABUNDNR","nrcells/l",,,,,,,"CEMP~NATL","T~S","2008","PP","ERID",,,,1148.14814814815
"BAMN","AA31","2008","RA080612",48.732,-3.968,,"Astan","20080612",,,"RA080612",,5,1,1,17639,,,"ABUNDNR","nrcells/l",,,,,,,"CEMP~NATL","T~S","2008","PP","ERID",,,,200
"BAMN","AA31","2008","RA080612",48.732,-3.968,,"Astan","20080612",,,"RA080612",,5,1,1,160572,,,"ABUNDNR","nrcells/l",,,,,,,"CEMP~NATL","T~S","2008","PP","ERID",,,,12272.7272727273
"BAMN","AA31","2008","RA080627",48.732,-3.968,,"Astan","20080627",,,"RA080627",,5,1,1,17639,,,"ABUNDNR","nrcells/l",,,,,,,"CEMP~NATL","T~S","2008","PP","ERID",,,,169.69696969697
"BAMN","AA31","2008","RA080627",48.732,-3.968,,"Astan","20080627",,,"RA080627",,5,1,1,160572,,,"ABUNDNR","nrcells/l",,,,,,,"CEMP~NATL","T~S","2008","PP","ERID",,,,10042.4242424242
"BAMN","AA31","2008","RA080711",48.732,-3.968,,"Astan","20080711",,,"RA080711",,5,1,1,17639,,,"ABUNDNR","nrcells/l",,,,,,,"CEMP~NATL","T~S","2008","PP","ERID",,,,139.393939393939
"BAMN","AA31","2008","RA080711",48.732,-3.968,,"Astan","20080711",,,"RA080711",,5,1,1,160572,,,"ABUNDNR","nrcells/l",,,,,,,"CEMP~NATL","T~S","2008","PP","ERID",,,,6775.75757575758
"BAMN","AA31","2008","RA080728",48.732,-3.968,,"Astan","20080728",,,"RA080728",,5,1,1,17639,,,"ABUNDNR","nrcells/l",,,,,,,"CEMP~NATL","T~S","2008","PP","ERID",,,,18.1818181818182
"BAMN","AA31","2008","RA080728",48.732,-3.968,,"Astan","20080728",,,"RA080728",,5,1,1,160572,,,"ABUNDNR","nrcells/l",,,,,,,"CEMP~NATL","T~S","2008","PP","ERID",,,,2618.18181818182
"BAMN","AA31","2008","RA080811",48.732,-3.968,,"Astan","20080811",,,"RA080811",,5,1,1,17639,,,"ABUNDNR","nrcells/l",,,,,,,"CEMP~NATL","T~S","2008","PP","ERID",,,,248.484848484848
"BAMN","AA31","2008","RA080811",48.732,-3.968,,"Astan","20080811",,,"RA080811",,5,1,1,160572,,,"ABUNDNR","nrcells/l",,,,,,,"CEMP~NATL","T~S","2008","PP","ERID",,,,4066.66666666667
"BAMN","AA31","2008","RA080826",48.732,-3.968,,"Astan","20080826",,,"RA080826",,5,1,1,17639,,,"ABUNDNR","nrcells/l",,,,,,,"CEMP~NATL","T~S","2008","PP","ERID",,,,200
"BAMN","AA31","2008","RA080826",48.732,-3.968,,"Astan","20080826",,,"RA080826",,5,1,1,160572,,,"ABUNDNR","nrcells/l",,,,,,,"CEMP~NATL","T~S","2008","PP","ERID",,,,5424.24242424242
"BAMN","AA31","2008","RA080909",48.732,-3.968,,"Astan","20080909",,,"RA080909",,5,1,1,17639,,,"ABUNDNR","nrcells/l",,,,,,,"CEMP~NATL","T~S","2008","PP","ERID",,,,351.851851851852
"BAMN","AA31","2008","RA080909",48.732,-3.968,,"Astan","20080909",,,"RA080909",,5,1,1,160572,,,"ABUNDNR","nrcells/l",,,,,,,"CEMP~NATL","T~S","2008","PP","ERID",,,,8481.48148148148
"BAMN","AA31","2008","RA080923",48.732,-3.968,,"Astan","20080923",,,"RA080923",,5,1,1,17639,,,"ABUNDNR","nrcells/l",,,,,,,"CEMP~NATL","T~S","2008","PP","ERID",,,,109.090909090909
"BAMN","AA31","2008","RA080923",48.732,-3.968,,"Astan","20080923",,,"RA080923",,5,1,1,160572,,,"ABUNDNR","nrcells/l",,,,,,,"CEMP~NATL","T~S","2008","PP","ERID",,,,7218.18181818182
"BAMN","AA31","2008","RA081009",48.732,-3.968,,"Astan","20081009",,,"RA081009",,5,1,1,17639,,,"ABUNDNR","nrcells/l",,,,,,,"CEMP~NATL","T~S","2008","PP","ERID",,,,246.913580246914
"BAMN","AA31","2008","RA081009",48.732,-3.968,,"Astan","20081009",,,"RA081009",,5,1,1,160572,,,"ABUNDNR","nrcells/l",,,,,,,"CEMP~NATL","T~S","2008","PP","ERID",,,,7407.40740740741
"BAMN","AA31","2008","RA081022",48.732,-3.968,,"Astan","20081022",,,"RA081022",,5,1,1,17639,,,"ABUNDNR","nrcells/l",,,,,,,"CEMP~NATL","T~S","2008","PP","ERID",,,,166.666666666667
"BAMN","AA31","2008","RA081022",48.732,-3.968,,"Astan","20081022",,,"RA081022",,5,1,1,160572,,,"ABUNDNR","nrcells/l",,,,,,,"CEMP~NATL","T~S","2008","PP","ERID",,,,5339.50617283951
"BAMN","AA31","2008","RA081106",48.732,-3.968,,"Astan","20081106",,,"RA081106",,5,1,1,17639,,,"ABUNDNR","nrcells/l",,,,,,,"CEMP~NATL","T~S","2008","PP","ERID",,,,55.5555555555556
"BAMN","AA31","2008","RA081106",48.732,-3.968,,"Astan","20081106",,,"RA081106",,5,1,1,160572,,,"ABUNDNR","nrcells/l",,,,,,,"CEMP~NATL","T~S","2008","PP","ERID",,,,4790.12345679012
"BAMN","AA31","2008","RA081120",48.732,-3.968,,"Astan","20081120",,,"RA081120",,5,1,1,17639,,,"ABUNDNR","nrcells/l",,,,,,,"CEMP~NATL","T~S","2008","PP","ERID",,,,135.802469135802
"BAMN","AA31","2008","RA081120",48.732,-3.968,,"Astan","20081120",,,"RA081120",,5,1,1,160572,,,"ABUNDNR","nrcells/l",,,,,,,"CEMP~NATL","T~S","2008","PP","ERID",,,,3888.88888888889
"BAMN","AA31","2008","RA081208",48.732,-3.968,,"Astan","20081208",,,"RA081208",,5,1,1,17639,,,"ABUNDNR","nrcells/l",,,,,,,"CEMP~NATL","T~S","2008","PP","ERID",,,,117.283950617284
"BAMN","AA31","2008","RA081208",48.732,-3.968,,"Astan","20081208",,,"RA081208",,5,1,1,160572,,,"ABUNDNR","nrcells/l",,,,,,,"CEMP~NATL","T~S","2008","PP","ERID",,,,2364.1975308642
"BAMN","AA31","2008","RA081222",48.732,-3.968,,"Astan","20081222",,,"RA081222",,5,1,1,17639,,,"ABUNDNR","nrcells/l",,,,,,,"CEMP~NATL","T~S","2008","PP","ERID",,,,148.148148148148
"BAMN","AA31","2008","RA081222",48.732,-3.968,,"Astan","20081222",,,"RA081222",,5,1,1,160572,,,"ABUNDNR","nrcells/l",,,,,,,"CEMP~NATL","T~S","2008","PP","ERID",,,,2173
"BAMN","AA31","2008","RE080103",48.772,-3.983,,"Estacade","20080103",,,"RE080103",,5,1,1,17639,,,"ABUNDNR","nrcells/l",,,,,,,"CEMP~NATL","T~S","2008","PP","ERID",,,,26
"BAMN","AA31","2008","RE080103",48.772,-3.983,,"Estacade","20080103",,,"RE080103",,5,1,1,160572,,,"ABUNDNR","nrcells/l",,,,,,,"CEMP~NATL","T~S","2008","PP","ERID",,,,1192
"BAMN","AA31","2008","RE080116",48.772,-3.983,,"Estacade","20080116",,,"RE080116",,5,1,1,17639,,,"ABUNDNR","nrcells/l",,,,,,,"CEMP~NATL","T~S","2008","PP","ERID",,,,19
"BAMN","AA31","2008","RE080116",48.772,-3.983,,"Estacade","20080116",,,"RE080116",,5,1,1,160572,,,"ABUNDNR","nrcells/l",,,,,,,"CEMP~NATL","T~S","2008","PP","ERID",,,,949
"BAMN","AA31","2008","RE080201",48.772,-3.983,,"Estacade","20080201",,,"RE080201",,5,1,1,17639,,,"ABUNDNR","nrcells/l",,,,,,,"CEMP~NATL","T~S","2008","PP","ERID",,,,6
"BAMN","AA31","2008","RE080201",48.772,-3.983,,"Estacade","20080201",,,"RE080201",,5,1,1,160572,,,"ABUNDNR","nrcells/l",,,,,,,"CEMP~NATL","T~S","2008","PP","ERID",,,,1077
"BAMN","AA31","2008","RE080215",48.772,-3.983,,"Estacade","20080215",,,"RE080215",,5,1,1,17639,,,"ABUNDNR","nrcells/l",,,,,,,"CEMP~NATL","T~S","2008","PP","ERID",,,,6
"BAMN","AA31","2008","RE080215",48.772,-3.983,,"Estacade","20080215",,,"RE080215",,5,1,1,160572,,,"ABUNDNR","nrcells/l",,,,,,,"CEMP~NATL","T~S","2008","PP","ERID",,,,1474
"BAMN","AA31","2008","RE080229",48.772,-3.983,,"Estacade","20080229",,,"RE080229",,5,1,1,17639,,,"ABUNDNR","nrcells/l",,,,,,,"CEMP~NATL","T~S","2008","PP","ERID",,,,19
"BAMN","AA31","2008","RE080229",48.772,-3.983,,"Estacade","20080229",,,"RE080229",,5,1,1,160572,,,"ABUNDNR","nrcells/l",,,,,,,"CEMP~NATL","T~S","2008","PP","ERID",,,,1372
"BAMN","AA31","2008","RE080317",48.772,-3.983,,"Estacade","20080317",,,"RE080317",,5,1,1,17639,,,"ABUNDNR","nrcells/l",,,,,,,"CEMP~NATL","T~S","2008","PP","ERID",,,,26
"BAMN","AA31","2008","RE080317",48.772,-3.983,,"Estacade","20080317",,,"RE080317",,5,1,1,160572,,,"ABUNDNR","nrcells/l",,,,,,,"CEMP~NATL","T~S","2008","PP","ERID",,,,3545
"BAMN","AA31","2008","RE080401",48.772,-3.983,,"Estacade","20080401",,,"RE080401",,5,1,1,17639,,,"ABUNDNR","nrcells/l",,,,,,,"CEMP~NATL","T~S","2008","PP","ERID",,,,26
"BAMN","AA31","2008","RE080401",48.772,-3.983,,"Estacade","20080401",,,"RE080401",,5,1,1,160572,,,"ABUNDNR","nrcells/l",,,,,,,"CEMP~NATL","T~S","2008","PP","ERID",,,,3147
"BAMN","AA31","2008","RE080414",48.772,-3.983,,"Estacade","20080414",,,"RE080414",,5,1,1,17639,,,"ABUNDNR","nrcells/l",,,,,,,"CEMP~NATL","T~S","2008","PP","ERID",,,,26
"BAMN","AA31","2008","RE080414",48.772,-3.983,,"Estacade","20080414",,,"RE080414",,5,1,1,160572,,,"ABUNDNR","nrcells/l",,,,,,,"CEMP~NATL","T~S","2008","PP","ERID",,,,4321
"BAMN","AA31","2008","RE080429",48.772,-3.983,,"Estacade","20080429",,,"RE080429",,5,1,1,17639,,,"ABUNDNR","nrcells/l",,,,,,,"CEMP~NATL","T~S","2008","PP","ERID",,,,32
"BAMN","AA31","2008","RE080429",48.772,-3.983,,"Estacade","20080429",,,"RE080429",,5,1,1,160572,,,"ABUNDNR","nrcells/l",,,,,,,"CEMP~NATL","T~S","2008","PP","ERID",,,,1705
"BAMN","AA31","2008","RE080513",48.772,-3.983,,"Estacade","20080513",,,"RE080513",,5,1,1,17639,,,"ABUNDNR","nrcells/l",,,,,,,"CEMP~NATL","T~S","2008","PP","ERID",,,,32
"BAMN","AA31","2008","RE080513",48.772,-3.983,,"Estacade","20080513",,,"RE080513",,5,1,1,160572,,,"ABUNDNR","nrcells/l",,,,,,,"CEMP~NATL","T~S","2008","PP","ERID",,,,429
"BAMN","AA31","2008","RE080527",48.772,-3.983,,"Estacade","20080527",,,"RE080527",,5,1,1,17639,,,"ABUNDNR","nrcells/l",,,,,,,"CEMP~NATL","T~S","2008","PP","ERID",,,,26
"BAMN","AA31","2008","RE080527",48.772,-3.983,,"Estacade","20080527",,,"RE080527",,5,1,1,160572,,,"ABUNDNR","nrcells/l",,,,,,,"CEMP~NATL","T~S","2008","PP","ERID",,,,1000
"BAMN","AA31","2008","RE080612",48.772,-3.983,,"Estacade","20080612",,,"RE080612",,5,1,1,17639,,,"ABUNDNR","nrcells/l",,,,,,,"CEMP~NATL","T~S","2008","PP","ERID",,,,6
"BAMN","AA31","2008","RE080612",48.772,-3.983,,"Estacade","20080612",,,"RE080612",,5,1,1,160572,,,"ABUNDNR","nrcells/l",,,,,,,"CEMP~NATL","T~S","2008","PP","ERID",,,,11173
"BAMN","AA31","2008","RE080627",48.772,-3.983,,"Estacade","20080627",,,"RE080627",,5,1,1,17639,,,"ABUNDNR","nrcells/l",,,,,,,"CEMP~NATL","T~S","2008","PP","ERID",,,,12
"BAMN","AA31","2008","RE080627",48.772,-3.983,,"Estacade","20080627",,,"RE080627",,5,1,1,160572,,,"ABUNDNR","nrcells/l",,,,,,,"CEMP~NATL","T~S","2008","PP","ERID",,,,11136
"BAMN","AA31","2008","RE080711",48.772,-3.983,,"Estacade","20080711",,,"RE080711",,5,1,1,17639,,,"ABUNDNR","nrcells/l",,,,,,,"CEMP~NATL","T~S","2008","PP","ERID",,,,6
"BAMN","AA31","2008","RE080711",48.772,-3.983,,"Estacade","20080711",,,"RE080711",,5,1,1,160572,,,"ABUNDNR","nrcells/l",,,,,,,"CEMP~NATL","T~S","2008","PP","ERID",,,,8037
"BAMN","AA31","2008","RE080728",48.772,-3.983,,"Estacade","20080728",,,"RE080728",,5,1,1,17639,,,"ABUNDNR","nrcells/l",,,,,,,"CEMP~NATL","T~S","2008","PP","ERID",,,,31
"BAMN","AA31","2008","RE080728",48.772,-3.983,,"Estacade","20080728",,,"RE080728",,5,1,1,160572,,,"ABUNDNR","nrcells/l",,,,,,,"CEMP~NATL","T~S","2008","PP","ERID",,,,4759
"BAMN","AA31","2008","RE080811",48.772,-3.983,,"Estacade","20080811",,,"RE080811",,5,1,1,17639,,,"ABUNDNR","nrcells/l",,,,,,,"CEMP~NATL","T~S","2008","PP","ERID",,,,12
"BAMN","AA31","2008","RE080811",48.772,-3.983,,"Estacade","20080811",,,"RE080811",,5,1,1,160572,,,"ABUNDNR","nrcells/l",,,,,,,"CEMP~NATL","T~S","2008","PP","ERID",,,,4475
"BAMN","AA31","2008","RE080826",48.772,-3.983,,"Estacade","20080826",,,"RE080826",,5,1,1,17639,,,"ABUNDNR","nrcells/l",,,,,,,"CEMP~NATL","T~S","2008","PP","ERID",,,,6
"BAMN","AA31","2008","RE080826",48.772,-3.983,,"Estacade","20080826",,,"RE080826",,5,1,1,160572,,,"ABUNDNR","nrcells/l",,,,,,,"CEMP~NATL","T~S","2008","PP","ERID",,,,4901
"BAMN","AA31","2008","RE080909",48.772,-3.983,,"Estacade","20080909",,,"RE080909",,5,1,1,160572,,,"ABUNDNR","nrcells/l",,,,,,,"CEMP~NATL","T~S","2008","PP","ERID",,,,8056
"BAMN","AA31","2008","RE080923",48.772,-3.983,,"Estacade","20080923",,,"RE080923",,5,1,1,17639,,,"ABUNDNR","nrcells/l",,,,,,,"CEMP~NATL","T~S","2008","PP","ERID",,,,19
"BAMN","AA31","2008","RE080923",48.772,-3.983,,"Estacade","20080923",,,"RE080923",,5,1,1,160572,,,"ABUNDNR","nrcells/l",,,,,,,"CEMP~NATL","T~S","2008","PP","ERID",,,,9025
"BAMN","AA31","2008","RE081009",48.772,-3.983,,"Estacade","20081009",,,"RE081009",,5,1,1,17639,,,"ABUNDNR","nrcells/l",,,,,,,"CEMP~NATL","T~S","2008","PP","ERID",,,,6
"BAMN","AA31","2008","RE081009",48.772,-3.983,,"Estacade","20081009",,,"RE081009",,5,1,1,160572,,,"ABUNDNR","nrcells/l",,,,,,,"CEMP~NATL","T~S","2008","PP","ERID",,,,8093
"BAMN","AA31","2008","RE081022",48.772,-3.983,,"Estacade","20081022",,,"RE081022",,5,1,1,160572,,,"ABUNDNR","nrcells/l",,,,,,,"CEMP~NATL","T~S","2008","PP","ERID",,,,4525
"BAMN","AA31","2008","RE081106",48.772,-3.983,,"Estacade","20081106",,,"RE081106",,5,1,1,17639,,,"ABUNDNR","nrcells/l",,,,,,,"CEMP~NATL","T~S","2008","PP","ERID",,,,37
"BAMN","AA31","2008","RE081106",48.772,-3.983,,"Estacade","20081106",,,"RE081106",,5,1,1,160572,,,"ABUNDNR","nrcells/l",,,,,,,"CEMP~NATL","T~S","2008","PP","ERID",,,,4593
"BAMN","AA31","2008","RE081120",48.772,-3.983,,"Estacade","20081120",,,"RE081120",,5,1,1,17639,,,"ABUNDNR","nrcells/l",,,,,,,"CEMP~NATL","T~S","2008","PP","ERID",,,,6
"BAMN","AA31","2008","RE081120",48.772,-3.983,,"Estacade","20081120",,,"RE081120",,5,1,1,160572,,,"ABUNDNR","nrcells/l",,,,,,,"CEMP~NATL","T~S","2008","PP","ERID",,,,3191
"BAMN","AA31","2008","RE081208",48.772,-3.983,,"Estacade","20081208",,,"RE081208",,5,1,1,17639,,,"ABUNDNR","nrcells/l",,,,,,,"CEMP~NATL","T~S","2008","PP","ERID",,,,12
"BAMN","AA31","2008","RE081208",48.772,-3.983,,"Estacade","20081208",,,"RE081208",,5,1,1,160572,,,"ABUNDNR","nrcells/l",,,,,,,"CEMP~NATL","T~S","2008","PP","ERID",,,,2029
"BAMN","AA31","2008","RE081222",48.772,-3.983,,"Estacade","20081222",,,"RE081222",,5,1,1,17639,,,"ABUNDNR","nrcells/l",,,,,,,"CEMP~NATL","T~S","2008","PP","ERID",,,,12
"BAMN","AA31","2008","RE081222",48.772,-3.983,,"Estacade","20081222",,,"RE081222",,5,1,1,160572,,,"ABUNDNR","nrcells/l",,,,,,,"CEMP~NATL","T~S","2008","PP","ERID",,,,1608
"BAMN","AA31","2009","RA090107",48.732,-3.968,,"Astan","20090107",,,"RA090107",,5,1,1,17639,,,"ABUNDNR","nrcells/l",,,,,,,"CEMP~NATL","T~S","2009","PP","ERID",,,,76.0233918128655
"BAMN","AA31","2009","RA090107",48.732,-3.968,,"Astan","20090107",,,"RA090107",,5,1,1,160572,,,"ABUNDNR","nrcells/l",,,,,,,"CEMP~NATL","T~S","2009","PP","ERID",,,,2584.79532163743
"BAMN","AA31","2009","RA090120",48.732,-3.968,,"Astan","20090120",,,"RA090120",,5,1,1,17639,,,"ABUNDNR","nrcells/l",,,,,,,"CEMP~NATL","T~S","2009","PP","ERID",,,,81.8713450292398
"BAMN","AA31","2009","RA090120",48.732,-3.968,,"Astan","20090120",,,"RA090120",,5,1,1,160572,,,"ABUNDNR","nrcells/l",,,,,,,"CEMP~NATL","T~S","2009","PP","ERID",,,,2321.63742690058
"BAMN","AA31","2009","RA090205",48.732,-3.968,,"Astan","20090205",,,"RA090205",,5,1,1,17639,,,"ABUNDNR","nrcells/l",,,,,,,"CEMP~NATL","T~S","2009","PP","ERID",,,,146.198830409357
"BAMN","AA31","2009","RA090205",48.732,-3.968,,"Astan","20090205",,,"RA090205",,5,1,1,160572,,,"ABUNDNR","nrcells/l",,,,,,,"CEMP~NATL","T~S","2009","PP","ERID",,,,2321.63742690058
"BAMN","AA31","2009","RA090218",48.732,-3.968,,"Astan","20090218",,,"RA090218",,5,1,1,17639,,,"ABUNDNR","nrcells/l",,,,,,,"CEMP~NATL","T~S","2009","PP","ERID",,,,52.6315789473684
"BAMN","AA31","2009","RA090218",48.732,-3.968,,"Astan","20090218",,,"RA090218",,5,1,1,160572,,,"ABUNDNR","nrcells/l",,,,,,,"CEMP~NATL","T~S","2009","PP","ERID",,,,2187.13450292398
"BAMN","AA31","2009","RA090306",48.732,-3.968,,"Astan","20090306",,,"RA090306",,5,1,1,17639,,,"ABUNDNR","nrcells/l",,,,,,,"CEMP~NATL","T~S","2009","PP","ERID",,,,29.2397660818713
"BAMN","AA31","2009","RA090306",48.732,-3.968,,"Astan","20090306",,,"RA090306",,5,1,1,160572,,,"ABUNDNR","nrcells/l",,,,,,,"CEMP~NATL","T~S","2009","PP","ERID",,,,5456.14035087719
"BAMN","AA31","2009","RA090320",48.732,-3.968,,"Astan","20090320",,,"RA090320",,5,1,1,17639,,,"ABUNDNR","nrcells/l",,,,,,,"CEMP~NATL","T~S","2009","PP","ERID",,,,35.0877192982456
"BAMN","AA31","2009","RA090320",48.732,-3.968,,"Astan","20090320",,,"RA090320",,5,1,1,160572,,,"ABUNDNR","nrcells/l",,,,,,,"CEMP~NATL","T~S","2009","PP","ERID",,,,5181.2865497076
"BAMN","AA31","2009","RA090403",48.732,-3.968,,"Astan","20090403",,,"RA090403",,5,1,1,17639,,,"ABUNDNR","nrcells/l",,,,,,,"CEMP~NATL","T~S","2009","PP","ERID",,,,46.7836257309942
"BAMN","AA31","2009","RA090403",48.732,-3.968,,"Astan","20090403",,,"RA090403",,5,1,1,160572,,,"ABUNDNR","nrcells/l",,,,,,,"CEMP~NATL","T~S","2009","PP","ERID",,,,2040.93567251462
"BAMN","AA31","2009","RA090416",48.732,-3.968,,"Astan","20090416",,,"RA090416",,5,1,1,17639,,,"ABUNDNR","nrcells/l",,,,,,,"CEMP~NATL","T~S","2009","PP","ERID",,,,64.327485380117
"BAMN","AA31","2009","RA090416",48.732,-3.968,,"Astan","20090416",,,"RA090416",,5,1,1,160572,,,"ABUNDNR","nrcells/l",,,,,,,"CEMP~NATL","T~S","2009","PP","ERID",,,,1140.35087719298
"BAMN","AA31","2009","RA090504",48.732,-3.968,,"Astan","20090504",,,"RA090504",,5,1,1,17639,,,"ABUNDNR","nrcells/l",,,,,,,"CEMP~NATL","T~S","2009","PP","ERID",,,,78.4313725490196
"BAMN","AA31","2009","RA090504",48.732,-3.968,,"Astan","20090504",,,"RA090504",,5,1,1,160572,,,"ABUNDNR","nrcells/l",,,,,,,"CEMP~NATL","T~S","2009","PP","ERID",,,,594.771241830065
"BAMN","AA31","2009","RA090518",48.732,-3.968,,"Astan","20090518",,,"RA090518",,5,1,1,17639,,,"ABUNDNR","nrcells/l",,,,,,,"CEMP~NATL","T~S","2009","PP","ERID",,,,130.718954248366
"BAMN","AA31","2009","RA090518",48.732,-3.968,,"Astan","20090518",,,"RA090518",,5,1,1,160572,,,"ABUNDNR","nrcells/l",,,,,,,"CEMP~NATL","T~S","2009","PP","ERID",,,,254.901960784314
"BAMN","AA31","2009","RA090602",48.732,-3.968,,"Astan","20090602",,,"RA090602",,5,1,1,17639,,,"ABUNDNR","nrcells/l",,,,,,,"CEMP~NATL","T~S","2009","PP","ERID",,,,156.862745098039
"BAMN","AA31","2009","RA090602",48.732,-3.968,,"Astan","20090602",,,"RA090602",,5,1,1,160572,,,"ABUNDNR","nrcells/l",,,,,,,"CEMP~NATL","T~S","2009","PP","ERID",,,,666.666666666667
"BAMN","AA31","2009","RA090616",48.732,-3.968,,"Astan","20090616",,,"RA090616",,5,1,1,17639,,,"ABUNDNR","nrcells/l",,,,,,,"CEMP~NATL","T~S","2009","PP","ERID",,,,137.254901960784
"BAMN","AA31","2009","RA090616",48.732,-3.968,,"Astan","20090616",,,"RA090616",,5,1,1,160572,,,"ABUNDNR","nrcells/l",,,,,,,"CEMP~NATL","T~S","2009","PP","ERID",,,,1013.07189542484
"BAMN","AA31","2009","RA090701",48.732,-3.968,,"Astan","20090701",,,"RA090701",,5,1,1,17639,,,"ABUNDNR","nrcells/l",,,,,,,"CEMP~NATL","T~S","2009","PP","ERID",,,,173.076923076923
"BAMN","AA31","2009","RA090701",48.732,-3.968,,"Astan","20090701",,,"RA090701",,5,1,1,160572,,,"ABUNDNR","nrcells/l",,,,,,,"CEMP~NATL","T~S","2009","PP","ERID",,,,1583.33333333333
"BAMN","AA31","2009","RA090716",48.732,-3.968,,"Astan","20090716",,,"RA090716",,5,1,1,17639,,,"ABUNDNR","nrcells/l",,,,,,,"CEMP~NATL","T~S","2009","PP","ERID",,,,230.769230769231
"BAMN","AA31","2009","RA090716",48.732,-3.968,,"Astan","20090716",,,"RA090716",,5,1,1,160572,,,"ABUNDNR","nrcells/l",,,,,,,"CEMP~NATL","T~S","2009","PP","ERID",,,,1288.46153846154
"BAMN","AA31","2009","RA090731",48.732,-3.968,,"Astan","20090731",,,"RA090731",,5,1,1,17639,,,"ABUNDNR","nrcells/l",,,,,,,"CEMP~NATL","T~S","2009","PP","ERID",,,,250
"BAMN","AA31","2009","RA090731",48.732,-3.968,,"Astan","20090731",,,"RA090731",,5,1,1,160572,,,"ABUNDNR","nrcells/l",,,,,,,"CEMP~NATL","T~S","2009","PP","ERID",,,,3865.38461538462
"BAMN","AA31","2009","RA090814",48.732,-3.968,,"Astan","20090814",,,"RA090814",,5,1,1,17639,,,"ABUNDNR","nrcells/l",,,,,,,"CEMP~NATL","T~S","2009","PP","ERID",,,,282.051282051282
"BAMN","AA31","2009","RA090814",48.732,-3.968,,"Astan","20090814",,,"RA090814",,5,1,1,160572,,,"ABUNDNR","nrcells/l",,,,,,,"CEMP~NATL","T~S","2009","PP","ERID",,,,3608.97435897436
"BAMN","AA31","2009","RA090828",48.732,-3.968,,"Astan","20090828",,,"RA090828",,5,1,1,17639,,,"ABUNDNR","nrcells/l",,,,,,,"CEMP~NATL","T~S","2009","PP","ERID",,,,250
"BAMN","AA31","2009","RA090828",48.732,-3.968,,"Astan","20090828",,,"RA090828",,5,1,1,160572,,,"ABUNDNR","nrcells/l",,,,,,,"CEMP~NATL","T~S","2009","PP","ERID",,,,5269.23076923077
"BAMN","AA31","2009","RA090914",48.732,-3.968,,"Astan","20090914",,,"RA090914",,5,1,1,17639,,,"ABUNDNR","nrcells/l",,,,,,,"CEMP~NATL","T~S","2009","PP","ERID",,,,217.948717948718
"BAMN","AA31","2009","RA090914",48.732,-3.968,,"Astan","20090914",,,"RA090914",,5,1,1,160572,,,"ABUNDNR","nrcells/l",,,,,,,"CEMP~NATL","T~S","2009","PP","ERID",,,,8294.87179487179
"BAMN","AA31","2009","RA090928",48.732,-3.968,,"Astan","20090928",,,"RA090928",,5,1,1,17639,,,"ABUNDNR","nrcells/l",,,,,,,"CEMP~NATL","T~S","2009","PP","ERID",,,,339.74358974359
"BAMN","AA31","2009","RA090928",48.732,-3.968,,"Astan","20090928",,,"RA090928",,5,1,1,160572,,,"ABUNDNR","nrcells/l",,,,,,,"CEMP~NATL","T~S","2009","PP","ERID",,,,13878.2051282051
"BAMN","AA31","2009","RA091012",48.732,-3.968,,"Astan","20091012",,,"RA091012",,5,1,1,17639,,,"ABUNDNR","nrcells/l",,,,,,,"CEMP~NATL","T~S","2009","PP","ERID",,,,83.3333333333333
"BAMN","AA31","2009","RA091012",48.732,-3.968,,"Astan","20091012",,,"RA091012",,5,1,1,160572,,,"ABUNDNR","nrcells/l",,,,,,,"CEMP~NATL","T~S","2009","PP","ERID",,,,4871.79487179487
"BAMN","AA31","2009","RA091027",48.732,-3.968,,"Astan","20091027",,,"RA091027",,5,1,1,17639,,,"ABUNDNR","nrcells/l",,,,,,,"CEMP~NATL","T~S","2009","PP","ERID",,,,137.931034482759
"BAMN","AA31","2009","RA091027",48.732,-3.968,,"Astan","20091027",,,"RA091027",,5,1,1,160572,,,"ABUNDNR","nrcells/l",,,,,,,"CEMP~NATL","T~S","2009","PP","ERID",,,,6758.62068965517
"BAMN","AA31","2009","RA091110",48.732,-3.968,,"Astan","20091110",,,"RA091110",,5,1,1,17639,,,"ABUNDNR","nrcells/l",,,,,,,"CEMP~NATL","T~S","2009","PP","ERID",,,,40.2298850574713
"BAMN","AA31","2009","RA091110",48.732,-3.968,,"Astan","20091110",,,"RA091110",,5,1,1,160572,,,"ABUNDNR","nrcells/l",,,,,,,"CEMP~NATL","T~S","2009","PP","ERID",,,,3350.57471264368
"BAMN","AA31","2009","RA091126",48.732,-3.968,,"Astan","20091126",,,"RA091126",,5,1,1,17639,,,"ABUNDNR","nrcells/l",,,,,,,"CEMP~NATL","T~S","2009","PP","ERID",,,,97.7011494252874
"BAMN","AA31","2009","RA091126",48.732,-3.968,,"Astan","20091126",,,"RA091126",,5,1,1,160572,,,"ABUNDNR","nrcells/l",,,,,,,"CEMP~NATL","T~S","2009","PP","ERID",,,,1212.64367816092
"BAMN","AA31","2009","RA091210",48.732,-3.968,,"Astan","20091210",,,"RA091210",,5,1,1,17639,,,"ABUNDNR","nrcells/l",,,,,,,"CEMP~NATL","T~S","2009","PP","ERID",,,,80.4597701149425
"BAMN","AA31","2009","RA091210",48.732,-3.968,,"Astan","20091210",,,"RA091210",,5,1,1,160572,,,"ABUNDNR","nrcells/l",,,,,,,"CEMP~NATL","T~S","2009","PP","ERID",,,,1086.20689655172
"BAMN","AA31","2009","RA091223",48.732,-3.968,,"Astan","20091223",,,"RA091223",,5,1,1,17639,,,"ABUNDNR","nrcells/l",,,,,,,"CEMP~NATL","T~S","2009","PP","ERID",,,,114.942528735632
"BAMN","AA31","2009","RA091223",48.732,-3.968,,"Astan","20091223",,,"RA091223",,5,1,1,160572,,,"ABUNDNR","nrcells/l",,,,,,,"CEMP~NATL","T~S","2009","PP","ERID",,,,1028.73563218391
"BAMN","AA31","2009","RE090107",48.772,-3.983,,"Estacade","20090107",,,"RE090107",,5,1,1,17639,,,"ABUNDNR","nrcells/l",,,,,,,"CEMP~NATL","T~S","2009","PP","ERID",,,,76
"BAMN","AA31","2009","RE090107",48.772,-3.983,,"Estacade","20090107",,,"RE090107",,5,1,1,160572,,,"ABUNDNR","nrcells/l",,,,,,,"CEMP~NATL","T~S","2009","PP","ERID",,,,3058
"BAMN","AA31","2009","RE090120",48.772,-3.983,,"Estacade","20090120",,,"RE090120",,5,1,1,17639,,,"ABUNDNR","nrcells/l",,,,,,,"CEMP~NATL","T~S","2009","PP","ERID",,,,94
"BAMN","AA31","2009","RE090120",48.772,-3.983,,"Estacade","20090120",,,"RE090120",,5,1,1,160572,,,"ABUNDNR","nrcells/l",,,,,,,"CEMP~NATL","T~S","2009","PP","ERID",,,,2433
"BAMN","AA31","2009","RE090205",48.772,-3.983,,"Estacade","20090205",,,"RE090205",,5,1,1,17639,,,"ABUNDNR","nrcells/l",,,,,,,"CEMP~NATL","T~S","2009","PP","ERID",,,,41
"BAMN","AA31","2009","RE090205",48.772,-3.983,,"Estacade","20090205",,,"RE090205",,5,1,1,160572,,,"ABUNDNR","nrcells/l",,,,,,,"CEMP~NATL","T~S","2009","PP","ERID",,,,2246
"BAMN","AA31","2009","RE090218",48.772,-3.983,,"Estacade","20090218",,,"RE090218",,5,1,1,17639,,,"ABUNDNR","nrcells/l",,,,,,,"CEMP~NATL","T~S","2009","PP","ERID",,,,35
"BAMN","AA31","2009","RE090218",48.772,-3.983,,"Estacade","20090218",,,"RE090218",,5,1,1,160572,,,"ABUNDNR","nrcells/l",,,,,,,"CEMP~NATL","T~S","2009","PP","ERID",,,,1690
"BAMN","AA31","2009","RE090306",48.772,-3.983,,"Estacade","20090306",,,"RE090306",,5,1,1,17639,,,"ABUNDNR","nrcells/l",,,,,,,"CEMP~NATL","T~S","2009","PP","ERID",,,,88
"BAMN","AA31","2009","RE090306",48.772,-3.983,,"Estacade","20090306",,,"RE090306",,5,1,1,160572,,,"ABUNDNR","nrcells/l",,,,,,,"CEMP~NATL","T~S","2009","PP","ERID",,,,5772
"BAMN","AA31","2009","RE090320",48.772,-3.983,,"Estacade","20090320",,,"RE090320",,5,1,1,17639,,,"ABUNDNR","nrcells/l",,,,,,,"CEMP~NATL","T~S","2009","PP","ERID",,,,129
"BAMN","AA31","2009","RE090320",48.772,-3.983,,"Estacade","20090320",,,"RE090320",,5,1,1,160572,,,"ABUNDNR","nrcells/l",,,,,,,"CEMP~NATL","T~S","2009","PP","ERID",,,,7877
"BAMN","AA31","2009","RE090403",48.772,-3.983,,"Estacade","20090403",,,"RE090403",,5,1,1,17639,,,"ABUNDNR","nrcells/l",,,,,,,"CEMP~NATL","T~S","2009","PP","ERID",,,,47
"BAMN","AA31","2009","RE090403",48.772,-3.983,,"Estacade","20090403",,,"RE090403",,5,1,1,160572,,,"ABUNDNR","nrcells/l",,,,,,,"CEMP~NATL","T~S","2009","PP","ERID",,,,2602
"BAMN","AA31","2009","RE090416",48.772,-3.983,,"Estacade","20090416",,,"RE090416",,5,1,1,17639,,,"ABUNDNR","nrcells/l",,,,,,,"CEMP~NATL","T~S","2009","PP","ERID",,,,152
"BAMN","AA31","2009","RE090416",48.772,-3.983,,"Estacade","20090416",,,"RE090416",,5,1,1,160572,,,"ABUNDNR","nrcells/l",,,,,,,"CEMP~NATL","T~S","2009","PP","ERID",,,,1181
"BAMN","AA31","2009","RE090504",48.772,-3.983,,"Estacade","20090504",,,"RE090504",,5,1,1,17639,,,"ABUNDNR","nrcells/l",,,,,,,"CEMP~NATL","T~S","2009","PP","ERID",,,,20
"BAMN","AA31","2009","RE090504",48.772,-3.983,,"Estacade","20090504",,,"RE090504",,5,1,1,160572,,,"ABUNDNR","nrcells/l",,,,,,,"CEMP~NATL","T~S","2009","PP","ERID",,,,1059
"BAMN","AA31","2009","RE090518",48.772,-3.983,,"Estacade","20090518",,,"RE090518",,5,1,1,17639,,,"ABUNDNR","nrcells/l",,,,,,,"CEMP~NATL","T~S","2009","PP","ERID",,,,85
"BAMN","AA31","2009","RE090518",48.772,-3.983,,"Estacade","20090518",,,"RE090518",,5,1,1,160572,,,"ABUNDNR","nrcells/l",,,,,,,"CEMP~NATL","T~S","2009","PP","ERID",,,,438
"BAMN","AA31","2009","RE090602",48.772,-3.983,,"Estacade","20090602",,,"RE090602",,5,1,1,17639,,,"ABUNDNR","nrcells/l",,,,,,,"CEMP~NATL","T~S","2009","PP","ERID",,,,105
"BAMN","AA31","2009","RE090602",48.772,-3.983,,"Estacade","20090602",,,"RE090602",,5,1,1,160572,,,"ABUNDNR","nrcells/l",,,,,,,"CEMP~NATL","T~S","2009","PP","ERID",,,,673
"BAMN","AA31","2009","RE090616",48.772,-3.983,,"Estacade","20090616",,,"RE090616",,5,1,1,17639,,,"ABUNDNR","nrcells/l",,,,,,,"CEMP~NATL","T~S","2009","PP","ERID",,,,52
"BAMN","AA31","2009","RE090616",48.772,-3.983,,"Estacade","20090616",,,"RE090616",,5,1,1,160572,,,"ABUNDNR","nrcells/l",,,,,,,"CEMP~NATL","T~S","2009","PP","ERID",,,,948
"BAMN","AA31","2009","RE090701",48.772,-3.983,,"Estacade","20090701",,,"RE090701",,5,1,1,17639,,,"ABUNDNR","nrcells/l",,,,,,,"CEMP~NATL","T~S","2009","PP","ERID",,,,202
"BAMN","AA31","2009","RE090701",48.772,-3.983,,"Estacade","20090701",,,"RE090701",,5,1,1,160572,,,"ABUNDNR","nrcells/l",,,,,,,"CEMP~NATL","T~S","2009","PP","ERID",,,,2321
"BAMN","AA31","2009","RE090716",48.772,-3.983,,"Estacade","20090716",,,"RE090716",,5,1,1,17639,,,"ABUNDNR","nrcells/l",,,,,,,"CEMP~NATL","T~S","2009","PP","ERID",,,,119
"BAMN","AA31","2009","RE090716",48.772,-3.983,,"Estacade","20090716",,,"RE090716",,5,1,1,160572,,,"ABUNDNR","nrcells/l",,,,,,,"CEMP~NATL","T~S","2009","PP","ERID",,,,1714
"BAMN","AA31","2009","RE090731",48.772,-3.983,,"Estacade","20090731",,,"RE090731",,5,1,1,17639,,,"ABUNDNR","nrcells/l",,,,,,,"CEMP~NATL","T~S","2009","PP","ERID",,,,119
"BAMN","AA31","2009","RE090731",48.772,-3.983,,"Estacade","20090731",,,"RE090731",,5,1,1,160572,,,"ABUNDNR","nrcells/l",,,,,,,"CEMP~NATL","T~S","2009","PP","ERID",,,,4935
"BAMN","AA31","2009","RE090814",48.772,-3.983,,"Estacade","20090814",,,"RE090814",,5,1,1,17639,,,"ABUNDNR","nrcells/l",,,,,,,"CEMP~NATL","T~S","2009","PP","ERID",,,,137
"BAMN","AA31","2009","RE090814",48.772,-3.983,,"Estacade","20090814",,,"RE090814",,5,1,1,160572,,,"ABUNDNR","nrcells/l",,,,,,,"CEMP~NATL","T~S","2009","PP","ERID",,,,5381
"BAMN","AA31","2009","RE090828",48.772,-3.983,,"Estacade","20090828",,,"RE090828",,5,1,1,17639,,,"ABUNDNR","nrcells/l",,,,,,,"CEMP~NATL","T~S","2009","PP","ERID",,,,107
"BAMN","AA31","2009","RE090828",48.772,-3.983,,"Estacade","20090828",,,"RE090828",,5,1,1,160572,,,"ABUNDNR","nrcells/l",,,,,,,"CEMP~NATL","T~S","2009","PP","ERID",,,,5298
"BAMN","AA31","2009","RE090914",48.772,-3.983,,"Estacade","20090914",,,"RE090914",,5,1,1,17639,,,"ABUNDNR","nrcells/l",,,,,,,"CEMP~NATL","T~S","2009","PP","ERID",,,,226
"BAMN","AA31","2009","RE090914",48.772,-3.983,,"Estacade","20090914",,,"RE090914",,5,1,1,160572,,,"ABUNDNR","nrcells/l",,,,,,,"CEMP~NATL","T~S","2009","PP","ERID",,,,14315
"BAMN","AA31","2009","RE090928",48.772,-3.983,,"Estacade","20090928",,,"RE090928",,5,1,1,17639,,,"ABUNDNR","nrcells/l",,,,,,,"CEMP~NATL","T~S","2009","PP","ERID",,,,36
"BAMN","AA31","2009","RE090928",48.772,-3.983,,"Estacade","20090928",,,"RE090928",,5,1,1,160572,,,"ABUNDNR","nrcells/l",,,,,,,"CEMP~NATL","T~S","2009","PP","ERID",,,,8375
"BAMN","AA31","2009","RE091012",48.772,-3.983,,"Estacade","20091012",,,"RE091012",,5,1,1,17639,,,"ABUNDNR","nrcells/l",,,,,,,"CEMP~NATL","T~S","2009","PP","ERID",,,,54
"BAMN","AA31","2009","RE091012",48.772,-3.983,,"Estacade","20091012",,,"RE091012",,5,1,1,160572,,,"ABUNDNR","nrcells/l",,,,,,,"CEMP~NATL","T~S","2009","PP","ERID",,,,5839
"BAMN","AA31","2009","RE091110",48.772,-3.983,,"Estacade","20091110",,,"RE091110",,5,1,1,17639,,,"ABUNDNR","nrcells/l",,,,,,,"CEMP~NATL","T~S","2009","PP","ERID",,,,47
"BAMN","AA31","2009","RE091110",48.772,-3.983,,"Estacade","20091110",,,"RE091110",,5,1,1,160572,,,"ABUNDNR","nrcells/l",,,,,,,"CEMP~NATL","T~S","2009","PP","ERID",,,,2883
"BAMN","AA31","2009","RE091126",48.772,-3.983,,"Estacade","20091126",,,"RE091126",,5,1,1,17639,,,"ABUNDNR","nrcells/l",,,,,,,"CEMP~NATL","T~S","2009","PP","ERID",,,,94
"BAMN","AA31","2009","RE091126",48.772,-3.983,,"Estacade","20091126",,,"RE091126",,5,1,1,160572,,,"ABUNDNR","nrcells/l",,,,,,,"CEMP~NATL","T~S","2009","PP","ERID",,,,924
"BAMN","AA31","2009","RE091210",48.772,-3.983,,"Estacade","20091210",,,"RE091210",,5,1,1,17639,,,"ABUNDNR","nrcells/l",,,,,,,"CEMP~NATL","T~S","2009","PP","ERID",,,,29
"BAMN","AA31","2009","RE091210",48.772,-3.983,,"Estacade","20091210",,,"RE091210",,5,1,1,160572,,,"ABUNDNR","nrcells/l",,,,,,,"CEMP~NATL","T~S","2009","PP","ERID",,,,1018
"BAMN","AA31","2009","RE091223",48.772,-3.983,,"Estacade","20091223",,,"RE091223",,5,1,1,17639,,,"ABUNDNR","nrcells/l",,,,,,,"CEMP~NATL","T~S","2009","PP","ERID",,,,18
"BAMN","AA31","2009","RE091223",48.772,-3.983,,"Estacade","20091223",,,"RE091223",,5,1,1,160572,,,"ABUNDNR","nrcells/l",,,,,,,"CEMP~NATL","T~S","2009","PP","ERID",,,,848
"BAMN","AA31","2010","RE100111",48.772,-3.983,,"Estacade","20100111",,,"RE100111",,5,1,1,17639,,,"ABUNDNR","nrcells/l",,,,,,,"CEMP~NATL","T~S","2010","PP","ERID",,,,23
"BAMN","AA31","2010","RE100111",48.772,-3.983,,"Estacade","20100111",,,"RE100111",,5,1,1,160572,,,"ABUNDNR","nrcells/l",,,,,,,"CEMP~NATL","T~S","2010","PP","ERID",,,,1269
"BAMN","AA31","2010","RE100125",48.772,-3.983,,"Estacade","20100125",,,"RE100125",,5,1,1,17639,,,"ABUNDNR","nrcells/l",,,,,,,"CEMP~NATL","T~S","2010","PP","ERID",,,,64
"BAMN","AA31","2010","RE100125",48.772,-3.983,,"Estacade","20100125",,,"RE100125",,5,1,1,160572,,,"ABUNDNR","nrcells/l",,,,,,,"CEMP~NATL","T~S","2010","PP","ERID",,,,1170
"BAMN","AA31","2010","RE100208",48.772,-3.983,,"Estacade","20100208",,,"RE100208",,5,1,1,17639,,,"ABUNDNR","nrcells/l",,,,,,,"CEMP~NATL","T~S","2010","PP","ERID",,,,76
"BAMN","AA31","2010","RE100208",48.772,-3.983,,"Estacade","20100208",,,"RE100208",,5,1,1,160572,,,"ABUNDNR","nrcells/l",,,,,,,"CEMP~NATL","T~S","2010","PP","ERID",,,,1982
"BAMN","AA31","2010","RE100309",48.772,-3.983,,"Estacade","20100309",,,"RE100309",,5,1,1,17639,,,"ABUNDNR","nrcells/l",,,,,,,"CEMP~NATL","T~S","2010","PP","ERID",,,,105
"BAMN","AA31","2010","RE100309",48.772,-3.983,,"Estacade","20100309",,,"RE100309",,5,1,1,160572,,,"ABUNDNR","nrcells/l",,,,,,,"CEMP~NATL","T~S","2010","PP","ERID",,,,4567
"BAMN","AA31","2010","RE100324",48.772,-3.983,,"Estacade","20100324",,,"RE100324",,5,1,1,17639,,,"ABUNDNR","nrcells/l",,,,,,,"CEMP~NATL","T~S","2010","PP","ERID",,,,76
"BAMN","AA31","2010","RE100324",48.772,-3.983,,"Estacade","20100324",,,"RE100324",,5,1,1,160572,,,"ABUNDNR","nrcells/l",,,,,,,"CEMP~NATL","T~S","2010","PP","ERID",,,,1649
"BAMN","AA31","2010","RE100422",48.772,-3.983,,"Estacade","20100422",,,"RE100422",,5,1,1,17639,,,"ABUNDNR","nrcells/l",,,,,,,"CEMP~NATL","T~S","2010","PP","ERID",,,,18
"BAMN","AA31","2010","RE100422",48.772,-3.983,,"Estacade","20100422",,,"RE100422",,5,1,1,160572,,,"ABUNDNR","nrcells/l",,,,,,,"CEMP~NATL","T~S","2010","PP","ERID",,,,1000
"BAMN","AA31","2010","RE100506",48.772,-3.983,,"Estacade","20100506",,,"RE100506",,5,1,1,17639,,,"ABUNDNR","nrcells/l",,,,,,,"CEMP~NATL","T~S","2010","PP","ERID",,,,42
"BAMN","AA31","2010","RE100506",48.772,-3.983,,"Estacade","20100506",,,"RE100506",,5,1,1,160572,,,"ABUNDNR","nrcells/l",,,,,,,"CEMP~NATL","T~S","2010","PP","ERID",,,,762
"BAMN","AA31","2010","RE100521",48.772,-3.983,,"Estacade","20100521",,,"RE100521",,5,1,1,17639,,,"ABUNDNR","nrcells/l",,,,,,,"CEMP~NATL","T~S","2010","PP","ERID",,,,42
"BAMN","AA31","2010","RE100521",48.772,-3.983,,"Estacade","20100521",,,"RE100521",,5,1,1,160572,,,"ABUNDNR","nrcells/l",,,,,,,"CEMP~NATL","T~S","2010","PP","ERID",,,,131
"BAMN","AA31","2010","RE100607",48.772,-3.983,,"Estacade","20100607",,,"RE100607",,5,1,1,17639,,,"ABUNDNR","nrcells/l",,,,,,,"CEMP~NATL","T~S","2010","PP","ERID",,,,107
"BAMN","AA31","2010","RE100607",48.772,-3.983,,"Estacade","20100607",,,"RE100607",,5,1,1,160572,,,"ABUNDNR","nrcells/l",,,,,,,"CEMP~NATL","T~S","2010","PP","ERID",,,,857
"BAMN","AA31","2010","RE100621",48.772,-3.983,,"Estacade","20100621",,,"RE100621",,5,1,1,17639,,,"ABUNDNR","nrcells/l",,,,,,,"CEMP~NATL","T~S","2010","PP","ERID",,,,54
"BAMN","AA31","2010","RE100621",48.772,-3.983,,"Estacade","20100621",,,"RE100621",,5,1,1,160572,,,"ABUNDNR","nrcells/l",,,,,,,"CEMP~NATL","T~S","2010","PP","ERID",,,,2470
"BAMN","AA31","2010","RE100706",48.772,-3.983,,"Estacade","20100706",,,"RE100706",,5,1,1,17639,,,"ABUNDNR","nrcells/l",,,,,,,"CEMP~NATL","T~S","2010","PP","ERID",,,,36
"BAMN","AA31","2010","RE100706",48.772,-3.983,,"Estacade","20100706",,,"RE100706",,5,1,1,160572,,,"ABUNDNR","nrcells/l",,,,,,,"CEMP~NATL","T~S","2010","PP","ERID",,,,4446
"BAMN","AA31","2010","RE100720",48.772,-3.983,,"Estacade","20100720",,,"RE100720",,5,1,1,17639,,,"ABUNDNR","nrcells/l",,,,,,,"CEMP~NATL","T~S","2010","PP","ERID",,,,95
"BAMN","AA31","2010","RE100720",48.772,-3.983,,"Estacade","20100720",,,"RE100720",,5,1,1,160572,,,"ABUNDNR","nrcells/l",,,,,,,"CEMP~NATL","T~S","2010","PP","ERID",,,,4250
"BAMN","AA31","2010","RE100805",48.772,-3.983,,"Estacade","20100805",,,"RE100805",,5,1,1,17639,,,"ABUNDNR","nrcells/l",,,,,,,"CEMP~NATL","T~S","2010","PP","ERID",,,,36
"BAMN","AA31","2010","RE100805",48.772,-3.983,,"Estacade","20100805",,,"RE100805",,5,1,1,160572,,,"ABUNDNR","nrcells/l",,,,,,,"CEMP~NATL","T~S","2010","PP","ERID",,,,3994
"BAMN","AA31","2010","RE100819",48.772,-3.983,,"Estacade","20100819",,,"RE100819",,5,1,1,17639,,,"ABUNDNR","nrcells/l",,,,,,,"CEMP~NATL","T~S","2010","PP","ERID",,,,42
"BAMN","AA31","2010","RE100819",48.772,-3.983,,"Estacade","20100819",,,"RE100819",,5,1,1,160572,,,"ABUNDNR","nrcells/l",,,,,,,"CEMP~NATL","T~S","2010","PP","ERID",,,,2661
"BAMN","AA31","2010","RE100903",48.772,-3.983,,"Estacade","20100903",,,"RE100903",,5,1,1,17639,,,"ABUNDNR","nrcells/l",,,,,,,"CEMP~NATL","T~S","2010","PP","ERID",,,,65
"BAMN","AA31","2010","RE100903",48.772,-3.983,,"Estacade","20100903",,,"RE100903",,5,1,1,160572,,,"ABUNDNR","nrcells/l",,,,,,,"CEMP~NATL","T~S","2010","PP","ERID",,,,3298
"BAMN","AA31","2010","RE100916",48.772,-3.983,,"Estacade","20100916",,,"RE100916",,5,1,1,17639,,,"ABUNDNR","nrcells/l",,,,,,,"CEMP~NATL","T~S","2010","PP","ERID",,,,36
"BAMN","AA31","2010","RE100916",48.772,-3.983,,"Estacade","20100916",,,"RE100916",,5,1,1,160572,,,"ABUNDNR","nrcells/l",,,,,,,"CEMP~NATL","T~S","2010","PP","ERID",,,,2369
"BAMN","AA31","2010","RE101001",48.772,-3.983,,"Estacade","20101001",,,"RE101001",,5,1,1,17639,,,"ABUNDNR","nrcells/l",,,,,,,"CEMP~NATL","T~S","2010","PP","ERID",,,,95
"BAMN","AA31","2010","RE101001",48.772,-3.983,,"Estacade","20101001",,,"RE101001",,5,1,1,160572,,,"ABUNDNR","nrcells/l",,,,,,,"CEMP~NATL","T~S","2010","PP","ERID",,,,2101
"BAMN","AA31","2010","RE101015",48.772,-3.983,,"Estacade","20101015",,,"RE101015",,5,1,1,17639,,,"ABUNDNR","nrcells/l",,,,,,,"CEMP~NATL","T~S","2010","PP","ERID",,,,42
"BAMN","AA31","2010","RE101015",48.772,-3.983,,"Estacade","20101015",,,"RE101015",,5,1,1,160572,,,"ABUNDNR","nrcells/l",,,,,,,"CEMP~NATL","T~S","2010","PP","ERID",,,,3256
"BAMN","AA31","2010","RE101115",48.772,-3.983,,"Estacade","20101115",,,"RE101115",,5,1,1,17639,,,"ABUNDNR","nrcells/l",,,,,,,"CEMP~NATL","T~S","2010","PP","ERID",,,,95
"BAMN","AA31","2010","RE101115",48.772,-3.983,,"Estacade","20101115",,,"RE101115",,5,1,1,160572,,,"ABUNDNR","nrcells/l",,,,,,,"CEMP~NATL","T~S","2010","PP","ERID",,,,2810
"BAMN","AA31","2010","RE101129",48.772,-3.983,,"Estacade","20101129",,,"RE101129",,5,1,1,17639,,,"ABUNDNR","nrcells/l",,,,,,,"CEMP~NATL","T~S","2010","PP","ERID",,,,71
"BAMN","AA31","2010","RE101129",48.772,-3.983,,"Estacade","20101129",,,"RE101129",,5,1,1,160572,,,"ABUNDNR","nrcells/l",,,,,,,"CEMP~NATL","T~S","2010","PP","ERID",,,,1024
"BAMN","AA31","2010","RE101215",48.772,-3.983,,"Estacade","20101215",,,"RE101215",,5,1,1,17639,,,"ABUNDNR","nrcells/l",,,,,,,"CEMP~NATL","T~S","2010","PP","ERID",,,,30
"BAMN","AA31","2010","RE101215",48.772,-3.983,,"Estacade","20101215",,,"RE101215",,5,1,1,160572,,,"ABUNDNR","nrcells/l",,,,,,,"CEMP~NATL","T~S","2010","PP","ERID",,,,851
"BAMN","AA31","2011","RE110113",48.772,-3.983,,"Estacade","20110113",,,"RE110113",,5,1,1,17639,,,"ABUNDNR","nrcells/l",,,,,,,"CEMP~NATL","T~S","2011","PP","ERID",,,,98
"BAMN","AA31","2011","RE110113",48.772,-3.983,,"Estacade","20110113",,,"RE110113",,5,1,1,160572,,,"ABUNDNR","nrcells/l",,,,,,,"CEMP~NATL","T~S","2011","PP","ERID",,,,1634
"BAMN","AA31","2011","RE110128",48.772,-3.983,,"Estacade","20110128",,,"RE110128",,5,1,1,17639,,,"ABUNDNR","nrcells/l",,,,,,,"CEMP~NATL","T~S","2011","PP","ERID",,,,78
"BAMN","AA31","2011","RE110128",48.772,-3.983,,"Estacade","20110128",,,"RE110128",,5,1,1,160572,,,"ABUNDNR","nrcells/l",,,,,,,"CEMP~NATL","T~S","2011","PP","ERID",,,,2484
"BAMN","AA31","2011","RE110211",48.772,-3.983,,"Estacade","20110211",,,"RE110211",,5,1,1,17639,,,"ABUNDNR","nrcells/l",,,,,,,"CEMP~NATL","T~S","2011","PP","ERID",,,,59
"BAMN","AA31","2011","RE110211",48.772,-3.983,,"Estacade","20110211",,,"RE110211",,5,1,1,160572,,,"ABUNDNR","nrcells/l",,,,,,,"CEMP~NATL","T~S","2011","PP","ERID",,,,1634
"BAMN","AA31","2011","RE110225",48.772,-3.983,,"Estacade","20110225",,,"RE110225",,5,1,1,17639,,,"ABUNDNR","nrcells/l",,,,,,,"CEMP~NATL","T~S","2011","PP","ERID",,,,46
"BAMN","AA31","2011","RE110225",48.772,-3.983,,"Estacade","20110225",,,"RE110225",,5,1,1,160572,,,"ABUNDNR","nrcells/l",,,,,,,"CEMP~NATL","T~S","2011","PP","ERID",,,,2673
"BAMN","AA31","2011","RE110314",48.772,-3.983,,"Estacade","20110314",,,"RE110314",,5,1,1,17639,,,"ABUNDNR","nrcells/l",,,,,,,"CEMP~NATL","T~S","2011","PP","ERID",,,,39
"BAMN","AA31","2011","RE110314",48.772,-3.983,,"Estacade","20110314",,,"RE110314",,5,1,1,160572,,,"ABUNDNR","nrcells/l",,,,,,,"CEMP~NATL","T~S","2011","PP","ERID",,,,2379
"BAMN","AA31","2011","RE110328",48.772,-3.983,,"Estacade","20110328",,,"RE110328",,5,1,1,17639,,,"ABUNDNR","nrcells/l",,,,,,,"CEMP~NATL","T~S","2011","PP","ERID",,,,72
"BAMN","AA31","2011","RE110328",48.772,-3.983,,"Estacade","20110328",,,"RE110328",,5,1,1,160572,,,"ABUNDNR","nrcells/l",,,,,,,"CEMP~NATL","T~S","2011","PP","ERID",,,,3353
"BAMN","AA31","2011","RE110412",48.772,-3.983,,"Estacade","20110412",,,"RE110412",,5,1,1,17639,,,"ABUNDNR","nrcells/l",,,,,,,"CEMP~NATL","T~S","2011","PP","ERID",,,,59
"BAMN","AA31","2011","RE110412",48.772,-3.983,,"Estacade","20110412",,,"RE110412",,5,1,1,160572,,,"ABUNDNR","nrcells/l",,,,,,,"CEMP~NATL","T~S","2011","PP","ERID",,,,2098
"BAMN","AA31","2011","RE110426",48.772,-3.983,,"Estacade","20110426",,,"RE110426",,5,1,1,17639,,,"ABUNDNR","nrcells/l",,,,,,,"CEMP~NATL","T~S","2011","PP","ERID",,,,98
"BAMN","AA31","2011","RE110426",48.772,-3.983,,"Estacade","20110426",,,"RE110426",,5,1,1,160572,,,"ABUNDNR","nrcells/l",,,,,,,"CEMP~NATL","T~S","2011","PP","ERID",,,,2033
"BAMN","AA31","2011","RE110511",48.772,-3.983,,"Estacade","20110511",,,"RE110511",,5,1,1,17639,,,"ABUNDNR","nrcells/l",,,,,,,"CEMP~NATL","T~S","2011","PP","ERID",,,,59
"BAMN","AA31","2011","RE110511",48.772,-3.983,,"Estacade","20110511",,,"RE110511",,5,1,1,160572,,,"ABUNDNR","nrcells/l",,,,,,,"CEMP~NATL","T~S","2011","PP","ERID",,,,941
"BAMN","AA31","2011","RE110525",48.772,-3.983,,"Estacade","20110525",,,"RE110525",,5,1,1,17639,,,"ABUNDNR","nrcells/l",,,,,,,"CEMP~NATL","T~S","2011","PP","ERID",,,,33
"BAMN","AA31","2011","RE110525",48.772,-3.983,,"Estacade","20110525",,,"RE110525",,5,1,1,160572,,,"ABUNDNR","nrcells/l",,,,,,,"CEMP~NATL","T~S","2011","PP","ERID",,,,2183
"BAMN","AA31","2011","RE110609",48.772,-3.983,,"Estacade","20110609",,,"RE110609",,5,1,1,17639,,,"ABUNDNR","nrcells/l",,,,,,,"CEMP~NATL","T~S","2011","PP","ERID",,,,65
"BAMN","AA31","2011","RE110609",48.772,-3.983,,"Estacade","20110609",,,"RE110609",,5,1,1,160572,,,"ABUNDNR","nrcells/l",,,,,,,"CEMP~NATL","T~S","2011","PP","ERID",,,,7582
"BAMN","AA31","2011","RE110624",48.772,-3.983,,"Estacade","20110624",,,"RE110624",,5,1,1,17639,,,"ABUNDNR","nrcells/l",,,,,,,"CEMP~NATL","T~S","2011","PP","ERID",,,,98
"BAMN","AA31","2011","RE110624",48.772,-3.983,,"Estacade","20110624",,,"RE110624",,5,1,1,160572,,,"ABUNDNR","nrcells/l",,,,,,,"CEMP~NATL","T~S","2011","PP","ERID",,,,9516
"BAMN","AA31","2011","RE110711",48.772,-3.983,,"Estacade","20110711",,,"RE110711",,5,1,1,17639,,,"ABUNDNR","nrcells/l",,,,,,,"CEMP~NATL","T~S","2011","PP","ERID",,,,65
"BAMN","AA31","2011","RE110711",48.772,-3.983,,"Estacade","20110711",,,"RE110711",,5,1,1,160572,,,"ABUNDNR","nrcells/l",,,,,,,"CEMP~NATL","T~S","2011","PP","ERID",,,,4588
"BAMN","AA31","2011","RE110725",48.772,-3.983,,"Estacade","20110725",,,"RE110725",,5,1,1,17639,,,"ABUNDNR","nrcells/l",,,,,,,"CEMP~NATL","T~S","2011","PP","ERID",,,,59
"BAMN","AA31","2011","RE110725",48.772,-3.983,,"Estacade","20110725",,,"RE110725",,5,1,1,160572,,,"ABUNDNR","nrcells/l",,,,,,,"CEMP~NATL","T~S","2011","PP","ERID",,,,3353
"BAMN","AA31","2011","RE110808",48.772,-3.983,,"Estacade","20110808",,,"RE110808",,5,1,1,17639,,,"ABUNDNR","nrcells/l",,,,,,,"CEMP~NATL","T~S","2011","PP","ERID",,,,46
"BAMN","AA31","2011","RE110808",48.772,-3.983,,"Estacade","20110808",,,"RE110808",,5,1,1,160572,,,"ABUNDNR","nrcells/l",,,,,,,"CEMP~NATL","T~S","2011","PP","ERID",,,,2085
"BAMN","AA31","2011","RE110823",48.772,-3.983,,"Estacade","20110823",,,"RE110823",,5,1,1,17639,,,"ABUNDNR","nrcells/l",,,,,,,"CEMP~NATL","T~S","2011","PP","ERID",,,,78
"BAMN","AA31","2011","RE110823",48.772,-3.983,,"Estacade","20110823",,,"RE110823",,5,1,1,160572,,,"ABUNDNR","nrcells/l",,,,,,,"CEMP~NATL","T~S","2011","PP","ERID",,,,3523
"BAMN","AA31","2011","RE110905",48.772,-3.983,,"Estacade","20110905",,,"RE110905",,5,1,1,17639,,,"ABUNDNR","nrcells/l",,,,,,,"CEMP~NATL","T~S","2011","PP","ERID",,,,26
"BAMN","AA31","2011","RE110905",48.772,-3.983,,"Estacade","20110905",,,"RE110905",,5,1,1,160572,,,"ABUNDNR","nrcells/l",,,,,,,"CEMP~NATL","T~S","2011","PP","ERID",,,,2745
"BAMN","AA31","2011","RE110921",48.772,-3.983,,"Estacade","20110921",,,"RE110921",,5,1,1,17639,,,"ABUNDNR","nrcells/l",,,,,,,"CEMP~NATL","T~S","2011","PP","ERID",,,,46
"BAMN","AA31","2011","RE110921",48.772,-3.983,,"Estacade","20110921",,,"RE110921",,5,1,1,160572,,,"ABUNDNR","nrcells/l",,,,,,,"CEMP~NATL","T~S","2011","PP","ERID",,,,2412
"BAMN","AA31","2011","RE111004",48.772,-3.983,,"Estacade","20111004",,,"RE111004",,5,1,1,17639,,,"ABUNDNR","nrcells/l",,,,,,,"CEMP~NATL","T~S","2011","PP","ERID",,,,78
"BAMN","AA31","2011","RE111004",48.772,-3.983,,"Estacade","20111004",,,"RE111004",,5,1,1,160572,,,"ABUNDNR","nrcells/l",,,,,,,"CEMP~NATL","T~S","2011","PP","ERID",,,,4516
"BAMN","AA31","2011","RE111020",48.772,-3.983,,"Estacade","20111020",,,"RE111020",,5,1,1,17639,,,"ABUNDNR","nrcells/l",,,,,,,"CEMP~NATL","T~S","2011","PP","ERID",,,,26
"BAMN","AA31","2011","RE111020",48.772,-3.983,,"Estacade","20111020",,,"RE111020",,5,1,1,160572,,,"ABUNDNR","nrcells/l",,,,,,,"CEMP~NATL","T~S","2011","PP","ERID",,,,2582
"BAMN","AA31","2011","RE111102",48.772,-3.983,,"Estacade","20111102",,,"RE111102",,5,1,1,17639,,,"ABUNDNR","nrcells/l",,,,,,,"CEMP~NATL","T~S","2011","PP","ERID",,,,20
"BAMN","AA31","2011","RE111102",48.772,-3.983,,"Estacade","20111102",,,"RE111102",,5,1,1,160572,,,"ABUNDNR","nrcells/l",,,,,,,"CEMP~NATL","T~S","2011","PP","ERID",,,,4647
"BAMN","AA31","2011","RE111118",48.772,-3.983,,"Estacade","20111118",,,"RE111118",,5,1,1,17639,,,"ABUNDNR","nrcells/l",,,,,,,"CEMP~NATL","T~S","2011","PP","ERID",,,,26
"BAMN","AA31","2011","RE111118",48.772,-3.983,,"Estacade","20111118",,,"RE111118",,5,1,1,160572,,,"ABUNDNR","nrcells/l",,,,,,,"CEMP~NATL","T~S","2011","PP","ERID",,,,2386
"BAMN","AA31","2011","RE111205",48.772,-3.983,,"Estacade","20111205",,,"RE111205",,5,1,1,17639,,,"ABUNDNR","nrcells/l",,,,,,,"CEMP~NATL","T~S","2011","PP","ERID",,,,13
"BAMN","AA31","2011","RE111205",48.772,-3.983,,"Estacade","20111205",,,"RE111205",,5,1,1,160572,,,"ABUNDNR","nrcells/l",,,,,,,"CEMP~NATL","T~S","2011","PP","ERID",,,,2111
"BAMN","AA31","2011","RE111219",48.772,-3.983,,"Estacade","20111219",,,"RE111219",,5,1,1,17639,,,"ABUNDNR","nrcells/l",,,,,,,"CEMP~NATL","T~S","2011","PP","ERID",,,,13
"BAMN","AA31","2011","RE111219",48.772,-3.983,,"Estacade","20111219",,,"RE111219",,5,1,1,160572,,,"ABUNDNR","nrcells/l",,,,,,,"CEMP~NATL","T~S","2011","PP","ERID",,,,1614
"BAMN","AA31","2012","RE120104",48.772,-3.983,,"Estacade","20120104",,,"RE120104",,5,1,1,17639,,,"ABUNDNR","nrcells/l",,,,,,,"CEMP~NATL","T~S","2012","PP","ERID",,,,71.8954248366013
"BAMN","AA31","2012","RE120104",48.772,-3.983,,"Estacade","20120104",,,"RE120104",,5,1,1,160572,,,"ABUNDNR","nrcells/l",,,,,,,"CEMP~NATL","T~S","2012","PP","ERID",,,,1026.14379084967
"BAMN","AA31","2012","RE120118",48.772,-3.983,,"Estacade","20120118",,,"RE120118",,5,1,1,17639,,,"ABUNDNR","nrcells/l",,,,,,,"CEMP~NATL","T~S","2012","PP","ERID",,,,39.2156862745098
"BAMN","AA31","2012","RE120118",48.772,-3.983,,"Estacade","20120118",,,"RE120118",,5,1,1,160572,,,"ABUNDNR","nrcells/l",,,,,,,"CEMP~NATL","T~S","2012","PP","ERID",,,,1522.87581699346
"BAMN","AA31","2012","RE120201",48.772,-3.983,,"Estacade","20120201",,,"RE120201",,5,1,1,17639,,,"ABUNDNR","nrcells/l",,,,,,,"CEMP~NATL","T~S","2012","PP","ERID",,,,45.7516339869281
"BAMN","AA31","2012","RE120201",48.772,-3.983,,"Estacade","20120201",,,"RE120201",,5,1,1,160572,,,"ABUNDNR","nrcells/l",,,,,,,"CEMP~NATL","T~S","2012","PP","ERID",,,,2745.09803921569
"BAMN","AA31","2012","RE120216",48.772,-3.983,,"Estacade","20120216",,,"RE120216",,5,1,1,17639,,,"ABUNDNR","nrcells/l",,,,,,,"CEMP~NATL","T~S","2012","PP","ERID",,,,13.0718954248366
"BAMN","AA31","2012","RE120216",48.772,-3.983,,"Estacade","20120216",,,"RE120216",,5,1,1,160572,,,"ABUNDNR","nrcells/l",,,,,,,"CEMP~NATL","T~S","2012","PP","ERID",,,,3254.90196078431
"BAMN","AA31","2012","RE120305",48.772,-3.983,,"Estacade","20120305",,,"RE120305",,5,1,1,17639,,,"ABUNDNR","nrcells/l",,,,,,,"CEMP~NATL","T~S","2012","PP","ERID",,,,127.272727272727
"BAMN","AA31","2012","RE120305",48.772,-3.983,,"Estacade","20120305",,,"RE120305",,5,1,1,160572,,,"ABUNDNR","nrcells/l",,,,,,,"CEMP~NATL","T~S","2012","PP","ERID",,,,3648.48484848485
"BAMN","AA31","2012","RE120316",48.772,-3.983,,"Estacade","20120316",,,"RE120316",,5,1,1,17639,,,"ABUNDNR","nrcells/l",,,,,,,"CEMP~NATL","T~S","2012","PP","ERID",,,,30.3030303030303
"BAMN","AA31","2012","RE120316",48.772,-3.983,,"Estacade","20120316",,,"RE120316",,5,1,1,160572,,,"ABUNDNR","nrcells/l",,,,,,,"CEMP~NATL","T~S","2012","PP","ERID",,,,4393.93939393939
"BAMN","AA31","2012","RE120402",48.772,-3.983,,"Estacade","20120402",,,"RE120402",,5,1,1,17639,,,"ABUNDNR","nrcells/l",,,,,,,"CEMP~NATL","T~S","2012","PP","ERID",,,,18.1818181818182
"BAMN","AA31","2012","RE120402",48.772,-3.983,,"Estacade","20120402",,,"RE120402",,5,1,1,160572,,,"ABUNDNR","nrcells/l",,,,,,,"CEMP~NATL","T~S","2012","PP","ERID",,,,4721.21212121212
"BAMN","AA31","2012","RE120416",48.772,-3.983,,"Estacade","20120426",,,"RE120416",,5,1,1,17639,,,"ABUNDNR","nrcells/l",,,,,,,"CEMP~NATL","T~S","2012","PP","ERID",,,,42.4242424242424
"BAMN","AA31","2012","RE120416",48.772,-3.983,,"Estacade","20120426",,,"RE120416",,5,1,1,160572,,,"ABUNDNR","nrcells/l",,,,,,,"CEMP~NATL","T~S","2012","PP","ERID",,,,963.636363636364
"BAMN","AA31","2012","RE120430",48.772,-3.983,,"Estacade","20120430",,,"RE120430",,5,1,1,17639,,,"ABUNDNR","nrcells/l",,,,,,,"CEMP~NATL","T~S","2012","PP","ERID",,,,36.3636363636364
"BAMN","AA31","2012","RE120430",48.772,-3.983,,"Estacade","20120430",,,"RE120430",,5,1,1,160572,,,"ABUNDNR","nrcells/l",,,,,,,"CEMP~NATL","T~S","2012","PP","ERID",,,,1321.21212121212
"BAMN","AA31","2012","RE120514",48.772,-3.983,,"Estacade","20120514",,,"RE120514",,5,1,1,17639,,,"ABUNDNR","nrcells/l",,,,,,,"CEMP~NATL","T~S","2012","PP","ERID",,,,30.3030303030303
"BAMN","AA31","2012","RE120514",48.772,-3.983,,"Estacade","20120514",,,"RE120514",,5,1,1,160572,,,"ABUNDNR","nrcells/l",,,,,,,"CEMP~NATL","T~S","2012","PP","ERID",,,,3921.21212121212
"BAMN","AA31","2012","RE120529",48.772,-3.983,,"Estacade","20120529",,,"RE120529",,5,1,1,17639,,,"ABUNDNR","nrcells/l",,,,,,,"CEMP~NATL","T~S","2012","PP","ERID",,,,30.3030303030303
"BAMN","AA31","2012","RE120529",48.772,-3.983,,"Estacade","20120529",,,"RE120529",,5,1,1,160572,,,"ABUNDNR","nrcells/l",,,,,,,"CEMP~NATL","T~S","2012","PP","ERID",,,,854.545454545455
"BAMN","AA31","2012","RE120628",48.772,-3.983,,"Estacade","20120628",,,"RE120628",,5,1,1,17639,,,"ABUNDNR","nrcells/l",,,,,,,"CEMP~NATL","T~S","2012","PP","ERID",,,,42.4242424242424
"BAMN","AA31","2012","RE120628",48.772,-3.983,,"Estacade","20120628",,,"RE120628",,5,1,1,160572,,,"ABUNDNR","nrcells/l",,,,,,,"CEMP~NATL","T~S","2012","PP","ERID",,,,4206.06060606061
"BAMN","AA31","2012","RE120712",48.772,-3.983,,"Estacade","20120712",,,"RE120712",,5,1,1,17639,,,"ABUNDNR","nrcells/l",,,,,,,"CEMP~NATL","T~S","2012","PP","ERID",,,,12.1212121212121
"BAMN","AA31","2012","RE120712",48.772,-3.983,,"Estacade","20120712",,,"RE120712",,5,1,1,160572,,,"ABUNDNR","nrcells/l",,,,,,,"CEMP~NATL","T~S","2012","PP","ERID",,,,6024.24242424242
"BAMN","AA31","2012","RE120727",48.772,-3.983,,"Estacade","20120727",,,"RE120727",,5,1,1,17639,,,"ABUNDNR","nrcells/l",,,,,,,"CEMP~NATL","T~S","2012","PP","ERID",,,,48.4848484848485
"BAMN","AA31","2012","RE120727",48.772,-3.983,,"Estacade","20120727",,,"RE120727",,5,1,1,160572,,,"ABUNDNR","nrcells/l",,,,,,,"CEMP~NATL","T~S","2012","PP","ERID",,,,4484.84848484848
"BAMN","AA31","2012","RE120810",48.772,-3.983,,"Estacade","20120810",,,"RE120810",,5,1,1,17639,,,"ABUNDNR","nrcells/l",,,,,,,"CEMP~NATL","T~S","2012","PP","ERID",,,,36.3636363636364
"BAMN","AA31","2012","RE120810",48.772,-3.983,,"Estacade","20120810",,,"RE120810",,5,1,1,160572,,,"ABUNDNR","nrcells/l",,,,,,,"CEMP~NATL","T~S","2012","PP","ERID",,,,7866.66666666667
"BAMN","AA31","2012","RE120827",48.772,-3.983,,"Estacade","20120827",,,"RE120827",,5,1,1,17639,,,"ABUNDNR","nrcells/l",,,,,,,"CEMP~NATL","T~S","2012","PP","ERID",,,,30.3030303030303
"BAMN","AA31","2012","RE120827",48.772,-3.983,,"Estacade","20120827",,,"RE120827",,5,1,1,160572,,,"ABUNDNR","nrcells/l",,,,,,,"CEMP~NATL","T~S","2012","PP","ERID",,,,6193.93939393939
"BAMN","AA31","2012","RE120910",48.772,-3.983,,"Estacade","20120910",,,"RE120910",,5,1,1,160572,,,"ABUNDNR","nrcells/l",,,,,,,"CEMP~NATL","T~S","2012","PP","ERID",,,,5127.65957446809
"BAMN","AA31","2012","RE121009",48.772,-3.983,,"Estacade","20121009",,,"RE121009",,5,1,1,17639,,,"ABUNDNR","nrcells/l",,,,,,,"CEMP~NATL","T~S","2012","PP","ERID",,,,35.4609929078014
"BAMN","AA31","2012","RE121009",48.772,-3.983,,"Estacade","20121009",,,"RE121009",,5,1,1,160572,,,"ABUNDNR","nrcells/l",,,,,,,"CEMP~NATL","T~S","2012","PP","ERID",,,,4921.98581560284
"BAMN","AA31","2012","RE121022",48.772,-3.983,,"Estacade","20121022",,,"RE121022",,5,1,1,17639,,,"ABUNDNR","nrcells/l",,,,,,,"CEMP~NATL","T~S","2012","PP","ERID",,,,35.4609929078014
"BAMN","AA31","2012","RE121022",48.772,-3.983,,"Estacade","20121022",,,"RE121022",,5,1,1,160572,,,"ABUNDNR","nrcells/l",,,,,,,"CEMP~NATL","T~S","2012","PP","ERID",,,,3673.75886524823
"BAMN","AA31","2012","RE121107",48.772,-3.983,,"Estacade","20121107",,,"RE121107",,5,1,1,17639,,,"ABUNDNR","nrcells/l",,,,,,,"CEMP~NATL","T~S","2012","PP","ERID",,,,14.1843971631206
"BAMN","AA31","2012","RE121107",48.772,-3.983,,"Estacade","20121107",,,"RE121107",,5,1,1,160572,,,"ABUNDNR","nrcells/l",,,,,,,"CEMP~NATL","T~S","2012","PP","ERID",,,,1992.90780141844
"BAMN","AA31","2012","RE121122",48.772,-3.983,,"Estacade","20121122",,,"RE121122",,5,1,1,17639,,,"ABUNDNR","nrcells/l",,,,,,,"CEMP~NATL","T~S","2012","PP","ERID",,,,21.2765957446809
"BAMN","AA31","2012","RE121122",48.772,-3.983,,"Estacade","20121122",,,"RE121122",,5,1,1,160572,,,"ABUNDNR","nrcells/l",,,,,,,"CEMP~NATL","T~S","2012","PP","ERID",,,,1695.03546099291
"BAMN","AA31","2012","RE121206",48.772,-3.983,,"Estacade","20121206",,,"RE121206",,5,1,1,17639,,,"ABUNDNR","nrcells/l",,,,,,,"CEMP~NATL","T~S","2012","PP","ERID",,,,28.3687943262411
"BAMN","AA31","2012","RE121206",48.772,-3.983,,"Estacade","20121206",,,"RE121206",,5,1,1,160572,,,"ABUNDNR","nrcells/l",,,,,,,"CEMP~NATL","T~S","2012","PP","ERID",,,,1326.24113475177
"BAMN","AA31","2012","RE121221",48.772,-3.983,,"Estacade","20121221",,,"RE121221",,5,1,1,17639,,,"ABUNDNR","nrcells/l",,,,,,,"CEMP~NATL","T~S","2012","PP","ERID",,,,49.645390070922
"BAMN","AA31","2012","RE121221",48.772,-3.983,,"Estacade","20121221",,,"RE121221",,5,1,1,160572,,,"ABUNDNR","nrcells/l",,,,,,,"CEMP~NATL","T~S","2012","PP","ERID",,,,5723.40425531915
