station*;site d'echantillonnage*;jeu de donnees*;sample_name*;sampling_resp*;sampling_date(dd/mm/yyyy)*;sampling_time (hh:mm);sampling_depth_min;sampling_depth_max;sampling_volume;tide;tide_coefficient;sampling_device*;bottle_model;bottle_volume (liter);pump_model;pump_flow (L per min);net_length (m);net_type;net_area (m2);net_mesh (µm);net_direction;analysis_method*;analysis_resp*;analysis_date (dd/mm/yyyy)*;preservation;volume_analysed(ml);filtration_mesh;sample_fraction;fractioning_method;fixing_method;volume_sedimentation_chamber(ml);taxon_pelagos;Actinocyclus;Actinoptychus;Akashiwo sanguinea;Alexandrium;Amphidinium;Amphora;Ardissonea;Asterionella;Asterionella glacialis;Attheya;Bacillaria;Bacteriastrum;Bellerochea;Biddulphia;Campyloneis;Centrales;Centrales;Centrales;Centrales;Cerataulina pelagica;Ceratium;Chaetoceros;Chaetoceros calcitrans;Chaetoceros compressus;Chaetoceros;Chaetoceros danicus;Chaetoceros decipiens;Chaetoceros densus;Chaetoceros diadema;Chaetoceros;Chaetoceros eibenii;Chaetoceros lorenzianus;Chaetoceros simplex;Chaetoceros socialis;Chaetoceros subtilis;Chaetoceros teres;Cocconeis;Coscinodiscophycidae;Coscinodiscus;Cryptophyta;Dactyliosolen fragilissimus;Delphineis;Detonula;Dictyocha fibula;Octactis speculum;Dinobryon;Dinoflagellata;Dinoflagellata;Dinoflagellata;Dinoflagellata;Dinoflagellata;Dinoflagellata;Dinoflagellata;Dinoflagellata;Dinophysis;Diploneis;Ditylum brightwellii;Entomoneis;Eucampia;Eutreptiella;Gonyaulax;Grammatophora;Guinardia;Guinardia delicatula;Guinardia flaccida;Guinardia striata;Gymnodinium;Gyrodinium;Gyrodinium spirale;Pleurosigmataceae;Haslea;Heterocapsa;Heterocapsa circularisquama;Heterocapsa lanceolata;Heterocapsa rotundata;Heterocapsa;Heterocapsa;Kryptoperidinium triquetrum;Katodinium;Lebouridinium glaucum;Lauderia;Lauderia annulata;Leptocylindrus;Leptocylindrus danicus;Leptocylindrus minimus;Lessardia elongata;Licmophora;Lithodesmium;Mediopyxis;Melosira;Meuniera;Undetermined Microphytoplankton;Undetermined Nanophytoplankton;Undetermined Nanophytoplankton;Naviculales;Nitzschia;Bacillariaceae;Bacillariaceae;Odontella;Odontella aurita;Odontella mobiliensis;Odontella regia;Odontella sinensis;Paralia;Pennales;Pennales;Pennales;Phaeocystis;Phaeocystis;Pinnularia;Bacillariophyceae;Plagiolemma;Podosira;Podosira stelligera;Polykrikos;Prorocentrum;Prorocentrum;Prorocentrum micans;Protoperidinium;Protoperidinium bipes;Pseudo-nitzschia;Pseudo-nitzschia;Pseudo-nitzschia;Pseudo-nitzschia;Pseudo-nitzschia;Pyramimonas;Raphidophyceae;Rhabdonema;Rhizosolenia;Rhizosolenia imbricata;Rhizosolenia;Scrippsiella;Skeletonema;Striatella;Thalassionema;Thalassiosira;Thalassiosira;Thalassiosira;Thalassiosira eccentrica;Thalassiosira gravida;Thalassiosira;Thalassiosira punctigera;Thalassiosira rotula;Thalassiosira;Thalassiosira;Thalassiosira;Thalassiosira;Thalassiosiraceae;Thalassiosiraceae;Torodinium
;;;;;;;;;;;;;;;;;;;;;;;;;;;;;;;;taxon_user;Actinocyclus;Actinoptychus;Akashiwo sanguinea;Alexandrium;Amphidinium;Amphora;Ardissonia;Asterionella;Asterionellopsis glacialis;Attheya;Bacillaria;Bacteriastrum;Bellerochea;Biddulphia;Campyloneis;Centrales indéterminées;Centrales indéterminées;Centrales indéterminées;Centrées indéterminées;Cerataulina pelagica;Ceratium;Chaetoceros;Chaetoceros calcitrans;Chaetoceros compressus;Chaetoceros curvisetus ou debilis ou pseudocurvisetus;Chaetoceros danicus;Chaetoceros decipiens;Chaetoceros densus;Chaetoceros diadema;Chaetoceros didymus + protuberans;Chaetoceros eibenii;Chaetoceros lorenzianus;Chaetoceros simplex;Chaetoceros socialis;Chaetoceros subtilis;Chaetoceros teres;Cocconeis;Coscinodiscophycidae;Coscinodiscus;Cryptophyta;Dactyliosolen fragilissimus;Delphineis;Detonula;Dictyocha fibula;Dictyocha speculum;Dinobryon;Dinophycées indéterminées;Dinophycées nues;Dinophycées nues;Dinophycées nues;Dinophycées à thèque;Dinophycées à  thèque;Dinophycées à  thèque;Dinophycées à  thèque;Dinophysis;Diploneis;Ditylum brightwellii;Entomoneis;Eucampia;Eutreptiella;Gonyaulax;Grammatophora;Guinardia;Guinardia delicatula;Guinardia flaccida;Guinardia striata;Gymnodinium;Gyrodinium;Gyrodinium spirale;Gyrosigma ou Pleurosigma;Haslea;Heterocapsa;Heterocapsa circularisquama;Heterocapsa lanceolata;Heterocapsa rotundata;Heterocapsa rotundata / minima;Heterocapsa rotundata/minima;Heterocapsa triquetra;Katodinium;Katodinium glaucum;Lauderia;Lauderia annulata;Leptocylindrus;Leptocylindrus danicus;Leptocylindrus minimus;Lessardia elongata;Licmophora;Lithodesmium;Mediopyxis;Melosira;Meuniera;Microphytoplancton indéterminé;Nanophytoplancton indéterminé;Nanophytoplancton indéterminé;Naviculales;Nitzschia;Nitzschia longissima ou Cylindrotheca closterium;Nitzschia longissima ou Cylindrotheca closterium (fines);Odontella;Odontella aurita;Odontella mobiliensis;Odontella regia;Odontella sinensis;Paralia;Pennées indéterminées;Pennées indéterminées;Pennées indéterminées;Phaeocystis;Phaeocystis;Pinnularia;Plagiogrammaceae + Cymatosiraceae;Plagiolemma;Podosira;Podosira stelligera;Polykrikos;Prorocentrum;Prorocentrum gracile + triestinum;Prorocentrum micans;Protoperidinium;Protoperidinium bipes;Pseudo-nitzschia;Pseudo-nitzschia complexe americana (americana + brasiliana);Pseudo-nitzschia complexe delicatissima (groupe des fines : calliantha + delicatissima + pseudodelicatissima + subcurvata);Pseudo-nitzschia complexe seriata (groupe des larges : australis + fraudulenta + seriata + subpacifica + multiseries + pungens);Pseudo-nitzschia groupe des sigmoïdes (multistriata);Pyramimonas;Raphidophyceae;Rhabdonema;Rhizosolenia;Rhizosolenia imbricata;Rhizosolenia setigera + setigera f. pungens;Scrippsiella;Skeletonema;Striatella;Thalassionema;Thalassiosira;Thalassiosira constricta /angulata;Thalassiosira constricta/angulata;Thalassiosira eccentrica;Thalassiosira gravida;Thalassiosira levanderi/minima;Thalassiosira punctigera;Thalassiosira rotula;Thalassiosira;Thalassiosira;Thalassiosira;Thalassiosira;Thalassiosiraceae;Thalassiosiraceae;Torodinium
;;;;;;;;;;;;;;;;;;;;;;;;;;;;;;;;aphiaID;148944;148947;232546;109470;109473;149200;163703;148953;148955;160519;149148;149118;149305;148967;178059;341285;341285;341285;341285;149619;109506;148985;163013;149129;148985;149120;149126;149121;149128;148985;160521;156617;149294;149123;156621;149125;148989;148971;148917;17638;149310;149179;149285;157463;1310442;157240;146203;146203;146203;146203;146203;146203;146203;146203;109462;149018;149023;156598;149130;17657;109519;149335;149111;149112;149132;149113;109475;109476;109876;149032;149210;109540;233610;233615;110152;109540;109540;1346683;109477;1382182;149134;149135;149038;149106;149039;232703;149342;149321;345484;149042;149144;;;;149015;149045;149002;149002;148963;149050;164116;149094;149095;149054;1304629;1304629;1304629;115088;115088;149208;148899;601957;149059;149060;109485;109566;109566;110303;109553;110208;149151;149151;149151;149151;149151;134529;160581;157072;149069;149116;149069;109545;149073;149176;149092;148912;148912;148912;148922;149102;148912;148936;148942;148912;148912;148912;148912;148904;148904;109479
;;;;;;;;;;;;;;;;;;;;;;;;;;;;;;;;stage;;;;;;;;;;;;;;;;;;;;;;;;;;;;;;;;;;;;;;;;;;;;;;;;;;;;;;;;;;;;;;;;;;;;;;;;;;;;;;;;;;;;;;;;;;;;;;;;;;;;;;;;;;;;;;;;;;;;;;;;;;;;;;;;;;;;;;;;;;;;;;;;;;;;;;
;;;;;;;;;;;;;;;;;;;;;;;;;;;;;;;;form;;;;;;;;;;;;;;;;;<=20µm;>20µm;;;;;;;;;;;;;;;;;;;;mélange de Cerataulina pelagica et Leptocylindrus danicus indistinguables;;;;;;;;;;;<=20µm;>20µm;;;<=20µm;>20µm;;;;;;;;;;;;;;;;;;;;;;;<<20 µm;;;;;;;;;;;;;;;;;<= 10µm;;;;< 3µm;;;;;;;;<=20µm;>20µm;;en colonie;;;;;;;;;;;;;;;;;;;;;;;;;;;;;;;;;;;<= 20µm;<=20µm;> 20µm;>20µm;< 10µm;solitaires, >= 25µm;
;;;;;;;;;;;;;;;;;;;;;;;;;;;;;;;;sex;;;;;;;;;;;;;;;;;;;;;;;;;;;;;;;;;;;;;;;;;;;;;;;;;;;;;;;;;;;;;;;;;;;;;;;;;;;;;;;;;;;;;;;;;;;;;;;;;;;;;;;;;;;;;;;;;;;;;;;;;;;;;;;;;;;;;;;;;;;;;;;;;;;;;;
Laboratoire BOREA;Luc-sur-Mer;PHYTO-UNICAEN-LUC;PHYTO-LUC-30012018;Orianne Jolly;30/01/2018;0:0;2.0;2.0;1.0;;;bottle;Niskin;0.0;;;;;;;;Comptage taxinomique phytoplancton;Bertrand Le Roy;30/03/2020;4°C - dark;0.0;;10.0;;;;;0;600;0;0;0;0;0;0;0;0;0;0;;0;0;;;;0;0;0;2000;0;0;0;0;;400;0;0;;0;;0;0;0;400;;0;7854;0;;0;;0;0;0;0;;;0;;;;0;200;0;;0;200;0;0;0;0;0;0;0;0;;600;;0;;;;;;0;0;;0;;0;;;;0;0;0;400;0;;51051;;3400;200;6600;;400;0;;0;0;8200;400;;;;0;0;9000;;0;;0;0;0;0;0;;0;;800;0;0;;;0;0;0;0;200;0;0;0;4000;;;;;;0;0;;;;;;;0
Laboratoire BOREA;Luc-sur-Mer;PHYTO-UNICAEN-LUC;PHYTO-LUC-19022018;Orianne Jolly;19/02/2018;0:0;2.0;2.0;1.0;;;bottle;Niskin;;;;;;;;;Comptage taxinomique phytoplancton;Bertrand Le Roy;30/03/2020;4°C - dark;0.0;;10.0;;;;;0;0;0;0;0;0;0;0;0;0;0;0;;0;0;;;;600;0;0;2000;0;0;0;0;;0;0;0;;0;;0;0;0;0;;600;19635;0;;0;;0;0;0;0;;;0;;;;0;0;200;;0;200;0;0;0;0;0;0;0;0;;0;;0;;;;;;0;0;;400;;0;;;;0;0;0;0;0;;94248;;0;0;2600;;0;0;;0;0;1800;600;;;;0;0;35343;;0;;0;0;0;0;0;;0;;0;1600;0;;;0;0;0;0;0;23562;0;0;0;;;;;;0;1200;;;;;;;0
Laboratoire BOREA;Luc-sur-Mer;PHYTO-UNICAEN-LUC;PHYTO-LUC-05032018;Orianne Jolly;05/03/2018;0:0;2.0;2.0;1.0;;;bottle;Niskin;;;;;;;;;Comptage taxinomique phytoplancton;Bertrand Le Roy;30/03/2020;4°C - dark;0.0;;10.0;;;;;0;0;0;0;0;0;0;0;0;0;0;0;;0;0;;;;1000;0;0;1200;7854;0;0;0;;0;0;0;;0;;0;0;0;0;;0;39270;0;;0;;400;0;600;0;;;0;;;;0;0;600;;0;600;0;0;0;0;0;0;0;0;;0;;0;;;;;;0;0;;0;;0;;;;0;0;0;0;0;;24562;;0;0;3000;;0;0;;0;0;0;11781;;;;0;0;3600;;0;;0;0;0;0;0;;0;;0;0;0;;;0;0;1000;0;400;3400;0;0;11400;;;;;;0;3600;;;;;;;0
Laboratoire BOREA;Luc-sur-Mer;PHYTO-UNICAEN-LUC;PHYTO-LUC-16032018;Orianne Jolly;16/03/2018;0:0;2.0;2.0;1.0;;;bottle;Niskin;;;;;;;;;Comptage taxinomique phytoplancton;Bertrand Le Roy;30/03/2020;4°C - dark;0.0;;10.0;;;;;0;0;0;0;0;0;0;0;0;0;0;0;;0;0;;;;1200;0;0;900;11781;0;0;0;;200;0;0;;0;;0;0;0;0;;0;172788;0;;0;;300;0;0;0;;;0;;;;0;200;400;;0;1300;0;0;0;0;0;0;0;0;;0;;0;;;;;;0;0;;1900;;0;;;;0;0;0;0;0;;102102;;0;0;3100;;100;0;;0;0;1000;300;;;;0;0;0;;0;;0;0;0;0;0;;0;;200;0;0;;;0;0;500;0;0;18000;0;0;37800;;;;;;0;14400;;;;;;;0
Laboratoire BOREA;Luc-sur-Mer;PHYTO-UNICAEN-LUC;PHYTO-LUC-30032018;Orianne Jolly;30/03/2018;0:0;2.0;2.0;1.0;;;bottle;Niskin;;;;;;;;;Comptage taxinomique phytoplancton;Bertrand Le Roy;30/03/2020;4°C - dark;0.0;;10.0;;;;;0;0;0;0;0;0;0;0;0;0;0;0;;0;0;;;;1500;0;0;500;0;1300;0;0;;0;0;0;;0;;0;0;0;0;;100;196350;0;;1600;;0;0;0;0;;;0;;;;0;0;400;;0;800;0;0;0;300;0;0;0;0;;0;;0;;;;;;0;0;;4800;;0;;;;0;0;0;0;0;;98175;;0;0;700;;0;200;;0;0;0;0;;;;0;0;0;;0;;0;0;0;0;0;;0;;0;0;0;;;0;0;100;0;0;1100;0;0;7000;;;;;;0;16600;;;;;;;0
Laboratoire BOREA;Luc-sur-Mer;PHYTO-UNICAEN-LUC;PHYTO-LUC-16042018;Orianne Jolly;16/04/2018;0:0;2.0;2.0;1.0;;;bottle;Niskin;;;;;;;;;Comptage taxinomique phytoplancton;Bertrand Le Roy;30/03/2020;4°C - dark;0.0;;10.0;;;;;0;0;0;0;0;0;0;0;0;0;0;0;;0;0;;;;300;0;0;0;427056;900;3000;0;;600;20300;0;;0;;0;0;0;0;;100;288176;0;;0;;0;0;0;0;;;0;;;;0;0;3400;;0;100;0;0;500;0;0;0;0;0;;0;;0;;;;;;0;0;;18100;;0;;;;0;0;0;0;0;;350672;;0;0;100;;200;0;;0;0;0;300;;;;0;0;0;;0;;0;0;0;0;0;;0;;0;1100;0;;;0;0;500;100;0;400;0;800;0;;;;;;0;4900;;;;;;;0
Laboratoire BOREA;Luc-sur-Mer;PHYTO-UNICAEN-LUC;PHYTO-LUC-03052018;Orianne Jolly;03/05/2018;0:0;2.0;2.0;1.0;;;bottle;Niskin;;;;;;;;;Comptage taxinomique phytoplancton;Bertrand Le Roy;30/03/2020;4°C - dark;0.0;;10.0;;;;;0;0;0;0;0;0;0;0;0;0;0;0;;0;0;;;;3800;0;0;1600;0;0;0;0;;0;0;0;;0;;0;0;0;0;;0;35343;600;;0;;0;0;2400;0;;;0;;;;0;0;11400;;0;0;0;0;0;7400;0;0;0;400;;200;;0;;;;;;0;0;;200;;0;;;;0;0;0;0;0;;74613;;0;0;400;;0;0;;0;0;12800;800;;;;0;0;0;;0;;0;400;0;0;200;;0;;0;46800;0;;;0;600;0;0;0;4800;0;0;0;;;;;;0;0;;;;;;;0
Laboratoire BOREA;Luc-sur-Mer;PHYTO-UNICAEN-LUC;PHYTO-LUC-30052018;Orianne Jolly;30/05/2018;0:0;2.0;2.0;1.0;;;bottle;Niskin;;;;;;;;;Comptage taxinomique phytoplancton;Bertrand Le Roy;30/03/2020;4°C - dark;0.0;;10.0;;;;;0;0;0;0;0;0;0;0;0;0;0;0;;0;0;;;;0;0;0;225680;0;204848;13888;0;;0;0;0;;0;;111104;0;0;0;;0;277760;27776;;0;;0;0;0;0;;;0;;;;0;0;0;;0;0;0;0;0;13888;0;0;0;0;;0;;0;;;;;;0;0;;0;;104160;;;;0;0;0;0;0;;465248;;0;0;0;;0;0;;0;0;0;0;;;;0;0;0;;0;;0;0;0;0;0;;0;;0;86800;0;;;0;6944;0;0;0;0;0;0;0;;;;;;0;0;;;;;;;0
Laboratoire BOREA;Luc-sur-Mer;PHYTO-UNICAEN-LUC;PHYTO-LUC-13062018;Orianne Jolly;13/06/2018;0:0;2.0;2.0;1.0;;;bottle;Niskin;;;;;;;;;Comptage taxinomique phytoplancton;Bertrand Le Roy;30/03/2020;4°C - dark;0.0;;10.0;;;;;0;600;0;200;0;0;0;0;0;0;0;0;;0;0;;;;1000;15600;0;733304;0;0;558311;0;;0;0;0;;0;;1858259;0;0;0;;0;294525;7600;;0;;0;0;4400;0;;;400;;;;0;0;0;;0;800;0;0;0;1800;400;0;1000;0;;200;;0;;;;;;0;4800;;0;;16800;;;;0;0;0;0;0;;498729;;0;1200;200;;0;0;;0;0;2400;400;;;;0;0;0;;0;;0;0;0;0;600;;0;;0;23200;0;;;0;0;3400;1600;4600;14400;0;2000;4400;;;;;;0;800;;;;;;;0
Laboratoire BOREA;Luc-sur-Mer;PHYTO-UNICAEN-LUC;PHYTO-LUC-02072018;Orianne Jolly;02/07/2018;0:0;2.0;2.0;1.0;;;bottle;Niskin;;;;;;;;;Comptage taxinomique phytoplancton;Bertrand Le Roy;30/03/2020;4°C - dark;0.0;;10.0;;;;;0;0;0;0;0;0;0;0;0;0;0;0;;0;0;;;;0;0;0;487500;0;0;375000;0;;0;0;0;;0;;331250;0;0;0;;0;431250;0;;0;;0;0;0;15708;;;0;;;;0;0;0;;0;0;0;0;0;0;0;0;0;0;;0;;0;;;;;;0;0;;0;;0;;;;0;0;0;0;0;;831416;;0;0;43750;;0;0;;0;0;0;31250;;;;0;0;0;;0;;0;0;0;0;0;;0;;0;0;0;;;0;0;0;0;0;162500;0;0;168750;;;;;;0;0;;;;;;;0
Laboratoire BOREA;Luc-sur-Mer;PHYTO-UNICAEN-LUC;PHYTO-LUC-12072018;Orianne Jolly;12/07/2018;0:0;2.0;2.0;1.0;;;bottle;Niskin;;;;;;;;;Comptage taxinomique phytoplancton;Bertrand Le Roy;30/03/2020;4°C - dark;0.0;;10.0;;;;;0;0;0;10000;0;0;0;0;0;0;0;0;;0;0;;;;0;20000;0;1540000;0;0;2120000;40000;;0;0;0;;0;;810000;0;0;0;;0;400000;10000;;0;;0;20000;0;0;;;10000;;;;200;0;0;;0;0;0;0;0;0;0;0;0;0;;3200;;0;;;;;;0;0;;0;;140000;;;;0;2400;0;0;0;;1490000;;0;0;100000;;0;0;;0;0;5400;0;;;;0;0;0;;400;;0;0;20200;600;0;;0;;110000;0;0;;;0;0;0;0;0;0;0;0;50000;;;;;;0;0;;;;;;;0
Laboratoire BOREA;Luc-sur-Mer;PHYTO-UNICAEN-LUC;PHYTO-LUC-31072018;Orianne Jolly;31/07/2018;0:0;2.0;2.0;1.0;;;bottle;Niskin;;;;;;;;;Comptage taxinomique phytoplancton;Bertrand Le Roy;30/03/2020;4°C - dark;0.0;;10.0;;;;;0;0;0;0;0;0;0;0;0;0;0;3200;;0;0;;;;0;0;0;60853;0;0;160966;0;;0;0;7852;;0;;241449;0;0;0;;0;325941;11200;;0;;0;0;3600;0;;;0;;;;0;0;1800;;0;1963;0;0;0;3200;0;0;0;0;;1000;;31416;;;;;;0;0;;0;;1200;;;;0;2000;0;0;0;;17671;;0;0;0;;0;0;;0;0;800;0;;;;0;0;0;;0;;0;0;4600;3400;11000;;0;;5200;10200;0;;;0;0;0;0;200;0;0;23556;0;;;;;;0;0;;;;;;;0
Laboratoire BOREA;Luc-sur-Mer;PHYTO-UNICAEN-LUC;PHYTO-LUC-10092018;Orianne Jolly;10/09/2018;0:0;2.0;2.0;1.0;;;bottle;Niskin;;;;;;;;;Comptage taxinomique phytoplancton;Bertrand Le Roy;30/03/2020;4°C - dark;0.0;;10.0;;;;;0;200;0;0;0;0;0;0;0;0;0;0;;0;0;;;;1800;400;0;0;0;0;3800;0;;0;0;0;;0;;0;0;0;0;;0;0;4000;;0;;0;0;4600;0;;;0;;;;1000;0;0;;0;2600;0;0;0;800;0;0;63000;300;;0;;800;;;;;;0;4000;;1300;;4600;;;;0;800;0;0;0;;2000;;400;0;6400;;0;0;;0;0;700;0;;;;0;0;0;;0;;0;0;8000;16800;7600;;0;;0;400;0;;;0;0;0;0;29000;19200;0;0;0;;;;;;0;0;;;;;;;0
Laboratoire BOREA;Luc-sur-Mer;PHYTO-UNICAEN-LUC;PHYTO-LUC-26092018;Orianne Jolly;26/09/2018;0:0;2.0;2.0;1.0;;;bottle;Niskin;;;;;;;;;Comptage taxinomique phytoplancton;Bertrand Le Roy;30/03/2020;4°C - dark;0.0;;10.0;;;;;0;0;0;0;0;0;0;0;0;0;0;0;;0;0;;;;100;0;100;0;0;0;16000;0;;0;0;0;;0;;0;0;0;0;;900;225802;0;;0;;0;0;0;0;;;0;;;;0;0;0;;0;100;0;0;0;0;0;1400;39260;100;;0;;64795;;;;;;0;981;;0;;0;;;;0;0;0;0;0;;0;;0;0;1900;;400;0;;0;0;3600;0;;;;0;0;0;;0;;0;0;0;0;0;;0;;7854;0;0;;;0;0;0;0;0;0;0;0;0;;;;;;0;0;;;;;;;0
Laboratoire BOREA;Luc-sur-Mer;PHYTO-UNICAEN-LUC;PHYTO-LUC-09102018;Orianne Jolly;09/10/2018;0:0;2.0;2.0;1.0;;;bottle;Niskin;;;;;;;;;Comptage taxinomique phytoplancton;Bertrand Le Roy;30/03/2020;4°C - dark;0.0;;10.0;;;;;0;0;0;7852;0;0;0;0;0;0;0;0;;0;0;;;;300;0;0;2500;0;0;12400;0;;0;0;0;;0;;0;0;0;0;;400;180642;200;;0;;0;0;9815;0;;;0;;;;0;300;200;;0;0;0;0;0;11200;200;4400;0;0;;0;;0;;;;;;0;0;;0;;0;;;;0;6600;0;0;0;;0;;0;0;0;;0;0;;200;0;14700;200;;;;0;0;0;;400;;0;0;0;0;0;;0;;3500;0;0;;;0;0;300;0;0;1700;0;0;500;;;;;;0;900;;;;;;;0
Laboratoire BOREA;Luc-sur-Mer;PHYTO-UNICAEN-LUC;PHYTO-LUC-25102018;Orianne Jolly;25/10/2018;0:0;2.0;2.0;1.0;;;bottle;Niskin;;;;;;;;;Comptage taxinomique phytoplancton;Bertrand Le Roy;30/03/2020;4°C - dark;0.0;;10.0;;;;;0;0;0;0;0;0;0;0;0;0;0;100;;0;0;;;;4907;0;0;3926;0;0;0;0;;0;0;0;;0;;0;0;0;0;;200;13741;0;;0;;5400;0;0;11778;;;0;;;;0;981;0;;0;0;0;0;0;100;0;200;0;0;;0;;0;;;;;;0;2944;;0;;2944;;;;0;0;0;0;0;;22574;;0;0;0;;0;0;;0;0;3400;0;;;;0;0;0;;0;;0;0;0;100;100;;0;;0;1800;0;;;0;0;0;0;400;0;0;0;200;;;;;;0;0;;;;;;;0
Laboratoire BOREA;Luc-sur-Mer;PHYTO-UNICAEN-LUC;PHYTO-LUC-08112018;Orianne Jolly;08/11/2018;0:0;2.0;2.0;1.0;;;bottle;Niskin;;;;;;;;;Comptage taxinomique phytoplancton;Bertrand Le Roy;30/03/2020;4°C - dark;0.0;;10.0;;;;;0;0;0;400;0;0;0;0;0;0;0;0;;0;0;;;;5000;0;0;600;0;0;0;0;;0;0;0;;0;;0;0;0;0;;0;306306;0;;0;;1600;0;0;4400;;;0;;;;0;0;0;;0;200;0;0;0;2000;0;0;0;0;;0;;0;;;;;;0;0;;0;;400;;;;0;0;0;0;0;;47124;;0;600;200;;0;0;;0;0;1400;800;;;;0;0;0;;0;;0;0;0;0;200;;0;;400;400;0;;;0;0;1600;0;0;0;0;0;11000;;;;;;0;0;;;;;;;0
Laboratoire BOREA;Luc-sur-Mer;PHYTO-UNICAEN-LUC;PHYTO-LUC-22112018;Orianne Jolly;22/11/2018;0:0;2.0;2.0;1.0;;;bottle;Niskin;;;;;;;;;Comptage taxinomique phytoplancton;Bertrand Le Roy;30/03/2020;4°C - dark;0.0;;10.0;;;;;0;0;0;0;0;0;0;0;0;0;0;0;;0;0;;;;0;100;0;800;0;0;0;0;;0;0;0;;0;;6400;0;0;0;;200;5889;0;;0;;0;0;0;0;;;0;;;;0;0;0;;0;0;0;0;0;2700;0;0;0;0;;0;;0;;;;;;0;0;;0;;1900;;;;0;0;0;0;0;;19630;;0;0;0;;100;0;;0;0;2100;0;;;;0;0;0;;0;;0;0;0;0;0;;0;;0;2000;3600;;;0;0;3700;0;0;2100;0;0;0;;;;;;0;300;;;;;;;0
Laboratoire BOREA;Luc-sur-Mer;PHYTO-UNICAEN-LUC;PHYTO-LUC-11122018;Orianne Jolly;11/12/2018;0:0;2.0;2.0;1.0;;;bottle;Niskin;;;;;;;;;Comptage taxinomique phytoplancton;Bertrand Le Roy;30/03/2020;4°C - dark;0.0;;10.0;;;;;0;0;0;0;100;0;0;0;0;0;0;0;;0;0;;;;1000;0;0;600;0;0;0;0;;0;0;0;;0;;0;0;0;0;;0;0;0;;100;;0;0;0;200;;;100;;;;0;0;200;;0;800;0;0;0;1900;100;0;100;0;;0;;0;;;;;;0;0;;0;;300;;;;0;0;0;0;0;;0;;100;0;200;;0;0;;0;0;7600;0;;;;0;0;0;;400;;0;0;0;0;400;;0;;400;2400;0;;;0;0;9400;0;0;0;0;1200;0;;;;;;0;300;;;;;;;0
Laboratoire BOREA;Luc-sur-Mer;PHYTO-UNICAEN-LUC;PHYTO-LUC-21012019;Orianne Jolly;21/01/2019;0:0;2.0;2.0;1.0;;;bottle;Niskin;;;;;;;;;Comptage taxinomique phytoplancton;Bertrand Le Roy;31/08/2020;4°C - dark;0.0;;10.0;;;;;0;0;0;0;0;0;0;0;0;0;0;0;;0;0;;;;500;0;0;0;0;0;0;300;;0;0;0;;0;;0;0;0;0;;0;55945;0;;0;;0;0;3926;0;;;0;;;;0;0;0;;0;400;0;0;0;0;0;0;0;0;;0;;5889;;;;;;0;0;;0;;0;;;;0;0;0;0;0;;0;;100;0;4000;;0;0;;0;0;1800;0;;;;0;0;0;;0;;0;0;0;100;0;;0;;0;1300;0;;;0;0;0;0;0;2800;0;400;4426;;;;;;0;0;;;;;;;0
Laboratoire BOREA;Luc-sur-Mer;PHYTO-UNICAEN-LUC;PHYTO-LUC-05022019;Orianne Jolly;05/02/2019;0:0;2.0;2.0;1.0;;;bottle;Niskin;;;;;;;;;Comptage taxinomique phytoplancton;Bertrand Le Roy;31/08/2020;4°C - dark;0.0;;10.0;;;;;0;0;0;0;0;0;0;0;0;0;0;0;;0;0;;;;0;0;0;0;0;0;0;500;;0;0;0;;0;;0;0;0;0;;0;23556;0;;0;;0;0;0;0;;;0;;;;0;0;100;;0;0;0;0;0;0;0;0;0;0;;200;;0;;;;;;0;0;;0;;0;;;;0;0;0;0;0;;5889;;400;0;2900;;0;600;;0;0;12200;0;;;;0;0;7600;;0;;0;0;0;0;0;;0;;600;400;0;;;0;0;0;100;0;4300;0;800;9815;;;;;;0;0;;;;;;;0
Laboratoire BOREA;Luc-sur-Mer;PHYTO-UNICAEN-LUC;PHYTO-LUC-21022019;Orianne Jolly;21/02/2019;0:0;2.0;2.0;1.0;;;bottle;Niskin;;;;;;;;;Comptage taxinomique phytoplancton;Bertrand Le Roy;31/08/2020;4°C - dark;0.0;;10.0;;;;;0;0;0;0;0;0;0;0;0;0;0;0;;0;0;;;;0;0;0;0;0;0;0;800;;800;0;0;;0;;500;0;0;0;;0;127595;0;;0;;0;0;0;0;;;0;;;;0;0;400;;0;18648;0;0;0;0;0;0;0;0;;200;;3926;;;;;;0;0;;400;;0;;;;0;0;0;0;0;;2944;;300;0;8300;;0;0;;0;0;3600;300;;;;0;0;7200;;0;;0;0;0;0;0;;0;;4000;1000;0;;;0;0;0;0;0;27700;0;2000;35208;;;;;;0;1900;;;;;;;0
Laboratoire BOREA;Luc-sur-Mer;PHYTO-UNICAEN-LUC;PHYTO-LUC-21032019;Orianne Jolly;21/03/2019;0:0;2.0;2.0;1.0;;;bottle;Niskin;;;;;;;;;Comptage taxinomique phytoplancton;Bertrand Le Roy;31/08/2020;4°C - dark;0.0;;10.0;;;;;0;0;0;0;0;0;0;0;0;0;0;0;;0;0;;;;0;0;0;2944;0;0;0;1963;;0;0;0;;0;;127595;0;0;0;;0;72631;0;;200;;0;0;0;0;;;0;;;;0;0;12000;;0;0;0;0;0;0;0;0;0;700;;0;;0;;;;;;0;0;;0;;0;;;;0;0;0;0;0;;28463;;0;2900;0;;0;0;;0;0;11778;0;;;;0;0;0;;0;;0;0;0;0;0;;0;;0;7800;800;;;0;0;3600;300;0;0;0;2400;18648;;;;;;0;3000;;;;;;;0
Laboratoire BOREA;Luc-sur-Mer;PHYTO-UNICAEN-LUC;PHYTO-LUC-03042019;Orianne Jolly;03/04/2019;0:0;2.0;2.0;1.0;;;bottle;Niskin;;;;;;;;;Comptage taxinomique phytoplancton;Bertrand Le Roy;31/08/2020;4°C - dark;0.0;;10.0;;;;;0;0;0;0;0;0;0;0;0;0;0;0;;0;0;;;;0;0;0;0;0;0;0;0;;0;0;0;;0;;53000;0;0;0;;0;337636;0;;0;;0;0;0;0;;;0;;;;0;0;3300;;0;17667;0;0;0;0;0;0;0;0;;0;;5889;;;;;;0;0;;0;;0;;;;0;0;0;0;0;;0;;0;0;6870;;0;0;;0;0;3000;0;;;;0;0;1600;;0;;0;0;0;0;0;;0;;1300;2300;0;;;0;0;3300;0;0;23556;0;800;0;;;;;;0;12900;;;;;;;0
Laboratoire BOREA;Luc-sur-Mer;PHYTO-UNICAEN-LUC;PHYTO-LUC-17042019;Orianne Jolly;17/04/2019;0:0;2.0;2.0;1.0;;;bottle;Niskin;;;;;;;;;Comptage taxinomique phytoplancton;Bertrand Le Roy;31/08/2020;4°C - dark;0.0;;10.0;;;;;0;0;0;0;0;0;0;0;0;0;0;0;;0;0;;;;0;0;0;9815;0;0;8833;0;;0;0;0;;0;;0;0;0;0;;0;61834;0;;0;;200;0;1400;0;;;0;;;;0;0;1200;;0;0;0;0;0;3000;0;0;0;0;;0;;0;;;;;;600;0;;0;;0;;;;0;0;0;0;0;;34352;;0;0;900;;0;0;;0;0;1500;400;;;;0;0;0;;0;;0;0;0;0;200;;0;;700;4100;0;;;0;2200;0;0;300;800;0;1700;300;;;;;;0;0;;;;;;;0
Laboratoire BOREA;Luc-sur-Mer;PHYTO-UNICAEN-LUC;PHYTO-LUC-06052019;Orianne Jolly;06/05/2019;0:0;2.0;2.0;1.0;;;bottle;Niskin;;;;;;;;;Comptage taxinomique phytoplancton;Bertrand Le Roy;31/08/2020;4°C - dark;0.0;;10.0;;;;;0;0;0;0;0;0;0;0;0;0;0;0;;0;0;;;;0;62816;0;100113;0;0;0;0;;0;0;0;;0;;891202;0;0;0;;0;0;0;;0;;0;0;2000;0;;;0;;;;0;0;8400;;0;0;0;0;0;390637;0;0;0;2500;;0;;0;;;;;;0;200;;18200;;54964;;;;0;0;0;0;0;;0;;0;0;0;;0;0;;0;0;0;0;;;;0;0;0;;0;;0;0;0;0;1000;;0;;800;6400;0;;;0;0;0;800;700;19600;0;0;0;;;;;;0;0;;;;;;;0
Laboratoire BOREA;Luc-sur-Mer;PHYTO-UNICAEN-LUC;PHYTO-LUC-20052019;Orianne Jolly;20/05/2019;0:0;2.0;2.0;1.0;;;bottle;Niskin;;;;;;;;;Comptage taxinomique phytoplancton;Bertrand Le Roy;31/08/2020;4°C - dark;0.0;;10.0;;;;;0;0;0;0;0;0;0;0;0;0;0;0;;0;0;;;;0;9900;0;0;0;0;0;0;;0;0;0;;0;;0;0;0;0;;0;0;300;;0;;0;0;0;1300;;;1100;;;;0;0;300;;200;0;0;0;0;22100;2200;0;0;200;;100;;0;;;;;;0;1200;;2200;;17300;;;;0;0;0;0;0;;0;;200;0;0;;0;0;;0;0;2000;0;;;;0;0;0;;0;;0;0;0;0;300;;0;;200;700;0;;;0;0;0;800;200;8400;0;1100;1500;;;;;;0;0;;;;;;;0
Laboratoire BOREA;Luc-sur-Mer;PHYTO-UNICAEN-LUC;PHYTO-LUC-18062019;Orianne Jolly;18/06/2019;0:0;2.0;2.0;1.0;;;bottle;Niskin;;;;;;;;;Comptage taxinomique phytoplancton;Bertrand Le Roy;31/08/2020;4°C - dark;0.0;;10.0;;;;;0;0;0;0;0;0;0;0;0;0;0;0;;0;0;;;;200;0;0;0;0;0;0;0;;0;0;0;;0;;2337209;0;0;0;;300;0;900;;0;;0;0;0;100;;;0;;;;0;0;500;;0;0;0;0;0;0;200;0;0;0;;2700;;0;;;;;;0;100;;0;;1400;;;;0;400;0;0;0;;0;;0;300;700;;0;0;;0;0;2100;200;;;;0;0;0;;0;;0;0;0;100;0;;0;;600;15600;0;;;0;0;200;3000;0;300;0;11200;0;;;;;;0;0;;;;;;;0
Laboratoire BOREA;Luc-sur-Mer;PHYTO-UNICAEN-LUC;PHYTO-LUC-05072019;Orianne Jolly;05/07/2019;0:0;2.0;2.0;1.0;;;bottle;Niskin;;;;;;;;;Comptage taxinomique phytoplancton;Bertrand Le Roy;31/08/2020;4°C - dark;0.0;;10.0;;;;;0;0;0;0;0;0;0;0;0;0;0;0;;0;0;;;;200;0;0;0;0;0;1164059;0;;0;0;7852;;54964;;2000;0;0;0;;0;1284129;1000;;0;;0;0;3400;0;;;0;;;;0;0;400;;0;0;0;0;0;800;0;0;0;600;;600;;0;;;;;;0;1000;;0;;53000;;;;0;0;0;0;0;;0;;0;0;21593;;0;0;;0;0;14400;0;;;;0;0;0;;0;;0;0;12000;0;0;;0;;0;5889;65760;;;0;0;0;600;0;0;0;1600;0;;;;;;0;0;;;;;;;0
Laboratoire BOREA;Luc-sur-Mer;PHYTO-UNICAEN-LUC;PHYTO-LUC-16072019;Orianne Jolly;16/07/2019;0:0;2.0;2.0;1.0;;;bottle;Niskin;;;;;;;;;Comptage taxinomique phytoplancton;Bertrand Le Roy;31/08/2020;4°C - dark;0.0;;10.0;;;;;0;0;0;400;0;0;0;0;0;0;0;0;;0;0;;;;0;0;0;0;0;0;2208375;0;;0;0;0;;11200;;0;0;0;0;;0;329868;0;;0;;0;0;0;0;;;0;;;;0;1000;200;;0;0;0;0;0;2400;0;0;188496;0;;200;;0;;;;;;0;0;;0;;98200;;;;0;0;0;0;0;;4613636;;0;0;62816;;0;0;;0;0;1200;82000;;;;0;0;0;;0;;0;0;10200;1200;800;;0;;76200;6200;0;;;0;1000;0;0;800;0;0;1800;0;;;;;;0;0;;;;;;;0
Laboratoire BOREA;Luc-sur-Mer;PHYTO-UNICAEN-LUC;PHYTO-LUC-16092019;Orianne Jolly;16/09/2019;0:0;2.0;2.0;1.0;;;bottle;Niskin;;;;;;;;;Comptage taxinomique phytoplancton;Bertrand Le Roy;31/08/2020;4°C - dark;0.0;;10.0;;;;;0;0;0;0;0;0;0;0;0;0;0;0;;0;0;;;;0;0;0;1100;0;0;48600;0;;0;0;0;;0;;0;0;0;0;;200;557492;0;;0;;0;0;0;0;;;0;;;;0;0;0;;0;0;0;0;0;1400;0;0;0;0;;0;;1963;;;;;;0;0;;0;;4800;;;;0;1000;0;0;0;;0;;400;0;500;;0;0;;0;0;400;0;;;;0;0;0;;0;;0;0;0;0;0;;0;;600;0;1900;;;0;0;0;0;0;0;0;0;0;;;;;;0;0;;;;;;;0
Laboratoire BOREA;Luc-sur-Mer;PHYTO-UNICAEN-LUC;PHYTO-LUC-01102019;Orianne Jolly;01/10/2019;0:0;2.0;2.0;1.0;;;bottle;Niskin;;;;;;;;;Comptage taxinomique phytoplancton;Bertrand Le Roy;31/08/2020;4°C - dark;0.0;;10.0;;;;;0;0;0;0;0;0;0;0;0;0;0;0;;0;0;;;;200;0;0;200;0;0;4200;0;;0;0;0;;0;;0;0;0;0;;700;280709;0;;0;;0;0;0;24537;;;0;;;;0;300;0;;0;0;0;0;0;0;0;0;0;6870;;0;;13741;;;;;;0;0;;0;;4500;;;;0;400;0;0;0;;0;;300;0;3800;;0;0;;0;0;12400;1200;;;;0;0;0;;0;;0;0;0;0;1963;;0;;0;200;4600;;;0;0;0;0;0;1200;0;0;900;;;;;;0;0;;;;;;;0
Laboratoire BOREA;Luc-sur-Mer;PHYTO-UNICAEN-LUC;PHYTO-LUC-15102019;Orianne Jolly;15/10/2019;0:0;2.0;2.0;1.0;;;bottle;Niskin;;;;;;;;;Comptage taxinomique phytoplancton;Bertrand Le Roy;31/08/2020;4°C - dark;0.0;;10.0;;;;;0;0;0;0;0;0;0;0;0;0;0;0;;0;0;;;;600;1700;0;700;0;0;0;200;;0;0;0;;0;;0;0;0;0;;0;0;0;;0;;500;0;0;0;;;200;;;;0;400;0;;0;200;0;0;0;6200;0;700;0;200;;0;;0;;;;;;0;0;;0;;2300;;;;0;200;0;0;0;;0;;0;0;0;;0;0;;0;0;2100;900;;;;0;0;0;;0;;0;0;0;0;100;;0;;0;400;1100;;;100;0;200;0;0;0;0;0;0;;;;;;0;0;;;;;;;0
Laboratoire BOREA;Luc-sur-Mer;PHYTO-UNICAEN-LUC;PHYTO-LUC-31102019;Orianne Jolly;31/10/2019;0:0;2.0;2.0;1.0;;;bottle;Niskin;;;;;;;;;Comptage taxinomique phytoplancton;Bertrand Le Roy;31/08/2020;4°C - dark;0.0;;10.0;;;;;0;0;0;0;0;0;0;0;0;0;0;0;;0;0;;;;200;0;0;600;0;0;0;1700;;0;0;0;;0;;1900;0;0;0;;200;0;0;;0;;400;0;0;0;;;0;;;;0;100;100;;0;300;0;0;0;3800;0;700;0;0;;0;;0;;;;;;0;0;;700;;4000;;;;0;0;0;0;0;;0;;700;500;3400;;0;0;;0;200;8500;0;;;;0;0;0;;0;;0;0;0;0;0;;0;;0;1300;1500;;;0;0;1000;0;0;1600;0;0;0;;;;;;0;1500;;;;;;;0
Laboratoire BOREA;Luc-sur-Mer;PHYTO-UNICAEN-LUC;PHYTO-LUC-13112019;Orianne Jolly;13/11/2019;0:0;2.0;2.0;1.0;;;bottle;Niskin;;;;;;;;;Comptage taxinomique phytoplancton;Bertrand Le Roy;31/08/2020;4°C - dark;0.0;;10.0;;;;;0;0;0;0;0;0;0;0;0;0;0;0;;0;0;;;;0;0;0;1400;0;0;0;1200;;0;0;0;;0;;0;0;0;0;;200;404192;0;;0;;200;0;0;0;;;0;;;;0;1000;0;;0;400;0;0;0;2000;0;0;1000;0;;0;;0;;;;;;0;5400;;0;;2000;;;;0;0;0;0;0;;5000;;600;0;600;;200;0;;0;0;7600;0;;;;0;0;0;;0;;0;0;0;0;0;;0;;400;0;0;;;0;0;200;0;0;4600;0;0;800;;;;;;0;800;;;;;;;0
Laboratoire BOREA;Luc-sur-Mer;PHYTO-UNICAEN-LUC;PHYTO-LUC-25112019;Orianne Jolly;25/11/2019;0:0;2.0;2.0;1.0;;;bottle;Niskin;;;;;;;;;Comptage taxinomique phytoplancton;Bertrand Le Roy;31/08/2020;4°C - dark;0.0;;10.0;;;;;0;0;0;100;0;0;0;0;0;0;0;0;;0;0;;;;0;100;0;0;0;0;0;1000;;0;0;0;;0;;0;0;0;0;;0;50056;0;;1000;;0;0;0;0;;;100;;;;0;0;100;;0;700;0;0;0;0;0;0;0;0;;0;;0;;;;;;0;1100;;0;;0;;;;0;0;0;0;0;;1000;;100;0;200;;0;0;;0;0;1000;300;;;;0;0;0;;0;;0;0;0;0;0;;0;;0;0;0;;;0;0;0;0;0;0;0;0;300;;;;;;0;0;;;;;;;0
Laboratoire BOREA;Luc-sur-Mer;PHYTO-UNICAEN-LUC;PHYTO-LUC-11122019;Orianne Jolly;11/12/2019;0:0;2.0;2.0;1.0;;;bottle;Niskin;;;;;;;;;Comptage taxinomique phytoplancton;Bertrand Le Roy;31/08/2020;4°C - dark;0.0;;10.0;;;;;0;0;0;0;0;0;0;0;0;0;0;0;;0;0;;;;300;0;0;0;0;0;0;400;;0;0;0;;0;;0;0;0;0;;200;32389;0;;0;;0;0;0;0;;;0;;;;0;300;100;;0;200;0;400;0;0;0;0;0;0;;100;;0;;;;;;0;100;;0;;0;;;;0;0;0;0;0;;0;;600;0;200;;0;0;;0;0;16100;600;;;;0;0;1500;;0;;0;0;0;0;0;;0;;0;0;0;;;0;0;0;0;0;600;0;400;0;;;;;;0;900;;;;;;;0
Laboratoire BOREA;Luc-sur-Mer;PHYTO-UNICAEN-LUC;PHYTO-LUC-21012020;Orianne Jolly;21/01/2020;0:0;2.0;2.0;1.0;;;bottle;Niskin;0.0;;;;;;;;Comptage taxinomique phytoplancton;Bertrand Le Roy;12/01/2021;4°C - dark;;;;;;;;;;;;;;;;;;1000;;;;;1100;;;;;;;;;;;;;;;;;;;;;;;;108576;;;;;;;;400;;;;;;;;;;;;;;;;;;;;400;;100;;;;;;300;;;;;;;;;;;;;;;;300;;;;;700;;;;;;;1500;;;;;;100;6600;;;;;;;;;;;;300;;;;;;;;;;;;;;;;;;;;300;;;;;;;
Laboratoire BOREA;Luc-sur-Mer;PHYTO-UNICAEN-LUC;PHYTO-LUC-24012020;Orianne Jolly;24/01/2020;0:0;2.0;2.0;1.0;;;bottle;Niskin;;;;;;;;;Comptage taxinomique phytoplancton;Bertrand Le Roy;19/01/2021;4°C - dark;;;;;;;;;;;;;;;;;;;;;;;400;;;;;;;;;;200;;;;;;;;;;;;;;53824;;;;;;;;;;;;100;;;;;100;;;300;;;;;;;;;;;;;;;;;;;;;;;;;;;;;;;;;;;;;300;;;;;;;;100;;;;;;;;;;;;;;;;;;;;;;;;;;;;;;500;1000;;;;;;;;;;;;;;
Laboratoire BOREA;Luc-sur-Mer;PHYTO-UNICAEN-LUC;PHYTO-LUC-07022020;Orianne Jolly;07/02/2020;0:0;2.0;2.0;1.0;;;bottle;Niskin;;;;;;;;;Comptage taxinomique phytoplancton;Bertrand Le Roy;22/01/2021;4°C - dark;;;;;;;;;;;;;;;;;;;;;;;400;;;;;;1700;;;;300;;;;;;;;;;;;;;130848;;;;;;;;300;;;;100;;;;;300;;;100;;;;;;;;;;100;;;;;;;;;;;;;;;;;;;;;;;;;;;700;;;;;;;1000;100;;;;;100;4600;;200;;;;;;;;;;;;;;;;;;100;;;;;200;1300;;;;;;400;;;;;;;
Laboratoire BOREA;Luc-sur-Mer;PHYTO-UNICAEN-LUC;PHYTO-LUC-25022020;Orianne Jolly;25/02/2020;0:0;2.0;2.0;1.0;;;bottle;Niskin;;;;;;;;;Comptage taxinomique phytoplancton;Bertrand Le Roy;27/01/2021;4°C - dark;;;;;;;;;;;;;;;;;;;;;;;700;;;;;;;;;;500;;;;;;;;;;;;;100;263623;;;;;;;;;;;;;;;;;;;;;;;;;;;;;;200;;;;;;3713;;;;;;;;;;;;;;;;;42699;;;;200;;;;;;;4700;200;;;;;200;9500;;;;;;;;;;;;300;200;;;;;100;;500;;2800;;200;3200;3300;;;;;;3100;;;;;;;
Laboratoire BOREA;Luc-sur-Mer;PHYTO-UNICAEN-LUC;PHYTO-LUC-11032020;Orianne Jolly;11/03/2020;0:0;2.0;2.0;1.0;;;bottle;Niskin;;;;;;;;;Comptage taxinomique phytoplancton;Bertrand Le Roy;05/02/2021;4°C - dark;;;;;;;;;1600;;;;;;;;;;;;;;1800;;;;;;;200;;;;;;;;;;;;;;;;400;109400;;;;;400;;;1600;;;;;;;;;200;;;;;;;;;;;;;;;5200;;;;;;;200;;;;;;;;;;;;;400;23600;;600;;2000;;;1400;;;;8400;3000;;;;;;16200;;;;;;;;200;;;;3400;;;;;;;;600;;68600;;;50800;3800;;;;;;2200;;;;;;;
Laboratoire BOREA;Luc-sur-Mer;PHYTO-UNICAEN-LUC;PHYTO-LUC-07052020;Orianne Jolly;07/05/2020;0:0;2.0;2.0;1.0;;;bottle;Niskin;;;;;;;;;Comptage taxinomique phytoplancton;Bertrand Le Roy;23/02/2021;4°C - dark;;;;;;;;;;;;;;;;;;;;;;;;;;;492844;;;;;;;;;;;;;;;;;;;;211641;;;;;;;;;;;;;;;;;;;;;;;;230206;;;;2200;;;;;;;;;;;;;57300;;81686;;;;;;;;;;;;;;;;;;;;;6600;;;;;;;;;;;;;;;;;;;;5900;;;;;;;50400;;;;;;;;;;;;;;;;;;;
Laboratoire BOREA;Luc-sur-Mer;PHYTO-UNICAEN-LUC;PHYTO-LUC-25052020;Orianne Jolly;25/05/2020;0:0;2.0;2.0;1.0;;;bottle;Niskin;;;;;;;;;Comptage taxinomique phytoplancton;Bertrand Le Roy;03/03/2021;4°C - dark;;;;;;;;;;;;;;;;;;;;;;;;;;;311808;;13800;;;;;;;;;;;;;;;;;;98368;;;;;;;;;;;;;;;;;6100;;1200;;;;16300;;;;;;;;;;;;;;;;;;;;402752;;;;;;;;;;;;;;;;;;;;;;;;;9400;;;;;;;;;;;;;;;;538240;;;;;12200;;;;;;;;800;;;;;;;;;;;;;
Laboratoire BOREA;Luc-sur-Mer;PHYTO-UNICAEN-LUC;PHYTO-LUC-03062020;Orianne Jolly;03/06/2020;0:0;2.0;2.0;1.0;;;bottle;Niskin;;;;;;;;;Comptage taxinomique phytoplancton;Bertrand Le Roy;18/03/2021;4°C - dark;;;;;;;;;;;;;;;;;;;;;;;;;;;753739;;189363;;;;;;;;;;;;1351532;;;;;;159659;196789;;;;;157327;;;;;;;;;;;1300;;;;;;;;25100;;;;;200;;;;;;;;;;;1600;;1288411;;;;;;;;;;;;;;;;;;;;;2000;;;;25991;;;;;;;;;;;;;;;148520;59408;;;;;27800;;;;;;;;5800;;;;;;;;;;;;;
Laboratoire BOREA;Luc-sur-Mer;PHYTO-UNICAEN-LUC;PHYTO-LUC-22062020;Orianne Jolly;22/06/2020;0:0;2.0;2.0;1.0;;;bottle;Niskin;;;;;;;;;Comptage taxinomique phytoplancton;Bertrand Le Roy;08/04/2021;4°C - dark;;;;;;;;;;;;;;;;;;;;;;;;;;;1143604;;;;;;;;;;;;;;261696;;;;;200;423282;;;;;;;;;;;;;;;;;200;;1000;;;;;;600;;;1400;;400;;;;;;;;;;;;;5799706;;;;;;;;;;;;;;;;;;;;;10600;;;;;;;;;;;;;;400;;;;;;13400;;;;;30800;;;;;;1600;;;;;;;;;;;;;;;
Laboratoire BOREA;Luc-sur-Mer;PHYTO-UNICAEN-LUC;PHYTO-LUC-07072020;Orianne Jolly;07/07/2020;0:0;2.0;2.0;1.0;;;bottle;Niskin;;;;;;;;;Comptage taxinomique phytoplancton;Bertrand Le Roy;22/04/2021;4°C - dark;;;;;;;;;;;;;;;;;;;;;;;200;;;;2985252;;4400;;;1400;;;;;;;;;6000;;;;;;811144;;;;;;;800;600;;;;600;;;;1000;;;;11139;;;;;2200;;;1800;;2800;;;;;;;;;200;;;;452986;;;;;;;;;800;;;;400;18560;;;;;;;9200;;;;;;;;;;;;;;400;600;;;;1600;2800;;;;;;98400;;;;;;;;;;;;;;;;;;;;
Laboratoire BOREA;Luc-sur-Mer;PHYTO-UNICAEN-LUC;PHYTO-LUC-22072020;Orianne Jolly;22/07/2020;0:0;2.0;2.0;1.0;;;bottle;Niskin;;;;;;;;;Comptage taxinomique phytoplancton;Bertrand Le Roy;04/05/2021;4°C - dark;;;;;;;;;;;;;;;;;;;;;;;;;;;;;;;129920;467600;;;;;;;167040;;;;;;;;537523;;;;;;;;;;;;;;;;;2800;;;;;;;3600;;1400;;1800;;400;;;;;;;;;;;;;103800;;;;;;;;;;;;;;200;;;;;;;;;;;;;;;;;;;;;;200;;;;9400;31000;;;;;;;;;;;;;;;;;;;;;;;;;;
Laboratoire BOREA;Luc-sur-Mer;PHYTO-UNICAEN-LUC;PHYTO-LUC-18082020;Orianne Jolly;18/08/2020;0:0;2.0;2.0;1.0;;;bottle;Niskin;;;;;;;;;Comptage taxinomique phytoplancton;Bertrand Le Roy;18/05/2021;4°C - dark;;;;;;;;;;;;;;;;;;;;;;;;;;;200;;1100;;;;100;;;;;;;;13700;;;;;;321175;3600;;;;;;;;;;;;;;100;400;;;;300;;;;9200;;7700;;300;;100;;16708;;;;;;;;;;;;6200;1100;;;;;;;;;;800;;;;;;;;;;;;;;;;;;;;;;;100;500;;;;400;500;;;;;100;;;;;;;;;;;;;;;;;;;;;
Laboratoire BOREA;Luc-sur-Mer;PHYTO-UNICAEN-LUC;PHYTO-LUC-02092020;Orianne Jolly;02/09/2020;0:0;2.0;2.0;1.0;;;bottle;Niskin;;;;;;;;;Comptage taxinomique phytoplancton;Bertrand Le Roy;28/05/2021;4°C - dark;;;;;;;;;;;;;;;;;;;;;;;;;;;13800;;;;;272600;;;;;;;;;;;;;;2600;217152;32000;;;;;;;;;;;;;;;;400;;1200;;;;;30600;;;19600;;;;;;;;;;;;;;;;;93800;16000;;;1000;;;;;;;;;;;;;;;;;;;;;;;;;;;;;;;;;;;;14200;;;;;;200;;12600;283200;;400;;;;;;;;18800;;;;;;;
Laboratoire BOREA;Luc-sur-Mer;PHYTO-UNICAEN-LUC;PHYTO-LUC-16092020;Orianne Jolly;16/09/2020;0:0;2.0;2.0;1.0;;;bottle;Niskin;;;;;;;;;Comptage taxinomique phytoplancton;Bertrand Le Roy;09/06/2021;4°C - dark;;;;;;;;;;;;;;;;;;;;;;;;;;;;;;;;124900;800;;;;;;;;;;;;;;68672;;;;;;;14848;;;;;;;;;;;;1300;;;;;100;;;;;;;;;;;;;;;5568;;300;;;1600;13000;;;;;;;;;;;;;;;;;;;4300;;;;;;;;;;;;;;100;;;;;;900;300;;;;;2300;;;;;;;;;;;;;;;;;;;;
Laboratoire BOREA;Luc-sur-Mer;PHYTO-UNICAEN-LUC;PHYTO-LUC-01102020;Orianne Jolly;01/10/2020;0:0;2.0;2.0;1.0;;;bottle;Niskin;;;;;;;;;Comptage taxinomique phytoplancton;Bertrand Le Roy;23/06/2021;4°C - dark;;;;;;;;;;;;;;;;;;;;;;;;;;;;;;;;20700;;;;;;;;;;;;;;100;278400;;;;;;;;9280;;;;100;;;;300;;;2200;200;;;;1300;;;3712;;;;;;;;;;;;;;;;;5100;14200;;;;;;;;;;100;;100;;;400;;;400;2300;;;;;;;;;;;;;;;;;;;;1200;500;;;;;10100;300;;400;;;;;;;;;;;;;;;;;
Laboratoire BOREA;Luc-sur-Mer;PHYTO-UNICAEN-LUC;PHYTO-LUC-19102020;Orianne Jolly;19/10/2020;0:0;2.0;2.0;1.0;;;bottle;Niskin;;;;;;;;;Comptage taxinomique phytoplancton;Bertrand Le Roy;06/07/2021;4°C - dark;;;;;;;;;;;;;;;;;;;;;;;;;;;;;;;;600;600;;;;;;;;;;;;;;118784;;;;;;;;22272;;;;;;;;;;;;400;;;;7700;;;;;;;;;;;;;;;;;;;;6000;800;;;;;;;;;;200;;;;;100;;;800;1800;;;;;;;;;;;;;;;;;;;500;;;;;;;26200;;;1300;;;200;;;;;;;900;;;;;;;
Laboratoire BOREA;Luc-sur-Mer;PHYTO-UNICAEN-LUC;PHYTO-LUC-04112020;Orianne Jolly;04/11/2020;0:0;2.0;2.0;1.0;;;bottle;Niskin;;;;;;;;;Comptage taxinomique phytoplancton;Bertrand Le Roy;20/08/2021;4°C - dark;;;;;;;;;;;;;;;;;;;;;;;200;;;;;;;;;;;;;;;;;;300;;;;;;202304;;;;;;;;;;;;200;;;;;;;;;;;;3300;;200;;;;;;;;;;;;;;;100;;;500;300;;;;;;;;;;500;;;;;;;;1000;1900;400;;;;;;;;;;;;;;;;;;;600;;;;;;31600;200;;;;;;;;;;;;;;;;;;;
Laboratoire BOREA;Luc-sur-Mer;PHYTO-UNICAEN-LUC;PHYTO-LUC-18112020;Orianne Jolly;18/11/2020;0:0;2.0;2.0;1.0;;;bottle;Niskin;;;;;;;;;Comptage taxinomique phytoplancton;Bertrand Le Roy;07/09/2021;4°C - dark;;;;;;;;;;;;;;;;;;;;;;;100;;;;;;100;;;;;;;;;;;;;;;;;;55680;;;;;;;;;;;;;;;;;100;;;300;;;;400;;;;;;;;;;;;;;;5568;;;;;;400;;;;;;;;3672;;;;;;;;;;;3300;;;;;;;;;500;;;;;;;;;;100;;;;;;;9200;;;3400;;;;;;;;;;;;;;;;;
Laboratoire BOREA;Luc-sur-Mer;PHYTO-UNICAEN-LUC;PHYTO-LUC-30112020;Orianne Jolly;30/11/2020;0:0;2.0;2.0;1.0;;;bottle;Niskin;;;;;;;;;Comptage taxinomique phytoplancton;Bertrand Le Roy;16/09/2021;4°C - dark;;;;;;;;;;;;;;;;;;;;;;;100;;;;;;700;;;;;;;;;;;;;;;;;;105792;;;;;;;;;;;;100;;;;;100;;;300;;;;;;;;;;;;9180;;;;;;;3712;;;;;;500;;;;;;;;11136;;200;;;;;;;;;;200;;;;;;;;;;;;;;;;;;600;300;;;;;;1200;;;600;;;;;;;;;;;;;;;;;
Laboratoire BOREA;Luc-sur-Mer;PHYTO-UNICAEN-LUC;PHYTO-LUC-15122020;Orianne Jolly;15/12/2020;0:0;2.0;2.0;1.0;;;bottle;Niskin;;;;;;;;;Comptage taxinomique phytoplancton;Bertrand Le Roy;30/09/2021;4°C - dark;;;;;;;;100;;;;;;;;;;;;;;;300;;;;;;800;;;;;;;;;;;;;;;;;;22272;;;;;;;1856;;;;;;;;;;100;;;;;;;;;;;;;;;;;;;;;;;;;;;;600;;;;;;;;;;200;;;;;;;;;15000;;;;;;100;1600;;300;;;;;;;;;;;200;;;;;;;;;800;;;;;;;;;;;;;;;;;
Laboratoire BOREA;Luc-sur-Mer;PHYTO-UNICAEN-LUC;PHYTO-LUC-11012021;Orianne Jolly;11/01/2021;0:0;2.0;2.0;1.0;;;bottle;Niskin;;;;;;;;;Comptage taxinomique phytoplancton;Bertrand Le Roy;08/03/2022;4°C - dark;;;;;;;;;;;;;;;;;;;;;;;;;;;;;300;;;;;;;;;;;;;;;;;;25984;;;;;;;;200;;;;;;;;;100;;;;;;;;;;;;;;;;;;;;;;100;;;;;;;;;;;;;;;;;;400;;;;;;;2900;100;;;;;;1800;;;;;;;;;;;;;;;;;;;;;;5568;;;800;;;;;;;;;;;;;;
Laboratoire BOREA;Luc-sur-Mer;PHYTO-UNICAEN-LUC;PHYTO-LUC-27012021;Orianne Jolly;27/01/2021;0:0;2.0;2.0;1.0;;;bottle;Niskin;;;;;;;;;Comptage taxinomique phytoplancton;Bertrand Le Roy;05/04/2022;4°C - dark;;;;;;;;;;;;;;;;;;;;;;;100;;;;;;;;;;200;;;;;;;;;;;;;100;44544;;;;;;;;;;;;;;;;200;500;;;200;;;;;;;100;;;200;;;;;;;;;;;;;;;;;;;;;;;;;400;;1400;;;;;;;3400;;;;;;;;;;;;;;;;;;;;;;;;;;;;;;;;;;;;;400;;400;;;;;;;
Laboratoire BOREA;Luc-sur-Mer;PHYTO-UNICAEN-LUC;PHYTO-LUC-15022021;Orianne Jolly;15/02/2021;0:0;2.0;2.0;1.0;;;bottle;Niskin;;;;;;;;;Comptage taxinomique phytoplancton;Bertrand Le Roy;21/04/2022;4°C - dark;;;;;;;;;;;;;;;;;;;;;;;800;;;;;;;;;;100;;;;;;;;;;;;;200;38048;;;;;;;;;;;;;;;;;200;;;200;;;;;;;;;;;;;;;;;;;;;;;;;;;;;;;;;;;100;;900;;;;;;;1700;600;;;;;;100;;;;;;;;;;;;;;;;;;;;;;1500;;;;;;;;800;;1200;;;;;;;
Laboratoire BOREA;Luc-sur-Mer;PHYTO-UNICAEN-LUC;PHYTO-LUC-26022021;Orianne Jolly;26/02/2021;0:0;2.0;2.0;1.0;;;bottle;Niskin;;;;;;;;;Comptage taxinomique phytoplancton;Bertrand Le Roy;20/05/2022;4°C - dark;;;;;;;;;;;;;;;;;;;;;;;300;;;;;;;;;900;;;;;;;;;;;;;;;67744;;;;;;;;;;;;;;;;;500;;;100;;;;;;;;100;;;;;;;;;;;;;;;;;;;;;;;;;;;;400;2800;;;;;;;8400;;;;;;;1600;;;;;;;200;;;;;400;200;;;;;;1000;;;21800;;300;4500;;;;;4500;;3400;;;;;;;
Laboratoire BOREA;Luc-sur-Mer;PHYTO-UNICAEN-LUC;PHYTO-LUC-16032021;Orianne Jolly;16/03/2021;0:0;2.0;2.0;1.0;;;bottle;Niskin;;;;;;;;;Comptage taxinomique phytoplancton;Bertrand Le Roy;14/06/2022;4°C - dark;;;;;;;;;;;;;;;;;;;;;;;;;;;;;;;;7900;200;;;;;;;;;;;;;100;77952;;;;;100;;;;;;;;;;;;3800;;;1800;;;;1000;;;;200;;;;;;;;;;;;;10000;;;300;;;;;;;;;;;100;;2600;;;800;;;;7900;;;;;;;;;;;;;;200;;;;;9300;1000;;;;;;700;;;24800;;4800;21200;;;;;852568;;33800;;;;;;;
Laboratoire BOREA;Luc-sur-Mer;PHYTO-UNICAEN-LUC;PHYTO-LUC-13042021;Orianne Jolly;13/04/2021;0:0;2.0;2.0;1.0;;;bottle;Niskin;;;;;;;;;Comptage taxinomique phytoplancton;Bertrand Le Roy;22/06/2022;4°C - dark;;;;;;;;;;;;;;;;;;;;;;;6200;;;;7000;;;;;;;;;;;;;;;;;;;;200502;;;;;;;;1400;;;;;;;;;3600;;;200;7000;;;1400;;;;200;;;;;;;;;;;600;;400;;;;;;;;;;;200;;;;200;;;;;;;;;;;;;;;;;;;;;;;;;;;;2000;;;;;;7800;;;3400;;;;;;;;;;;;;;;;;200
Laboratoire BOREA;Luc-sur-Mer;PHYTO-UNICAEN-LUC;PHYTO-LUC-28042021;Orianne Jolly;28/04/2021;0:0;2.0;2.0;1.0;;;bottle;Niskin;;;;;;;;;Comptage taxinomique phytoplancton;Bertrand Le Roy;20/09/2022;4°C - dark;;;;;;;;;;;;;;;;;;;;;;;1400;;;;25000;;800;;;1800;;;;;;;;;4000;;;;;;437233;14000;;;;;;;;;;;1400;;;;;1600;;;;;;;43000;200;;;;;200;;;;;;;;;;;12800;;;15600;;;;3200;;;;;;;;;2200;;;200;;;;5000;400;;;;;;;;;;;;;;200;;;;13600;7800;;;;;;125000;;;1600;;;;;;;;;;;;;;;;;
Laboratoire BOREA;Luc-sur-Mer;PHYTO-UNICAEN-LUC;PHYTO-LUC-11052021;Orianne Jolly;11/05/2021;0:0;2.0;2.0;1.0;;;bottle;Niskin;;;;;;;;;Comptage taxinomique phytoplancton;Bertrand Le Roy;18/10/2022;4°C - dark;;;;;;;;;;;400;;;;;;;;;;;;;;;;1400;;;;;;;;;;;;;;;;;;;;712896;;;;;;;;9400;;;;;;;;;;;;;;;;5400;;;;;;;;1800;;;;;;;2400;;;;;;;;;;;;;200;;;200;;;;;400;;;;2400;;;;;;;;;;;;;;200;1400;;;;;;;;;;;;200;;;;400;;;;;;;;;;;;;;;400
Laboratoire BOREA;Luc-sur-Mer;PHYTO-UNICAEN-LUC;PHYTO-LUC-27052021;Orianne Jolly;27/05/2021;0:0;2.0;2.0;1.0;;;bottle;Niskin;;;;;;;;;Comptage taxinomique phytoplancton;Bertrand Le Roy;27/10/2022;4°C - dark;;;;;;;;;;;;;;;;;;;;;;;200;;;;;;;;;;;;;;;;;;;;;;;;839138;;;;;;;6400;;;;;;;;;200;;;;;;;;2800;;;;;;200;;;;;;;;;1600;;;;;;800;;;;;;;;;;;;;;;;;;;5400;;;;;;;;;;;;;;;;;;;200;;;;;;;;;;;;;;;;;;;;;;;;;;;
Laboratoire BOREA;Luc-sur-Mer;PHYTO-UNICAEN-LUC;PHYTO-LUC-09062021;Orianne Jolly;09/06/2021;0:0;2.0;2.0;1.0;;;bottle;Niskin;;;;;;;;;Comptage taxinomique phytoplancton;Bertrand Le Roy;02/11/2022;4°C - dark;;;;;;;;;;;;;;;;;;;;;;;;;;;21000;;400;;;4200;;;;;;;;;;;;;;100;115103;;;;;;;;;;;;;;;;;1100;;;;;;;56200;1000;200;;400;;300;;;;;;;;;;;200;;;15800;;;100;;;;;;;;;;;;;;;;;3000;;;;;;;;;;;;;;100;;;;;;8800;;;;;;;1500;;;;;;;;;;;;1400;;;;;;;
Laboratoire BOREA;Luc-sur-Mer;PHYTO-UNICAEN-LUC;PHYTO-LUC-09072021;Orianne Jolly;09/07/2021;0:0;2.0;2.0;1.0;;;bottle;Niskin;;;;;;;;;Comptage taxinomique phytoplancton;Bertrand Le Roy;17/01/2023;4°C - dark;;;;;;;;;;;;;;;;;;;;;;;;;;;;;162800;;;;;;;;;;;;;;;;;;193076;;;;;;;400;;;;;;;;;200;;;;2400;;;;600;;;;;;200;;;;;;;;;200;;;;;1800;;;;;;;;;;;;;600;;;;;;;;;;;;;;;;;;;;600;200;200;;;;1800;300;;;;;;;;;;;;;;;;;;;;;;;;;;
Laboratoire BOREA;Luc-sur-Mer;PHYTO-UNICAEN-LUC;PHYTO-LUC-26072021;Orianne Jolly;26/07/2021;0:0;2.0;2.0;1.0;;;bottle;Niskin;;;;;;;;;Comptage taxinomique phytoplancton;Bertrand Le Roy;15/03/2023;4°C - dark;;;;;;;;;;;;;;;;;;;;;;;;;;;;;610788;;;;;;;;;;;;;;;;;;150376;;;;;;;600;;;;;;;;;;;;;200;;;;;;;;1700;;;;;;;;;;;;;;;;173550;57850;;;;;;;;;;;;;;;;;;;800;;;;;;;;;;;;;2400;300;100;;;;;17000;;;;;;;;;;;;;;;;;;;;;;;;;;
Laboratoire BOREA;Luc-sur-Mer;PHYTO-UNICAEN-LUC;PHYTO-LUC-06092021;Orianne Jolly;06/09/2021;0:0;2.0;2.0;1.0;;;bottle;Niskin;;;;;;;;;Comptage taxinomique phytoplancton;Bertrand Le Roy;28/03/2023;4°C - dark;;;;;;;;;;;;;;;;;;;400;;1100;;;;;;;;454720;;;;;;;;;;;;;;;;;;204215;;;;;12200;;11200;;;;;;;;;;1300;;;2200;;;;15800;1400;;;;;200;;1600;;;;;;;200;;;;;78200;78200;;;1400;;;;;3800;;;400;;;;;;;100;;400;;;;;;;;200;;;;;200;1400;;;;;6200;;2000;;;;;200;1800;19500;;1200;10100;;;;;;;;;;;;;;
Laboratoire BOREA;Luc-sur-Mer;PHYTO-UNICAEN-LUC;PHYTO-LUC-07102021;Orianne Jolly;07/10/2021;0:0;2.0;2.0;1.0;;;bottle;Niskin;;;;;;;;;Comptage taxinomique phytoplancton;Bertrand Le Roy;05/04/2023;4°C - dark;;;;;;;;;;;;;;;;;;;;;;;1200;;;;;;4800;;;;;;;;;;;;;;;;;200;241345;;1400;;;;;;;;;;;;;;800;;;;200;;;;200;;;;200;;200;;;;;55695;;;;800;;;;;400;3800;;600;400;;;;;;;1200;200;2200;;;;;;;11200;400;;;;;;;;;;;;;;;;;;;600;;;;;;;200;;2400;;;;;;;;;;;;85399;;3800;;;
Laboratoire BOREA;Luc-sur-Mer;PHYTO-UNICAEN-LUC;PHYTO-LUC-18102021;Orianne Jolly;18/10/2021;0:0;2.0;2.0;1.0;;;bottle;Niskin;;;;;;;;;Comptage taxinomique phytoplancton;Bertrand Le Roy;13/04/2023;4°C - dark;;;;;;;;;100;;;;;;;;;;;;;;200;;;;;;;;;1300;;;;;;;;;;;;;;;59408;;;;;100;;;;;;;;;;;100;;;;100;;;;1300;100;;;;;;;3300;;;10400;;;;200;;;;;;;;;100;;;;;;;200;100;;;;;;;;3700;;;;;;;;;;;;;;;;;;;;;;;;;;;;100;;;;;;;;;;;;;100;;;;;
Laboratoire BOREA;Luc-sur-Mer;PHYTO-UNICAEN-LUC;PHYTO-LUC-09112021;Orianne Jolly;09/11/2021;0:0;2.0;2.0;1.0;;;bottle;Niskin;;;;;;;;;Comptage taxinomique phytoplancton;Bertrand Le Roy;08/06/2023;4°C - dark;;;;;;;;;;;;;;;;;;;;;;;2000;;;;100;;2000;;;;;;;;;;;;;;;;;;215354;;;;;;;;400;;;;;;;;200;;;;200;;;;900;;100;7900;100;;;;44556;;;1000;;;;600;;;;;1500;4200;;;100;;;;400;;;500;400;1900;;;;;;200;1200;400;;;;;;;;;;;;;100;100;;;;;;;;;;;;;;;;100;3100;;;;;;;;;;;;;;
Laboratoire BOREA;Luc-sur-Mer;PHYTO-UNICAEN-LUC;PHYTO-LUC-18112021;Orianne Jolly;18/11/2021;0:0;2.0;2.0;1.0;;;bottle;Niskin;;;;;;;;;Comptage taxinomique phytoplancton;Bertrand Le Roy;14/06/2023;4°C - dark;;;;;;;;;;;;;;;;;;;;;;;200;;;;;;;;;;;;;;;;;;;;;;;;194932;;1200;;;200;;;;;;;1400;;;;300;;;;1100;300;;;900;;;7800;400;;;;;;7800;1200;;;;;;;;;;1900;;;;;;;;;;700;;1300;;;;;;;3600;200;;;;;;;;;;;;;;;;;;;200;;;;;;100;;;;;400;3600;;;;;;;;;;;;;;100
Laboratoire BOREA;Luc-sur-Mer;PHYTO-UNICAEN-LUC;PHYTO-LUC-06122021;Orianne Jolly;06/12/2021;0:0;2.0;2.0;1.0;;;bottle;Niskin;;;;;;;;;Comptage taxinomique phytoplancton;Bertrand Le Roy;12/09/2023;4°C - dark;;;;;;;;;;;;;100;;;;;;;;;;2300;;;;;;200;;;;;;;;1600;;;;;;;;;;55695;;100;;;;;;;;;;;;;;700;;200;;;;200;;100;;;100;;;;;;;1100;100;;;;;;;;;;400;;;;;500;200;;;;1800;600;1200;;;;;300;;13900;;;;;;;2500;;400;;;;;;;;;;;;;;;;;100;300;;;;800;1300;;;700;;;;;;;;;;;100
Laboratoire BOREA;Luc-sur-Mer;PHYTO-UNICAEN-LUC;PHYTO-LUC-05012022;Orianne Jolly;05/01/2022;0:0;2.0;2.0;1.0;;;bottle;Niskin;0.0;;;;;;;;Comptage taxinomique phytoplancton;Bertrand Le Roy;17/01/2024;4°C - dark;;;;;;;;;;;;;;;;;;;;;;;1400;;;;;;;;;;100;;;;;;;;;;;;;;74260;;100;;;;;;;;;;500;;;;;;200;;;;;;;;;1700;100;;;;;100;2200;;;200;;;;;;;;;;;;;;;1700;;;;300;400;;;;;;;6200;;;;;;;600;;;;;;;;;;;;;;;;;;;;;;;;;400;;;200;;1200;;300;;;;;;;
Laboratoire BOREA;Luc-sur-Mer;PHYTO-UNICAEN-LUC;PHYTO-LUC-19012022;Orianne Jolly;19/01/2022;0:0;2.0;2.0;1.0;;;bottle;Niskin;;;;;;;;;Comptage taxinomique phytoplancton;Bertrand Le Roy;18/01/2024;4°C - dark;;;;;;;;;;;;;;;;;;;;;;;1200;;;;;;200;;;;100;;;;;;;;;;;;;300;129955;;100;;;100;;;;;;;700;;;;100;;;;;;;;;;;1300;;;100;;;;1000;;;300;;100;;300;;;;;;;;;;;1000;;;900;1200;500;;;;;;;7700;100;;;;;;5400;;500;;;;;;;;;;;;;;;;;;;;;;;;;;;;;;;2200;;700;;;;100
Laboratoire BOREA;Luc-sur-Mer;PHYTO-UNICAEN-LUC;PHYTO-LUC-03022022;Orianne Jolly;03/02/2022;0:0;2.0;2.0;1.0;;;bottle;Niskin;;;;;;;;;Comptage taxinomique phytoplancton;Bertrand Le Roy;19/01/2024;4°C - dark;;;;;;;;;300;;;;;;;;;;;;;;;;;;;;100;;;;400;;;;;;;;;;;;;;70457;;;;;;;;500;;;;100;;;;;;;;;;;;;;;1500;;;100;;200;;900;;;700;;500;;;;;;;;;;;100;;700;;;1100;900;3700;;;;;;;8400;;;;;;;500;;200;;;;;;;;;;;200;;;;;;;100;;;;;;;;;;;;300;3000;;700;;;;200
Laboratoire BOREA;Luc-sur-Mer;PHYTO-UNICAEN-LUC;PHYTO-LUC-02032022;Orianne Jolly;02/03/2022;0:0;2.0;2.0;1.0;;;bottle;Niskin;;;;;;;;;Comptage taxinomique phytoplancton;Pauline Bazin;26/02/2024;4°C - dark;;;;;;;;;1600;;;;;;;1000;;;;;;;;;;;;;;;;;800;;;;;200;;;;;;;;100;191920;;;;;600;;;;;;;;;;;;200;;;;;;;;;;2800;;;100;;;;;;;23990;;600;;1500;;;;;;;;;;;;;;400;;3400;;;1400;;;;12600;;;;;;;37200;;;;;;;;;;;;;;;;;;;;;;;;800;2000;;4400;;2000;29000;100;;;;;;;;
Laboratoire BOREA;Luc-sur-Mer;PHYTO-UNICAEN-LUC;PHYTO-LUC-21032022;Orianne Jolly;21/03/2022;0:0;2.0;2.0;1.0;;;bottle;Niskin;;;;;;;;;Comptage taxinomique phytoplancton;Pauline Bazin;27/02/2024;4°C - dark;;;;;;;;;;;;;;;;;;;;;;;;;;;;;;;;2200;400;;;;;;;;;;;;;100;417426;;;;;200;;;;;;;400;;;;;300;;;800;;;;;;;;;;200;;;;;;;9596;;200;;9800;;;;;;;;;;;;;;600;;800;153536;;600;;;;2800;600;;;;;;5000;;;;;;;;;;;;1000;;;;;;;;500;;;;400;;;;;9200;31000;300;;;;1200;;;;200
Laboratoire BOREA;Luc-sur-Mer;PHYTO-UNICAEN-LUC;PHYTO-LUC-04042022;Orianne Jolly;04/04/2022;0:0;2.0;2.0;1.0;;;bottle;Niskin;;;;;;;;;Comptage taxinomique phytoplancton;Pauline Bazin;14/03/2024;4°C - dark;;;;;;;;;800;;;;;;;;;;;;;;4600;;;;;;;;;800;200;;;;;;;;;;;;;600;81566;;;;;;;;;;;;1800;;;100;;;;;;600;;;;;;;100;;;;;;;;;;2000;200;;9200;;;;;;;;;;;;;;;;5600;;;700;;;;15400;;;;;;;7800;;;;;;;200;400;;;400;400;600;;;;;;600;100;;;;400;;;;;5800;19400;100;;;;;;86364;7400;
Laboratoire BOREA;Luc-sur-Mer;PHYTO-UNICAEN-LUC;PHYTO-LUC-15042022;Orianne Jolly;15/04/2022;0:0;2.0;2.0;1.0;;;bottle;Niskin;;;;;;;;;Comptage taxinomique phytoplancton;Pauline Bazin;14/03/2024;4°C - dark;;;;;;;;;1200;;;;;;;;;;;;;;400;;;;;;;;;2400;;;;;;;;;;;;;;;386370;;;;;100;;;;;;;;;;;;;;;200;;;;;;;;1000;;;;;;;;;11130;400;400;;17300;;;;;;;;;;500;;;;;;2800;19192;;9540;;;;4600;600;;;;;;5200;;;;;;;;100;;;1200;;600;;;;;;2600;;;;;600;;;;;;55177;;;;;;;;2000;
Laboratoire BOREA;Luc-sur-Mer;PHYTO-UNICAEN-LUC;PHYTO-LUC-03052022;Orianne Jolly;03/05/2022;0:0;2.0;2.0;1.0;;;bottle;Niskin;;;;;;;;;Comptage taxinomique phytoplancton;Bertrand Le Roy;25/01/2024;4°C - dark;;;;;;;;;;;;;;;;;;;;200;;;200;;;;600;;1200;;;;;;;;;;;;3600;;;;;;40843;;;;;;;;200;;;;;;;;;;;;;14200;;;5600;;;;600;;200;;;;;;;;;400;;409800;;;;;;;;;;;;;;;7400;;;;;;;;1200;;;;;;;;;;;;;;;;;;;;;;;;;;67600;;;;;;;;;;;;;;;;;;;;
Laboratoire BOREA;Luc-sur-Mer;PHYTO-UNICAEN-LUC;PHYTO-LUC-17052022;Orianne Jolly;17/05/2022;0:0;2.0;2.0;1.0;;;bottle;Niskin;;;;;;;;;Comptage taxinomique phytoplancton;Pauline Bazin;15/03/2024;4°C - dark;;;;;;;;;100;;;;;;;;;;;;;;;;;;194319;;3600;;;;;;;;;;;;162539;;;;;;302274;12400;;;;;;;;;;;;;;200;;;;;;;;;3500;6600;;;400;;400;;;;;;;11995;;2200;;;;;1800;;;;;;;;;;;;600;400;;;;;;;5800;600;;;;;;14394;;;;;;;;;200;;800;;5200;;;;;;138200;900;;;;;;;;;;;;;;;;;;;
Laboratoire BOREA;Luc-sur-Mer;PHYTO-UNICAEN-LUC;PHYTO-LUC-30052022;Orianne Jolly;30/05/2022;0:0;2.0;2.0;1.0;;;bottle;Niskin;;;;;;;;;Comptage taxinomique phytoplancton;Pauline Bazin;20/03/2024;4°C - dark;;;;;;;;;;;1400;;;;;;;;;;;;;;;;;;10800;;;5600;;;;1600;;;;;3656076;;;;3847996;;542174;1600;;;;;;800;2800;;;;;;;;;600;;600;;;;;17400;5800;600;;1200;;400;;;;;;;38384;;7600;;2400;;;403032;;;;;;;;;;;600;;600;;;;;;;1800;1400;;;;;;;;;;;;;400;200;2000;;;;6600;;;;;;35400;7000;400;5600;;;;;;;600;;;;;;;;;;600
Laboratoire BOREA;Luc-sur-Mer;PHYTO-UNICAEN-LUC;PHYTO-LUC-15062022;Orianne Jolly;15/06/2022;0:0;2.0;2.0;1.0;;;bottle;Niskin;;;;;;;;;Comptage taxinomique phytoplancton;Pauline Bazin;21/03/2024;4°C - dark;;;;;;;;;300;;;;;;;;;;;;;;;;;;3214660;;1400;;;10800;;;;;;;;;575760;;;;;;604548;;;;;100;;6600;4800;;;;8600;;;;;1300;;;;;;;800;300;;;4000;;2500;800;;;23000;;;;;200;;200;;;153536;;;;;;;;;;;2200;200;1600;;;200;;;;6600;2500;;;21000;;;;;;;;;500;6700;1100;6000;;;;3000;;;;;;4200;3200;1200;;;;200;;;;500;;;;;;;;;;500
Laboratoire BOREA;Luc-sur-Mer;PHYTO-UNICAEN-LUC;PHYTO-LUC-29062022;Orianne Jolly;29/06/2022;0:0;2.0;2.0;1.0;;;bottle;Niskin;;;;;;;;;Comptage taxinomique phytoplancton;Pauline Bazin;21/03/2024;4°C - dark;;;;;;;;;100;;;;;;;6960;;;;;;;;;;;;;2000;;5400;100920;;;;;800;;2000;;76560;;;;;;62640;31320;;;;;;;;;;;;;;100;;500;;;;;;;4300;;300;;;;1700;200;;;;;;;;;;;;;709614;;;;;;;;;;;;;9280;;;;;;;;800;;;67280;;;;;;;;;1200;800;100;;;;;15500;;;;;;600;100;;;;;100;;;;;;;;;;;;;;
Laboratoire BOREA;Luc-sur-Mer;PHYTO-UNICAEN-LUC;PHYTO-LUC-12072022;Orianne Jolly;12/07/2022;0:0;2.0;2.0;1.0;;;bottle;Niskin;;;;;;;;;Comptage taxinomique phytoplancton;Pauline Bazin;22/03/2024;4°C - dark;;;;;;;;;;;193250;;;;;8503;;;200;;;;;;;;;;34012;;25509;403506;;;;13141;37877;;32466;;62613;;;;;;82711;86576;;;;;;2319;;;;;;;;;;1400;;;100;;;;6184;200;;;400;;1800;;;;;;;;;1546;;;;;96625;57975;;;;;;;;;;;;3092;;;;;;;1800;1100;;;;;;;;;;;;17779;2700;100;;;;81165;411236;;;;;;1200;1000;773;130637;;1600;;;;;;;;;;;;;;;
Laboratoire BOREA;Luc-sur-Mer;PHYTO-UNICAEN-LUC;PHYTO-LUC-01092022;Orianne Jolly;01/09/2022;0:0;2.0;2.0;1.0;;;bottle;Niskin;;;;;;;;;Comptage taxinomique phytoplancton;Pauline Bazin;22/03/2024;4°C - dark;;;;;;;;;200;;;;;;;;;;400;;;;;;;;;;7400;;;39700;;;;;;;;400;;;;;;;90400;100;;;;;;;4000;;;;1000;;;;;;;;800;;;;200;;;;;;100;100;;;;;;;;1000;;400;;;11600;36000;;;4300;;;;;;;400;800;17800;;;;;;;2000;;;;2500;;;;;400;;;;;;200;;;;5600;;;800;;;;;;;9800;;;;;;;400;;;;12600;;;;;;
Laboratoire BOREA;Luc-sur-Mer;PHYTO-UNICAEN-LUC;PHYTO-LUC-12092022;Orianne Jolly;12/09/2022;0:0;2.0;2.0;1.0;;;bottle;Niskin;;;;;;;;;Comptage taxinomique phytoplancton;Pauline Bazin;27/03/2024;4°C - dark;;;;;;;;;200;;400;;;;;;;;200;;;;;;;;;;3000;;;179400;;;;;;;300;;;;;;;300;129400;200;;;;;;;5200;;;;600;;;;;;;;600;;;;15400;;300;;100;;;;;2000;2200;;;;;1200;;500;;;4200;6300;;;1300;;;400;;;;;;2200;;;;;;;2700;900;;;;;;;;;;;;400;;200;;;;;200;;;;;;;;;;;;;;;;;;;;1200;;;;;;
Laboratoire BOREA;Luc-sur-Mer;PHYTO-UNICAEN-LUC;PHYTO-LUC-29092022;Orianne Jolly;29/09/2022;0:0;2.0;2.0;1.0;;;bottle;Niskin;;;;;;;;;Comptage taxinomique phytoplancton;Pauline Bazin;27/03/2024;4°C - dark;;;;;;;;;400;;;;;;;;;;;;;;;;;;;;;;;10600;;;;;;;;;;;;;;;174698;;;;;;;;6957;;;;600;;;;;;;;;;;;1100;;1100;;2319;;;;;7730;5411;;;;;1546;;100;;;400;2500;;;;;;;;;;200;;;;;100;;;;2400;200;;;;;;;;;;;;;;300;;;;;6600;6800;;;;;;;;;;;3300;;;;1900;;;;;;;;;;
Laboratoire BOREA;Luc-sur-Mer;PHYTO-UNICAEN-LUC;PHYTO-LUC-12102022;Orianne Jolly;12/10/2022;0:0;2.0;2.0;1.0;;;bottle;Niskin;;;;;;;;;Comptage taxinomique phytoplancton;Pauline Bazin;28/03/2024;4°C - dark;;;;;;;;;200;;;;;;;;;;;;;;;;;;500;;;;;3800;;;;;;;700;;1000;;;;;100;29000;100;;;;100;;800;;;;;100;;;;;;;;400;;;;4000;;3400;;;;;;;;3400;;;;;;;200;;;2200;3000;;;300;;;;;;;100;300;;38384;;100;;;;;200;;;;;;;;100;;;;;;;200;;400;200;4300;1400;;;;;500;;100;;;;500;;17600;;15600;;400;;;;;;;;
Laboratoire BOREA;Luc-sur-Mer;PHYTO-UNICAEN-LUC;PHYTO-LUC-27102022;Orianne Jolly;27/10/2022;0:0;2.0;2.0;1.0;;;bottle;Niskin;;;;;;;;;Comptage taxinomique phytoplancton;Pauline Bazin;28/03/2024;4°C - dark;;;;;;;;;;;;;;;;;;;;;;;;;;;;;;;;1300;;;;;;;;;;;;;;;143940;;;;;100;;600;;;;;;;;;;;;;1200;;;;1500;;400;;100;;;;200;600;1700;;;;;;;;;;1200;4000;;;;;;;600;;;;300;;47980;;;;;;;200;;;;;;;;;;;;100;;200;;;;;700;2600;;;;;3300;1100;200;;;;100;;1400;;;;;;;;;;;;
Laboratoire BOREA;Luc-sur-Mer;PHYTO-UNICAEN-LUC;PHYTO-LUC-09112022;Orianne Jolly;09/11/2022;0:0;2.0;2.0;1.0;;;bottle;Niskin;;;;;;;;;Comptage taxinomique phytoplancton;Pauline Bazin;29/03/2024;4°C - dark;;;;;;;;;;;;;;;;;;;;;;;;;;;;;300;;;;;;;;;;;;;;;;;100;162180;500;;;;;;400;400;;;;;;;;;;;;400;;;;2100;;300;;100;;;;;400;1300;;;700;;;;;;;200;700;;;;;;;700;;;100;100;7950;;;;;;;;;;;;;;;;100;;;;;;600;100;;100;200;1400;3500;;;;;7100;;;1200;;;1900;;;;900;;;;;;;;;;100
Laboratoire BOREA;Luc-sur-Mer;PHYTO-UNICAEN-LUC;PHYTO-LUC-23112022;Orianne Jolly;23/11/2022;0:0;2.0;2.0;1.0;;;bottle;Niskin;;;;;;;;;Comptage taxinomique phytoplancton;Bertrand Le Roy;29/01/2024;4°C - dark;;;;;;;;;;;;;;;;;;;;;;;100;;;;;;1200;;;;;;;;;;;;;;;;;;167085;;200;;;;;;200;;;;;;;;100;;;;1200;;;;1900;;;;;;;;;;;;;200;;;;;;;400;;;;;;;;;;;700;;300;;;;;;100;3700;300;;;;;;400;;500;;;;;;;;;;;100;1100;;;;;700;;;;;;;;;;;;;1600;;;;;;;100
Laboratoire BOREA;Luc-sur-Mer;PHYTO-UNICAEN-LUC;PHYTO-LUC-06122022;Orianne Jolly;06/12/2022;0:0;2.0;2.0;1.0;;;bottle;Niskin;;;;;;;;;Comptage taxinomique phytoplancton;Pauline Bazin;29/03/2024;4°C - dark;;;;;;;;;200;;;;;;;;;;;;;;;;;;;;;;;;;;;;;;;;;;;;;;95400;800;;;;100;;600;;;;;;;;;;;;;400;;;;800;;1000;;100;;;;;100;600;;;100;;;;;;;;;;;;;;;;;;100;;400;;;;;;;1100;200;;;;;;;;;;;;;;;;;;;;;;;;;500;;;;;;1300;;;;;;;;;;;;;;100
Laboratoire BOREA;Luc-sur-Mer;PHYTO-UNICAEN-LUC;PHYTO-LUC-10012023;Orianne Jolly;10/01/2023;0:0;2.0;2.0;1.0;;;bottle;Niskin;0.0;;;;;;;;Comptage taxinomique phytoplancton;Bertrand Le Roy;01/03/2024;4°C - dark;;;;;;;;;200;;;;;;;;;;;;;;;800;800;;;;;;;;100;;;;;;;;;;;100;;;28000;;;;;;;300;;;;;;;;;400;;;;500;;200;;;;;;;;;;;100;;;;300;;;;;100;;;;;;;;200;;300;;400;600;500;1000;100;;200;100;;;7100;;100;1500;;;;600;;;100;;;;;;;;;;;;;300;;;300;;;1000;;;;;;;;;200;;;3800;;;;;
Laboratoire BOREA;Luc-sur-Mer;PHYTO-UNICAEN-LUC;PHYTO-LUC-25012023;Orianne Jolly;25/01/2023;0:0;2.0;2.0;1.0;;;bottle;Niskin;;;;;;;;;Comptage taxinomique phytoplancton;Bertrand Le Roy;12/03/2024;4°C - dark;;;;;;;;;500;;;;;;;;;;;;;;;300;;;;;;;;1100;100;;;;;;;;;;;;;;31300;;200;;;;;;;400;;;;400;;;;;;;200;;;;100;;;;;;;;;200;;;;800;;;500;;100;;;;;;;;;;1400;;1400;600;100;1500;;;;;;;2200;;200;400;;;;1900;;;;;;;;;;;;;400;;200;;;;600;;;3700;;;;;;700;;900;;1400;;400;;300;;;200
Laboratoire BOREA;Luc-sur-Mer;PHYTO-UNICAEN-LUC;PHYTO-LUC-08022023;Orianne Jolly;08/02/2023;0:0;2.0;2.0;1.0;;;bottle;Niskin;;;;;;;;;Comptage taxinomique phytoplancton;Bertrand Le Roy;26/03/2024;4°C - dark;;;;;;;;;;;;;;;;200;;;;;;;;;200;;;;500;;;;600;;;;;;;;;;;;;;90944;;200;200;;200;;;;;600;;;100;;;100;400;;;1200;;;;;;;;;100;;;;100;100;;;2400;;;100;;;;;;;;;;;;200;;;100;;800;;;100;;;;1700;;;200;;;;1600;;;;;;;;300;;;;;;;100;;;;300;;;14900;;;;;;;;1600;;;;;;800;;;100
Laboratoire BOREA;Luc-sur-Mer;PHYTO-UNICAEN-LUC;PHYTO-LUC-21022023;Orianne Jolly;21/02/2023;0:0;2.0;2.0;1.0;;;bottle;Niskin;;;;;;;;;Comptage taxinomique phytoplancton;Bertrand Le Roy;03/04/2024;4°C - dark;;;;;;;;;;;;;;;;;;;;;;;;400;400;;;;100;;;200;100;;;2200;;;;;;;;;;;24800;;;;;100;;;;100;;;;300;200;;;400;;;3200;;;;;;;;;;200;;200;300;;;;500;;;200;;;;;;;;;;;;;;3900;100;400;500;;;;;;;800;;600;;;;;;;;;;;;100;;;;;;600;;;;;;;100;100;3400;;400;;;;;;;100;5000;;200;;;;;
Laboratoire BOREA;Luc-sur-Mer;PHYTO-UNICAEN-LUC;PHYTO-LUC-07032023;Orianne Jolly;07/03/2023;0:0;2.0;2.0;1.0;;;bottle;Niskin;;;;;;;;;Comptage taxinomique phytoplancton;Pauline Bazin;24/05/2024;4°C - dark;;;;;;;;;;;;;;;;;;;;;;;;;;;;;200;;;3700;100;;;;;;;;2000;;;;;;176490;;;;;600;;;;;;;;200;;;;1000;;;1400;;;;300;;;;;;100;;19080;;;;;;;;;;3100;;;;;;;;;;;;;400;;1200;;;600;;;;7600;;;;;;;;;;;;;;100;;;;;;500;;3180;;;;200;;;43600;;800;600;;;;10600;15600;;;;;;;;;
Laboratoire BOREA;Luc-sur-Mer;PHYTO-UNICAEN-LUC;PHYTO-LUC-21032023;Orianne Jolly;21/03/2023;0:0;2.0;2.0;1.0;;;bottle;Niskin;;;;;;;;;Comptage taxinomique phytoplancton;Pauline Bazin;30/05/2024;4°C - dark;;;;;;;;;400;;;;;;;;;;;;;;;;;;;;300;;;;;;;;;;;;;;;;;;160733;;;;;300;;700;;;700;;;;900;;;;;;400;;;;;;;;;100;300;;;;;;;9596;;;100;;;;;;;;;;;;;;;;;200;;;900;;;;1600;;;;;;;800;;;;;;;;;;;;200;;;;;;;;;;500;;;100;;;;;11600;;;;;;;;;
Laboratoire BOREA;Luc-sur-Mer;PHYTO-UNICAEN-LUC;PHYTO-LUC-05042023;Orianne Jolly;05/04/2023;0:0;2.0;2.0;1.0;;;bottle;Niskin;;;;;;;;;Comptage taxinomique phytoplancton;Pauline Bazin;30/05/2024;4°C - dark;;;;;;;;;400;;;;;;;;;;;;;;;;;;;;;;;1000;;;;;;;;;178000;;;;;;335860;;;;;600;;;;;1600;;;600;;;;500;;;3200;;;;7000;;;;;400;100;;;;;;;;;;;;72900;;;;;;;;;;;;;100;;200;;;400;;;;1100;;;;;;;2800;;;200;;;;;;;200;2800;;;;;;;;;1900;;4000;;400;100;;;;1200;67400;;;;;;;;;
Laboratoire BOREA;Luc-sur-Mer;PHYTO-UNICAEN-LUC;PHYTO-LUC-17042023;Orianne Jolly;17/04/2023;0:0;2.0;2.0;1.0;;;bottle;Niskin;;;;;;;;;Comptage taxinomique phytoplancton;Pauline Bazin;31/05/2024;4°C - dark;;;;;;;;;;;;;;;;;;;;;;;;;;;;;;;;500;;;;;;;;;1489779;;;;;;503790;;;;;;;;;;19192;;;100;;;;;;;200;;;;5400;100;100;;;900;;;;;;;;19192;;;;;30900;;;;;;;;;;;;;;;;;;;;;;800;;;;;;;1000;;;200;;;;100;;100;;800;;1100;;;;;;400;400;;;;400;;;;;;;;;;;;;;;
Laboratoire BOREA;Luc-sur-Mer;PHYTO-UNICAEN-LUC;PHYTO-LUC-05052023;Orianne Jolly;05/05/2023;0:0;2.0;2.0;1.0;;;bottle;Niskin;;;;;;;;;Comptage taxinomique phytoplancton;Pauline Bazin;31/05/2024;4°C - dark;;;;;;;;;100;;;;;;;;;;;;;;;;;;400;;;;;;;;;;;;;;4646863;;;;;;136743;;;;;;;;;;;;;400;;;;;;;;;;;7200;100;800;;;400;600;;;;;;;11995;;;;;22700;;;;;;;;;;;;;200;;;;;;;;;2100;;;;9500;;;;;;;;;;300;;800;;;;18500;;;;;;600;1100;;;;;;;;;;;;;;;;;;;100
Laboratoire BOREA;Luc-sur-Mer;PHYTO-UNICAEN-LUC;PHYTO-LUC-17052023;Orianne Jolly;17/05/2023;0:0;2.0;2.0;1.0;;;bottle;Niskin;;;;;;;;;Comptage taxinomique phytoplancton;Pauline Bazin;05/06/2024;4°C - dark;;;;;;;;;100;;;;;;;;;;;;;;;;;;800;;3100;;;700;;;;;;;3400;;13840568;;;;;;295077;700;;;;59975;;;;;2700;;;;1100;;;;;;300;;;;2700;100;;;;1400;300;;;;;;;;;;500;;500;;;;;;;;;;;;;;;100;;;;;;;500;;100;;;;;900;;;;;;;500;1000;3600;;19192;;23400;;;;;;;1700;;;;2800;;;;;;;;;;;;;;;
Laboratoire BOREA;Luc-sur-Mer;PHYTO-UNICAEN-LUC;PHYTO-LUC-12062023;Orianne Jolly;12/06/2023;0:0;2.0;2.0;1.0;;;bottle;Niskin;;;;;;;;;Comptage taxinomique phytoplancton;Pauline Bazin;06/06/2024;4°C - dark;;;;;;;;;100;;;;;;;;;;;;;;;;;;;;;;;800;;;;;;;;;1600;;;;;;1321849;;;;;;;;;;3400;;;;1000;;;;;;500;;;;200;;100;;;100;200;;;;400;;;16793;;;100;;;;;;;;;;;;;;;100;100;5200;;;;;;;2700;;;;;;;;;;;;;;;;300;;;200;800;;;;;;200;;;;;1000;;;;;;;;;;;;;;;100
Laboratoire BOREA;Luc-sur-Mer;PHYTO-UNICAEN-LUC;PHYTO-LUC-16062023;Orianne Jolly;16/06/2023;0:0;2.0;2.0;1.0;;;bottle;Niskin;;;;;;;;;Comptage taxinomique phytoplancton;Pauline Bazin;06/06/2024;4°C - dark;;;;;;;;;;;;;;;;;;;;;;;;;;;;;1000;;;14300;;;;;;;;;33200;;;;;;782074;;;;;;;900;;;1100;;;300;;;;;;;2800;;;;;;2300;;;;;;100;;100;;;26389;;;300;;;;;;;;;;;;;;;;;8600;;;;;;;1200;;;300;800;;;;;;;;;;500;;;;;2800;1900;1500;;;;;;100;300;;;600;;;;;;;;;;;;;;;200
Laboratoire BOREA;Luc-sur-Mer;PHYTO-UNICAEN-LUC;PHYTO-LUC-04072023;Orianne Jolly;04/07/2023;0:0;2.0;2.0;1.0;;;bottle;Niskin;;;;;;;;;Comptage taxinomique phytoplancton;Pauline Bazin;12/06/2024;4°C - dark;;;;;;;;;;;;;;;;;;;;;;;;;;;;;200;;;;;;100;;1300;;;;;;;;;;672570;;;;;;;;;;700;;;;;;;100;;;800;;;;;;;;;300;400;;800;;;;;;;;600;;;;400;;;;;;;;;;;700;;8600;;;;;;;1200;;;200;;;;;;;300;;;300;700;;;;800;2300;4400;600;;;;;;;;;;3200;;;;;;;;;;;;;;;100
Laboratoire BOREA;Luc-sur-Mer;PHYTO-UNICAEN-LUC;PHYTO-LUC-18072023;Orianne Jolly;18/07/2023;0:0;2.0;2.0;1.0;;;bottle;Niskin;;;;;;;;;Comptage taxinomique phytoplancton;Pauline Bazin;13/06/2024;4°C - dark;;;;;;;;;;;;;;;;600;;;;;;;;;;;;;6500;;;9300;;;200;;77400;;;;220305;;;;;;758084;;;;;;;;;;4638;;;;;;;600;;;200;;;;100;;300;;;100;300;;;;773;;;;;;;;;;15300;6600;;;;;;;;;;1700;;8503;34785;;;;;;500;;;;;;;;;;300;;;800;1000;;;;7730;7700;5800;;;;;;;500;;;;51791;;;;;;;;;;;;;;;100
Laboratoire BOREA;Luc-sur-Mer;PHYTO-UNICAEN-LUC;PHYTO-LUC-16082023;Orianne Jolly;16/08/2023;0:0;2.0;2.0;1.0;;;bottle;Niskin;;;;;;;;;Comptage taxinomique phytoplancton;Bertrand Le Roy;19/06/2024;4°C - dark;;;;;;;;;;;;;;;;;;;;;;;;;200;;100;;;;;20700;;;;;;;;;;;;;;;408430;;;;;;;;;;;;;100;;;;;;;;;;;1800;100;;;;100;200;;;300;;;;48269;;;;;;;800;;;;;;;1900;;;;;;100;;;;;;200;600;;;400;;;;;;;;;;;200;100;;;;;;;;;;;;;;;;;;;;;;;;;;;;;;;
Laboratoire BOREA;Luc-sur-Mer;PHYTO-UNICAEN-LUC;PHYTO-LUC-31082023;Orianne Jolly;31/08/2023;0:0;2.0;2.0;1.0;;;bottle;Niskin;;;;;;;;;Comptage taxinomique phytoplancton;Bertrand Le Roy;24/06/2024;4°C - dark;;;;;;;;;;;;;;;;;;;;;;;;100;;;;;;;;;;;;;;;;;;;;;;200;517963;;;;;;;;;;;;;200;;;;;;;;;;;;;;;;100;;;500;400;700;;;122529;;;100;;;;;;;;1200;;;;200;;746313;;;200;;;;;;;3600;;;100;;;800;;;;;;;400;400;100;;;;;;;;;;;;;;;;;;;;;;;;;;;;;;;
Laboratoire BOREA;Luc-sur-Mer;PHYTO-UNICAEN-LUC;PHYTO-LUC-14092023;Orianne Jolly;14/09/2023;0:0;2.0;2.0;1.0;;;bottle;Niskin;;;;;;;;;Comptage taxinomique phytoplancton;Bertrand Le Roy;19/09/2024;4°C - dark;;;;;;;;;;;;;;;;;;;;;;;;;;;;;;;;;;;;;;;;;;;;;;;608932;;;;;;;;;68200;136400;;;;;;200;;;;1200;;;;;;;;;400;;;;400;1000;;;;;;200;;;;;400;200;;200;;;;;;3454451;;;;;;;;;;1200;;;;;;400;;;;;;;12200;;200;;;;;;;;;;;;;800;;;;;;;;;;;;;;;;;;
Laboratoire BOREA;Luc-sur-Mer;PHYTO-UNICAEN-LUC;PHYTO-LUC-02102023;Orianne Jolly;02/10/2023;0:0;2.0;2.0;1.0;;;bottle;Niskin;;;;;;;;;Comptage taxinomique phytoplancton;Bertrand Le Roy;25/09/2024;4°C - dark;;;;;;;;;;;;;;;;;;;;;;;;3700;;;;;;;;600;;400;;;;;;;;;;;;600;200502;;;;;;;;;39000;;;;;;;100;;;;600;;;;;;;;;;;;;;700;;;8800;;;200;;;;200;1900;;;800;;;1700;;;;100;100;4200;;;;;;100;900;;400;;;;300;;;;;;;200;;;;;;;;1000;;;;;;;;;;;;;;;;;;;;;;;;;100
Laboratoire BOREA;Luc-sur-Mer;PHYTO-UNICAEN-LUC;PHYTO-LUC-16102023;Orianne Jolly;16/10/2023;0:0;2.0;2.0;1.0;;;bottle;Niskin;;;;;;;;;Comptage taxinomique phytoplancton;Bertrand Le Roy;07/11/2024;4°C - dark;;;;;;;;;300;;;;;;;;;2100;;;;;;1600;;;;;600;;;;;;;;;;;;;;;;;;297040;;800;;;400;;;;13000;;;;400;100;;200;;;;100;;;;1900;;;;;500;;;;600;1600;;;2600;200;;200;;200;;1300;7900;;;400;;;;;;;;700;6200;;;;;;;3600;;;;;;500;;;;;;;300;;100;;;;;3400;2400;;;300;;;;200;;;;200;;;;;;;1200;;;;;;;100
Laboratoire BOREA;Luc-sur-Mer;PHYTO-UNICAEN-LUC;PHYTO-LUC-14112023;Orianne Jolly;14/11/2023;0:0;2.0;2.0;1.0;;;bottle;Niskin;;;;;;;;;Comptage taxinomique phytoplancton;Bertrand Le Roy;28/11/2024;4°C - dark;;;;;;;;;1300;;;;;;;;;;;;;;;700;;;200;;;;;;;;;;;;;;;;;;;300;79830;;500;;100;;;;;900;;;;;;;300;;;;300;;;;3700;;;;;100;;;;;;;;;;;500;;;;;;;;;;;;200;;;;400;600;;;;;;;16600;;300;;;;;4000;200;;;;;100;;;;;;;200;200;;;;;100;;;;;;;;;;;;;900;;100;;;;;
Laboratoire BOREA;Luc-sur-Mer;PHYTO-UNICAEN-LUC;PHYTO-LUC-15122023;Orianne Jolly;15/12/2023;0:0;2.0;2.0;1.0;;;bottle;Niskin;;;;;;;;;Comptage taxinomique phytoplancton;Bertrand Le Roy;03/12/2024;4°C - dark;;;;;;;;;100;;;;100;;;;;;;;;;;;800;;;;1600;;;;100;;;;;;;;;;;;;;63121;;;;;;;;;200;200;;;;;;300;;;;100;;;;;;;;;;;;;;;;;;;;100;;;;;;;;;;;;;;;300;1000;300;;;;;;;5300;;;;;;;500;100;;;;;;;;;;;300;;;;;;;;;;1300;;;;;;;;;;;;600;;;;;200
