station*;site d'echantillonnage*;jeu de donnees*;sample_name*;sampling_resp*;sampling_date(dd/mm/yyyy)*;sampling_time (hh:mm);sampling_depth_min;sampling_depth_max;sampling_volume;tide;tide_coefficient;sampling_device*;bottle_model;bottle_volume (liter);pump_model;pump_flow (L per min);net_length (m);net_type;net_area (m2);net_mesh (Âµm);net_direction;analysis_method*;analysis_resp*;analysis_date (dd/mm/yyyy)*;rawdatafile;cytometer;analysissoftware;analysissoftwareversion;fixativemethod;fixativefinalconcentration;storagecondition;otherproduct;flashfrozen;beadsreferences;beadssize;valbeadsbacteria;Val_LNABac;Val_LNABac_SSC;Val_LNABac_FL_Green;Val_HNABac;Val_HNABac_SSC;Val_HNABac_FL_Green;Val_TotBac;Val_TotBac_SSC;Val_TotBac_FL_Green;valbeadsautotrophs;Val_PicoE;Val_PicoE_SSC;Val_PicoE_FL_Red;Val_TotEuk;Val_TotEuk_SSC;Val_TotEuk_FL_Red;Val_NanoE;Val_NanoE_SSC;Val_NanoE_FL_Red;Val_Cry;Val_Cry_SSC;Val_Cry_FL_Red;Val_Cry_FL_Orange;Val_Pro;Val_Pro_SSC;Val_Pro_FL_Red;Val_Syn;Val_Syn_SSC;Val_Syn_FL_Red;Val_Syn_FL_Orange;
;;;;;;;;;;;;;;;;;;;;;;;;;;;;;;;;;;;;;;;;;;;;;;;;;;;;;;;;;;;;;;;;;;;taxon_user
;;;;;;;;;;;;;;;;;;;;;;;;;;;;;;;;;;;;;;;;;;;;;;;;;;;;;;;;;;;;;;;;;;;aphiaID
;;;;;;;;;;;;;;;;;;;;;;;;;;;;;;;;;;;;;;;;;;;;;;;;;;;;;;;;;;;;;;;;;;;stage
;;;;;;;;;;;;;;;;;;;;;;;;;;;;;;;;;;;;;;;;;;;;;;;;;;;;;;;;;;;;;;;;;;;form
;;;;;;;;;;;;;;;;;;;;;;;;;;;;;;;;;;;;;;;;;;;;;;;;;;;;;;;;;;;;;;;;;;;sex
Station Biologique de Roscoff;SOMLIT-Estacade;Roscoff Estacade;RE080103;Fabienne Jalabert;03/01/2008;00:00;1.0;1.0;0.0;High tide;;bottle;Niskin;5.0;;;;;;;;CytomÃ©trie en flux;Fabienne Jalabert;23/01/2009;RE080103_Cytometrie_en_flux.zip;FacsCanto;CYTOWIN.EXE;;Glutaraldehyde;0.25%;-80Â°C;;YES;;0.95;4221;;;;;;;604635;0.006;0.027;;1782;0.038;2.154;2186;;;378;1.141;15.554;26;15.627;23.218;6.428;;;;1192;0.009;0.359;0.076;
Station Biologique de Roscoff;SOMLIT-Estacade;Roscoff Estacade;RE080116;Priscillia Gourvil;16/01/2008;00:00;1.0;1.0;0.0;High tide;;bottle;Niskin;5.0;;;;;;;;CytomÃ©trie en flux;Fabienne Jalabert;23/01/2009;RE080116_Cytometrie_en_flux.zip;FacsCanto;CYTOWIN.EXE;;Glutaraldehyde;0.25%;-80Â°C;;YES;;0.95;4779;;;;;;;431788;0.006;0.026;;949;0.031;1.833;1333;;;365;1.065;13.966;19;16.841;21.088;5.061;;;;949;0.008;0.461;0.097;
Station Biologique de Roscoff;SOMLIT-Estacade;Roscoff Estacade;RE080201;Fabienne Jalabert;01/02/2008;00:00;1.0;1.0;0.0;High tide;;bottle;Niskin;5.0;;;;;;;;CytomÃ©trie en flux;Fabienne Jalabert;23/01/2009;RE080201_Cytometrie_en_flux.zip;FacsCanto;CYTOWIN.EXE;;Glutaraldehyde;0.25%;-80Â°C;;YES;;0.95;6471;;;;;;;420231;0.006;0.028;;1756;0.037;2.462;2167;;;404;1.333;16.427;6;14.189;17.87;6.936;;;;1077;0.008;0.419;0.098;
Station Biologique de Roscoff;SOMLIT-Estacade;Roscoff Estacade;RE080215;Priscillia Gourvil;15/02/2008;00:00;1.0;1.0;0.0;High tide;;bottle;Niskin;5.0;;;;;;;;CytomÃ©trie en flux;Fabienne Jalabert;23/01/2009;RE080215_Cytometrie_en_flux.zip;FacsCanto;CYTOWIN.EXE;;Glutaraldehyde;0.25%;-80Â°C;;YES;;0.95;4462;;;;;;;532375;0.007;0.028;;4865;0.031;1.714;5256;;;385;0.997;14.803;6;17.646;41.023;6.948;;;;1474;0.008;0.279;0.062;
Station Biologique de Roscoff;SOMLIT-Estacade;Roscoff Estacade;RE080229;Priscillia Gourvil;29/02/2008;00:00;1.0;1.0;0.0;High tide;;bottle;Niskin;5.0;;;;;;;;CytomÃ©trie en flux;Fabienne Jalabert;23/01/2009;RE080229_Cytometrie_en_flux.zip;FacsCanto;CYTOWIN.EXE;;Glutaraldehyde;0.25%;-80Â°C;;YES;;0.95;3827;;;;;;;463240;0.007;0.027;;4404;0.026;1.356;4769;;;346;0.559;10.175;19;13.82;24.952;6.775;;;;1372;0.008;0.277;0.058;
Station Biologique de Roscoff;SOMLIT-Estacade;Roscoff Estacade;RE080317;Fabienne Jalabert;17/03/2008;00:00;1.0;1.0;0.0;High tide;;bottle;Niskin;5.0;;;;;;;;CytomÃ©trie en flux;Fabienne Jalabert;23/01/2009;RE080317_Cytometrie_en_flux.zip;FacsCanto;CYTOWIN.EXE;;Glutaraldehyde;0.25%;-80Â°C;;YES;;0.95;4125;;;;;;;848096;0.006;0.027;;5237;0.032;1.336;6365;;;1103;0.37;7.198;26;16.388;12.097;5.298;;;;3545;0.01;0.165;0.04;
Station Biologique de Roscoff;SOMLIT-Estacade;Roscoff Estacade;RE080401;Fabienne Jalabert;01/04/2008;00:00;1.0;1.0;0.0;High tide;;bottle;Niskin;5.0;;;;;;;;CytomÃ©trie en flux;Fabienne Jalabert;23/01/2009;RE080401_Cytometrie_en_flux.zip;FacsCanto;CYTOWIN.EXE;;Glutaraldehyde;0.25%;-80Â°C;;YES;;0.95;3962;;;;;;;644423;0.007;0.028;;4808;0.038;1.641;5699;;;865;1.301;11.512;26;12.615;21.739;6.645;;;;3147;0.01;0.158;0.036;
Station Biologique de Roscoff;SOMLIT-Estacade;Roscoff Estacade;RE080414;Fabienne Jalabert;14/04/2008;00:00;1.0;1.0;0.0;High tide;;bottle;Niskin;5.0;;;;;;;;CytomÃ©trie en flux;Fabienne Jalabert;23/01/2009;RE080414_Cytometrie_en_flux.zip;FacsCanto;CYTOWIN.EXE;;Glutaraldehyde;0.25%;-80Â°C;;YES;;0.95;4135;;;;;;;788115;0.006;0.028;;7423;0.033;1.367;8513;;;1064;1.044;11.162;26;12.559;18.936;5.73;;;;4321;0.01;0.198;0.044;
Station Biologique de Roscoff;SOMLIT-Estacade;Roscoff Estacade;RE080429;Fabienne Jalabert;29/04/2008;00:00;1.0;1.0;0.0;High tide;;bottle;Niskin;5.0;;;;;;;;CytomÃ©trie en flux;Fabienne Jalabert;23/01/2009;RE080429_Cytometrie_en_flux.zip;FacsCanto;CYTOWIN.EXE;;Glutaraldehyde;0.25%;-80Â°C;;YES;;0.95;8971;;;;;;;860423;0.006;0.028;;6660;0.031;1.276;7699;;;1006;1.072;14.041;32;8.453;22.382;5.952;;;;1705;0.012;0.219;0.044;
Station Biologique de Roscoff;SOMLIT-Estacade;Roscoff Estacade;RE080513;Fabienne Jalabert;13/05/2008;00:00;1.0;1.0;0.0;High tide;;bottle;Niskin;5.0;;;;;;;;CytomÃ©trie en flux;Fabienne Jalabert;23/01/2009;RE080513_Cytometrie_en_flux.zip;FacsCanto;CYTOWIN.EXE;;Glutaraldehyde;0.25%;-80Â°C;;YES;;0.95;4606;;;;;;;1186135;0.007;0.034;;8994;0.03;0.917;9859;;;833;0.418;11.315;32;11.656;25.011;6.068;;;;429;0.016;0.197;0.037;
Station Biologique de Roscoff;SOMLIT-Estacade;Roscoff Estacade;RE080527;Fabienne Jalabert;27/05/2008;00:00;1.0;1.0;0.0;High tide;;bottle;Niskin;5.0;;;;;;;;CytomÃ©trie en flux;Fabienne Jalabert;23/01/2009;RE080527_Cytometrie_en_flux.zip;FacsCanto;CYTOWIN.EXE;;Glutaraldehyde;0.25%;-80Â°C;;YES;;0.95;3712;;;;;;;1995106;0.007;0.029;;13750;0.027;1.017;18929;;;5154;0.263;11.992;26;5.434;22.613;4.436;;;;1000;0.009;0.218;0.044;
Station Biologique de Roscoff;SOMLIT-Estacade;Roscoff Estacade;RE080612;Fabienne Jalabert;12/06/2008;00:00;1.0;1.0;0.0;High tide;;bottle;Niskin;5.0;;;;;;;;CytomÃ©trie en flux;Fabienne Jalabert;30/01/2009;RE080612_Cytometrie_en_flux.zip;FacsCanto;CYTOWIN.EXE;;Glutaraldehyde;0.25%;-80Â°C;;YES;;0.95;3519;;;;;;;1529241;0.003;0.028;;21654;0.023;0.871;22574;;;914;0.847;12.842;6;5.733;27.288;6.848;;;;11173;0.01;0.182;0.034;
Station Biologique de Roscoff;SOMLIT-Estacade;Roscoff Estacade;RE080627;Fabienne Jalabert;27/06/2008;00:00;1.0;1.0;0.0;High tide;;bottle;Niskin;5.0;;;;;;;;CytomÃ©trie en flux;Fabienne Jalabert;30/01/2009;RE080627_Cytometrie_en_flux.zip;FacsCanto;CYTOWIN.EXE;;Glutaraldehyde;0.25%;-80Â°C;;YES;;0.95;4389;;;;;;;1480500;0.003;0.026;;10864;0.026;1.003;11753;;;877;0.77;12.727;12;6.723;27.891;4.449;;;;11136;0.009;0.158;0.032;
Station Biologique de Roscoff;SOMLIT-Estacade;Roscoff Estacade;RE080711;Fabienne Jalabert;11/07/2008;00:00;1.0;1.0;0.0;High tide;;bottle;Niskin;5.0;;;;;;;;CytomÃ©trie en flux;Fabienne Jalabert;30/01/2009;RE080711_Cytometrie_en_flux.zip;FacsCanto;CYTOWIN.EXE;;Glutaraldehyde;0.25%;-80Â°C;;YES;;0.95;4259;;;;;;;1351056;0.002;0.025;;22068;0.028;1.058;23142;;;1068;0.437;11.741;6;17.428;10.284;2.985;;;;8037;0.009;0.163;0.034;
Station Biologique de Roscoff;SOMLIT-Estacade;Roscoff Estacade;RE080728;Priscillia Gourvil;28/07/2008;00:00;1.0;1.0;0.0;High tide;;bottle;Niskin;5.0;;;;;;;;CytomÃ©trie en flux;Fabienne Jalabert;30/01/2009;RE080728_Cytometrie_en_flux.zip;FacsCanto;CYTOWIN.EXE;;Glutaraldehyde;0.25%;-80Â°C;;YES;;0.95;4231;;;;;;;1363787;0.003;0.028;;18586;0.031;1.183;19858;;;1241;0.334;11.776;31;12.793;19.065;5.94;;;;4759;0.01;0.203;0.041;
Station Biologique de Roscoff;SOMLIT-Estacade;Roscoff Estacade;RE080811;Fabienne Jalabert;11/08/2008;00:00;1.0;1.0;0.0;High tide;;bottle;Niskin;5.0;;;;;;;;CytomÃ©trie en flux;Fabienne Jalabert;30/01/2009;RE080811_Cytometrie_en_flux.zip;FacsCanto;CYTOWIN.EXE;;Glutaraldehyde;0.25%;-80Â°C;;YES;;0.95;;;;;;;;;;;;23475;0.028;1.067;24623;;;1136;0.456;10.347;12;6.151;27.963;6.798;;;;4475;0.009;0.18;0.037;
Station Biologique de Roscoff;SOMLIT-Estacade;Roscoff Estacade;RE080826;Fabienne Jalabert;26/08/2008;00:00;1.0;1.0;0.0;High tide;;bottle;Niskin;5.0;;;;;;;;CytomÃ©trie en flux;Fabienne Jalabert;30/01/2009;RE080826_Cytometrie_en_flux.zip;FacsCanto;CYTOWIN.EXE;;Glutaraldehyde;0.25%;-80Â°C;;YES;;0.95;3648;;;;;;;1301815;0.004;0.029;;14951;0.032;1.267;15969;;;1012;0.727;19.779;6;17.621;92.514;6.838;;;;4901;0.009;0.228;0.048;
Station Biologique de Roscoff;SOMLIT-Estacade;Roscoff Estacade;RE080909;Fabienne Jalabert;09/09/2008;00:00;1.0;1.0;0.0;High tide;;bottle;Niskin;5.0;;;;;;;;CytomÃ©trie en flux;Fabienne Jalabert;30/01/2009;RE080909_Cytometrie_en_flux.zip;FacsCanto;CYTOWIN.EXE;;Glutaraldehyde;0.25%;-80Â°C;;YES;;0.95;3685;;;;;;;1827037;0.003;0.03;;21111;0.03;1.429;21642;;;531;0.287;13.981;0;0;0;0;;;;8056;0.009;0.257;0.05;
Station Biologique de Roscoff;SOMLIT-Estacade;Roscoff Estacade;RE080923;Fabienne Jalabert;23/09/2008;00:00;1.0;1.0;0.0;High tide;;bottle;Niskin;5.0;;;;;;;;CytomÃ©trie en flux;Fabienne Jalabert;30/01/2009;RE080923_Cytometrie_en_flux.zip;FacsCanto;CYTOWIN.EXE;;Glutaraldehyde;0.25%;-80Â°C;;YES;;0.95;;;;;;;;;;;;15444;0.028;1.205;16309;;;846;1.629;18.939;19;17.531;48.193;4.76;;;;9025;0.01;0.212;0.042;
Station Biologique de Roscoff;SOMLIT-Estacade;Roscoff Estacade;RE081009;Fabienne Jalabert;09/10/2008;00:00;1.0;1.0;0.0;High tide;;bottle;Niskin;5.0;;;;;;;;CytomÃ©trie en flux;Fabienne Jalabert;30/01/2009;RE081009_Cytometrie_en_flux.zip;FacsCanto;CYTOWIN.EXE;;Glutaraldehyde;0.25%;-80Â°C;;YES;;0.95;4861;;;;;;;1311556;0.003;0.027;;13772;0.033;1.628;14377;;;599;0.403;15.128;6;17.56;62.263;6.836;;;;8093;0.009;0.254;0.051;
Station Biologique de Roscoff;SOMLIT-Estacade;Roscoff Estacade;RE081022;Fabienne Jalabert;22/10/2008;00:00;1.0;1.0;0.0;High tide;;bottle;Niskin;5.0;;;;;;;;CytomÃ©trie en flux;Fabienne Jalabert;30/01/2009;RE081022_Cytometrie_en_flux.zip;FacsCanto;CYTOWIN.EXE;;Glutaraldehyde;0.25%;-80Â°C;;YES;;0.95;2593;;;;;;;730833;0.003;0.022;;3840;0.036;1.968;4346;;;506;0.861;17.526;0;0;0;0;;;;4525;0.009;0.422;0.084;
Station Biologique de Roscoff;SOMLIT-Estacade;Roscoff Estacade;RE081106;Fabienne Jalabert;06/11/2008;00:00;1.0;1.0;0.0;High tide;;bottle;Niskin;5.0;;;;;;;;CytomÃ©trie en flux;Fabienne Jalabert;30/01/2009;RE081106_Cytometrie_en_flux.zip;FacsCanto;CYTOWIN.EXE;;Glutaraldehyde;0.25%;-80Â°C;;YES;;0.95;3407;;;;;;;808843;0.003;0.026;;3519;0.028;1.776;3907;;;352;1.363;22.893;37;6.275;9.917;5.954;;;;4593;0.211;0.416;0.084;
Station Biologique de Roscoff;SOMLIT-Estacade;Roscoff Estacade;RE081120;Fabienne Jalabert;20/11/2008;00:00;1.0;1.0;0.0;High tide;;bottle;Niskin;5.0;;;;;;;;CytomÃ©trie en flux;Fabienne Jalabert;30/01/2009;RE081120_Cytometrie_en_flux.zip;FacsCanto;CYTOWIN.EXE;;Glutaraldehyde;0.25%;-80Â°C;;YES;;0.95;2704;;;;;;;673509;0.003;0.025;;2154;0.034;1.993;2377;;;216;0.599;16.03;6;17.637;96.012;6.871;;;;3191;0.009;0.443;0.086;
Station Biologique de Roscoff;SOMLIT-Estacade;Roscoff Estacade;RE081208;Fabienne Jalabert;08/12/2008;00:00;1.0;1.0;0.0;High tide;;bottle;Niskin;5.0;;;;;;;;CytomÃ©trie en flux;Fabienne Jalabert;21/04/2009;RE081208_Cytometrie_en_flux.zip;FacsCanto;CYTOWIN.EXE;;Glutaraldehyde;0.25%;-80Â°C;;YES;;0.95;3377;;;;;;;704421;0.005;0.013;;930;0.044;2.304;1327;;;386;1.465;12.136;12;9.216;29.256;6.281;;;;2029;0.011;0.396;0.087;
Station Biologique de Roscoff;SOMLIT-Estacade;Roscoff Estacade;RE081222;Fabienne Jalabert;22/12/2008;00:00;1.0;1.0;0.0;High tide;;bottle;Niskin;5.0;;;;;;;;CytomÃ©trie en flux;Fabienne Jalabert;21/04/2009;RE081222_Cytometrie_en_flux.zip;FacsCanto;CYTOWIN.EXE;;Glutaraldehyde;0.25%;-80Â°C;;YES;;0.95;2781;;;;;;;399553;0.005;0.011;;1117;0.042;2.781;1398;;;269;1.454;14.587;12;9.685;32.723;2.297;;;;1608;0.01;0.437;0.097;
Station Biologique de Roscoff;SOMLIT-Estacade;Roscoff Estacade;RE090107;Fabienne Jalabert;07/01/2009;00:00;1.0;1.0;0.0;High tide;;bottle;Niskin;5.0;;;;;;;;CytomÃ©trie en flux;Fabienne Jalabert;21/04/2009;RA090107.zip;FacsCanto;CYTOWIN.EXE;;Glutaraldehyde;0.25%;-80Â°C;;YES;;0.95;2868;;;;;;;454798;0.005;0.015;;2485;no beads;no beads;2889;;;327;no beads;no beads;76;no beads;no beads;no beads;;;;3058;no beads;no beads;no beads;
Station Biologique de Roscoff;SOMLIT-Estacade;Roscoff Estacade;RE090120;Fabienne Jalabert;20/01/2009;00:00;1.0;1.0;0.0;High tide;;bottle;Niskin;5.0;;;;;;;;CytomÃ©trie en flux;Fabienne Jalabert;21/04/2009;RE090120_Cytometrie_en_flux.zip;FacsCanto;CYTOWIN.EXE;;Glutaraldehyde;0.25%;-80Â°C;;YES;;0.95;3368;;;;;;;416658;0.006;0.007;;1655;no beads;no beads;2333;;;585;no beads;no beads;94;no beads;no beads;no beads;;;;2433;no beads;no beads;no beads;
Station Biologique de Roscoff;SOMLIT-Estacade;Roscoff Estacade;RE090205;Fabienne Jalabert;05/02/2009;00:00;1.0;1.0;0.0;High tide;;bottle;Niskin;5.0;;;;;;;;CytomÃ©trie en flux;Fabienne Jalabert;21/04/2009;RE090205_Cytometrie_en_flux.zip;FacsCanto;CYTOWIN.EXE;;Glutaraldehyde;0.25%;-80Â°C;;YES;;0.95;4614;;;;;;;362702;0.006;0.012;;1263;no beads;no beads;1655;;;351;no beads;no beads;41;no beads;no beads;no beads;;;;2246;no beads;no beads;no beads;
Station Biologique de Roscoff;SOMLIT-Estacade;Roscoff Estacade;RE090218;Fabienne Jalabert;18/02/2009;00:00;1.0;1.0;0.0;High tide;;bottle;Niskin;5.0;;;;;;;;CytomÃ©trie en flux;Fabienne Jalabert;23/04/2009;RE090218_Cytometrie_en_flux.zip;FacsCanto;CYTOWIN.EXE;;Glutaraldehyde;0.25%;-80Â°C;;YES;;0.95;3149;;;;;;;445263;0.006;0.015;;2006;no beads;no beads;2310;;;269;no beads;no beads;35;no beads;no beads;no beads;;;;1690;no beads;no beads;no beads;
Station Biologique de Roscoff;SOMLIT-Estacade;Roscoff Estacade;RE090306;Fabienne Jalabert;06/03/2009;00:00;1.0;1.0;0.0;High tide;;bottle;Niskin;5.0;;;;;;;;CytomÃ©trie en flux;Fabienne Jalabert;23/04/2009;RE090306_Cytometrie_en_flux.zip;FacsCanto;CYTOWIN.EXE;;Glutaraldehyde;0.25%;-80Â°C;;YES;;0.95;0;;;;;;;406281;no beads;no beads;;4123;no beads;no beads;4696;;;485;no beads;no beads;88;no beads;no beads;no beads;;;;5772;no beads;no beads;no beads;
Station Biologique de Roscoff;SOMLIT-Estacade;Roscoff Estacade;RE090320;Fabienne Jalabert;20/03/2009;00:00;1.0;1.0;0.0;High tide;;bottle;Niskin;5.0;;;;;;;;CytomÃ©trie en flux;Fabienne Jalabert;23/04/2009;RE090320_Cytometrie_en_flux.zip;FacsCanto;CYTOWIN.EXE;;Glutaraldehyde;0.25%;-80Â°C;;YES;;0.95;9702;;;;;;;697816;0.006;0.02;;15439;no beads;no beads;16140;;;573;no beads;no beads;129;no beads;no beads;no beads;;;;7877;no beads;no beads;no beads;
Station Biologique de Roscoff;SOMLIT-Estacade;Roscoff Estacade;RE090403;Fabienne Jalabert;03/04/2009;00:00;1.0;1.0;0.0;High tide;;bottle;Niskin;5.0;;;;;;;;CytomÃ©trie en flux;Fabienne Jalabert;23/04/2009;RE090403_Cytometrie_en_flux.zip;FacsCanto;CYTOWIN.EXE;;Glutaraldehyde;0.25%;-80Â°C;;YES;;0.95;3404;;;;;;;754465;0.006;0.018;;3789;0.03;1.024;4357;;;520;1.757;15.818;47;6.338;16.885;0.566;;;;2602;0.009;0.142;0.034;
Station Biologique de Roscoff;SOMLIT-Estacade;Roscoff Estacade;RE090416;Fabienne Jalabert;16/04/2009;00:00;1.0;1.0;0.0;High tide;;bottle;Niskin;5.0;;;;;;;;CytomÃ©trie en flux;Fabienne Jalabert;23/04/2009;RE090416_Cytometrie_en_flux.zip;FacsCanto;CYTOWIN.EXE;;Glutaraldehyde;0.25%;-80Â°C;;YES;;0.95;9;;;;;;;831746;0.041;0.015;;2684;0.031;1.245;3509;;;673;2.81;17.894;152;5.666;11.045;5.115;;;;1181;0.01;0.21;0.04;
Station Biologique de Roscoff;SOMLIT-Estacade;Roscoff Estacade;RE090504;Fabienne Jalabert;04/05/2009;00:00;1.0;1.0;0.0;High tide;;bottle;Niskin;5.0;;;;;;;;CytomÃ©trie en flux;Fabienne Jalabert;18/06/2009;RE090504_Cytometrie_en_flux.zip;FacsCanto;CYTOWIN.EXE;;Glutaraldehyde;0.25%;-80Â°C;;YES;;0.95;3892;;;;;;;1523235;0.007;0.02;;7987;no beads;no beads;8837;;;830;no beads;no beads;20;no beads;no beads;no beads;;;;1059;no beads;no beads;no beads;
Station Biologique de Roscoff;SOMLIT-Estacade;Roscoff Estacade;RE090518;Fabienne Jalabert;18/05/2009;00:00;1.0;1.0;0.0;High tide;;bottle;Niskin;5.0;;;;;;;;CytomÃ©trie en flux;Fabienne Jalabert;18/06/2009;RE090518_Cytometrie_en_flux.zip;FacsCanto;CYTOWIN.EXE;;Glutaraldehyde;0.25%;-80Â°C;;YES;;0.95;4294;;;;;;;1345676;0.007;0.021;;3020;0.042;1.265;3582;;;477;1.569;21.12;85;5.284;45.427;0.868;;;;438;0.012;0.147;0.032;
Station Biologique de Roscoff;SOMLIT-Estacade;Roscoff Estacade;RE090602;Fabienne Jalabert;02/06/2009;00:00;1.0;1.0;0.0;High tide;;bottle;Niskin;5.0;;;;;;;;CytomÃ©trie en flux;Fabienne Jalabert;18/06/2009;RE090602_Cytometrie_en_flux.zip;FacsCanto;CYTOWIN.EXE;;Glutaraldehyde;0.25%;-80Â°C;;YES;;0.95;4196;;;;;;;1208225;0.007;0.022;;27314;0.027;0.783;28680;;;1261;0.728;21.995;105;6.263;51.512;1.235;;;;673;0.01;0.151;0.034;
Station Biologique de Roscoff;SOMLIT-Estacade;Roscoff Estacade;RE090616;Fabienne Jalabert;16/06/2009;00:00;1.0;1.0;0.0;High tide;;bottle;Niskin;5.0;;;;;;;;CytomÃ©trie en flux;Fabienne Jalabert;18/06/2009;RE090616_Cytometrie_en_flux.zip;FacsCanto;CYTOWIN.EXE;;Glutaraldehyde;0.25%;-80Â°C;;YES;;0.95;29;;;;;;;1232216;0.034;0.019;;28078;no beads;no beads;28706;;;575;no beads;no beads;52;no beads;no beads;no beads;;;;948;no beads;no beads;no beads;
Station Biologique de Roscoff;SOMLIT-Estacade;Roscoff Estacade;RE090701;Fabienne Jalabert;01/07/2009;00:00;1.0;1.0;0.0;High tide;;bottle;Niskin;5.0;;;;;;;;CytomÃ©trie en flux;Fabienne Jalabert;22/10/2009;RE090701_Cytometrie_en_flux.zip;FacsCanto;CYTOWIN.EXE;;Glutaraldehyde;0.25%;-80Â°C;;YES;;0.95;90241;;;;;;;1758036;0.034;0.161;;21143;0.419;10.868;22607;;;1262;14.255;155.781;202;27.535;254.658;6.091;;;;2321;0.15;2.215;0.348;
Station Biologique de Roscoff;SOMLIT-Estacade;Roscoff Estacade;RE090716;Priscillia Gourvil;16/07/2009;00:00;1.0;1.0;0.0;High tide;;bottle;Niskin;5.0;;;;;;;;CytomÃ©trie en flux;Fabienne Jalabert;22/10/2009;RE090716_Cytometrie_en_flux.zip;FacsCanto;CYTOWIN.EXE;;Glutaraldehyde;0.25%;-80Â°C;;YES;;0.95;82830;;;;;;;1357071;0.034;0.145;;14238;0.509;16.338;15381;;;1024;6.48;164.957;119;125.486;253.398;11.089;;;;1714;0.184;3.363;0.556;
Station Biologique de Roscoff;SOMLIT-Estacade;Roscoff Estacade;RE090731;Nathalie Simon;31/07/2009;00:00;1.0;1.0;0.0;High tide;;bottle;Niskin;5.0;;;;;;;;CytomÃ©trie en flux;Fabienne Jalabert;22/10/2009;RE090731_Cytometrie_en_flux.zip;FacsCanto;CYTOWIN.EXE;;Glutaraldehyde;0.25%;-80Â°C;;YES;;0.95;;;;;;;;;;;;17958;0.436;11.838;18923;;;845;16.57;140.209;119;24.739;248.788;8.164;;;;4935;0.153;2.826;0.462;
Station Biologique de Roscoff;SOMLIT-Estacade;Roscoff Estacade;RE090814;Fabienne Jalabert;14/08/2009;00:00;1.0;1.0;0.0;High tide;;bottle;Niskin;5.0;;;;;;;;CytomÃ©trie en flux;Fabienne Jalabert;22/10/2009;RE090814_Cytometrie_en_flux.zip;FacsCanto;CYTOWIN.EXE;;Glutaraldehyde;0.25%;-80Â°C;;YES;;0.95;89670;;;;;;;1099375;0.035;0.129;;25607;0.424;12.285;26792;;;1048;3.704;137.031;137;40.78;244.857;7.762;;;;5381;0.157;2.935;0.447;
Station Biologique de Roscoff;SOMLIT-Estacade;Roscoff Estacade;RE090828;Fabienne Jalabert;28/08/2009;00:00;1.0;1.0;0.0;High tide;;bottle;Niskin;5.0;;;;;;;;CytomÃ©trie en flux;Fabienne Jalabert;22/10/2009;RE090828_Cytometrie_en_flux.zip;FacsCanto;CYTOWIN.EXE;;Glutaraldehyde;0.25%;-80Â°C;;YES;;0.95;;;;;;;;;;;;13107;0.461;12.22;14179;;;964;19.988;133.619;107;64.294;264.874;7.537;;;;5298;0.157;2.95;0.54;
Station Biologique de Roscoff;SOMLIT-Estacade;Roscoff Estacade;RE090914;Fabienne Jalabert;14/09/2009;00:00;1.0;1.0;0.0;High tide;;bottle;Niskin;5.0;;;;;;;;CytomÃ©trie en flux;Fabienne Jalabert;22/10/2009;RE090914_Cytometrie_en_flux.zip;FacsCanto;CYTOWIN.EXE;;Glutaraldehyde;0.25%;-80Â°C;;YES;;0.95;;;;;;;;;;;;18173;0.503;16.195;19488;;;1089;11.213;146.997;226;100.306;272.677;12.25;;;;14315;0.172;2.89;0.487;
Station Biologique de Roscoff;SOMLIT-Estacade;Roscoff Estacade;RE090928;Fabienne Jalabert;28/09/2009;00:00;1.0;1.0;0.0;High tide;;bottle;Niskin;5.0;;;;;;;;CytomÃ©trie en flux;Fabienne Jalabert;22/10/2009;RE090928_Cytometrie_en_flux.zip;FacsCanto;CYTOWIN.EXE;;Glutaraldehyde;0.25%;-80Â°C;;YES;;0.95;;;;;;;;;;;;18667;0.504;14.183;19250;;;548;18.801;147.045;36;240.929;76.397;10.178;;;;8375;0.203;2.568;0.42;
Station Biologique de Roscoff;SOMLIT-Estacade;Roscoff Estacade;RE091012;Fabienne Jalabert;12/10/2009;00:00;1.0;1.0;0.0;High tide;;bottle;Niskin;5.0;;;;;;;;CytomÃ©trie en flux;Fabienne Jalabert;22/10/2009;RE091012_Cytometrie_en_flux.zip;FacsCanto;CYTOWIN.EXE;;Glutaraldehyde;0.25%;-80Â°C;;YES;;0.95;;;;;;;;;;;;7149;0.521;18.362;7988;;;786;38.998;147.169;54;174.094;219.15;16.553;;;;5839;0.159;3.74;0.625;
Station Biologique de Roscoff;SOMLIT-Estacade;Roscoff Estacade;RE091110;Fabienne Jalabert;10/11/2009;00:00;1.0;1.0;0.0;High tide;;bottle;Niskin;5.0;;;;;;;;CytomÃ©trie en flux;Fabienne Jalabert;30/03/2010;RE091110_Cytometrie_en_flux.zip;FacsCanto;CYTOWIN.EXE;;Glutaraldehyde;0.25%;-80Â°C;;YES;;0.95;22298;;;;;;;1030675;0.035;0.16;;2596;0.562;23.34;3135;;;491;39.741;190.628;47;66.421;220.131;7.364;;;;2883;0.141;4.109;0.721;
Station Biologique de Roscoff;SOMLIT-Estacade;Roscoff Estacade;RE091126;Fabienne Jalabert;26/11/2009;00:00;1.0;1.0;0.0;High tide;;bottle;Niskin;5.0;;;;;;;;CytomÃ©trie en flux;Fabienne Jalabert;30/03/2010;RE091126_Cytometrie_en_flux.zip;FacsCanto;CYTOWIN.EXE;;Glutaraldehyde;0.25%;-80Â°C;;YES;;0.95;23728;;;;;;;704307;0.039;0.147;;865;0.636;24.422;1854;;;895;119.325;159.546;94;238.148;82.381;2.727;;;;924;0.154;2.762;0.6;
Station Biologique de Roscoff;SOMLIT-Estacade;Roscoff Estacade;RE091210;Fabienne Jalabert;10/12/2009;00:00;1.0;1.0;0.0;High tide;;bottle;Niskin;5.0;;;;;;;;CytomÃ©trie en flux;Fabienne Jalabert;30/03/2010;RE091210_Cytometrie_en_flux.zip;FacsCanto;CYTOWIN.EXE;;Glutaraldehyde;0.25%;-80Â°C;;YES;;0.95;25079;;;;;;;538263;0.037;0.149;;789;0.593;26.939;1345;;;526;83.979;184.748;29;198.4;170.477;8.368;;;;1018;0.14;5.02;1.041;
Station Biologique de Roscoff;SOMLIT-Estacade;Roscoff Estacade;RE091223;Fabienne Jalabert;23/12/2009;00:00;1.0;1.0;0.0;High tide;;bottle;Niskin;5.0;;;;;;;;CytomÃ©trie en flux;Fabienne Jalabert;30/03/2010;RE091223_Cytometrie_en_flux.zip;FacsCanto;CYTOWIN.EXE;;Glutaraldehyde;0.25%;-80Â°C;;YES;;0.95;23649;;;;;;;397307;0.035;0.151;;1058;0.528;21.883;1257;;;181;7.689;126.224;18;8.835;294.307;10;;;;848;0.123;4.161;0.923;
Station Biologique de Roscoff;SOMLIT-Estacade;Roscoff Estacade;RE100111;Fabienne Jalabert;11/01/2010;00:00;1.0;1.0;0.0;High tide;;bottle;Niskin;5.0;;;;;;;;CytomÃ©trie en flux;Fabienne Jalabert;30/03/2010;RE100111_Cytometrie_en_flux.zip;FacsCanto;CYTOWIN.EXE;;Glutaraldehyde;0.25%;-80Â°C;;YES;;0.95;24465;;;;;;;360930;0.035;0.143;;1713;0.587;27.368;2129;;;392;11.681;102.045;23;138.603;162.711;22.882;;;;1269;0.156;6.098;1.282;
Station Biologique de Roscoff;SOMLIT-Estacade;Roscoff Estacade;RE100125;Fabienne Jalabert;25/01/2010;00:00;1.0;1.0;0.0;High tide;;bottle;Niskin;5.0;;;;;;;;CytomÃ©trie en flux;Fabienne Jalabert;30/03/2010;RE100125_Cytometrie_en_flux.zip;FacsCanto;CYTOWIN.EXE;;Glutaraldehyde;0.25%;-80Â°C;;YES;;0.95;23825;;;;;;;320412;0.041;0.177;;1842;0.501;21.284;2316;;;409;14.176;122.126;64;89.813;157.785;39.738;;;;1170;0.13;3.457;0.798;
Station Biologique de Roscoff;SOMLIT-Estacade;Roscoff Estacade;RE100208;Fabienne Jalabert;08/02/2010;00:00;1.0;1.0;0.0;High tide;;bottle;Niskin;5.0;;;;;;;;CytomÃ©trie en flux;Fabienne Jalabert;30/03/2010;RE100208_Cytometrie_en_flux.zip;FacsCanto;CYTOWIN.EXE;;Glutaraldehyde;0.25%;-80Â°C;;YES;;0.95;23930;;;;;;;382667;0.04;0.157;;2953;0.485;22.129;3398;;;368;31.537;129.655;76;155.429;164.594;25.216;;;;1982;0.132;4.335;0.912;
Station Biologique de Roscoff;SOMLIT-Estacade;Roscoff Estacade;RE100309;Fabienne Jalabert;09/03/2010;00:00;1.0;1.0;0.0;High tide;;bottle;Niskin;5.0;;;;;;;;CytomÃ©trie en flux;Fabienne Jalabert;30/03/2010;RE100309_Cytometrie_en_flux.zip;FacsCanto;CYTOWIN.EXE;;Glutaraldehyde;0.25%;-80Â°C;;YES;;0.95;23079;;;;;;;666333;0.04;0.16;;14696;0.401;12.73;15263;;;462;36.319;139.045;105;174.108;106.431;20.7;;;;4567;0.125;2.262;0.475;
Station Biologique de Roscoff;SOMLIT-Estacade;Roscoff Estacade;RE100324;Fabienne Jalabert;24/03/2010;00:00;1.0;1.0;0.0;High tide;;bottle;Niskin;5.0;;;;;;;;CytomÃ©trie en flux;Fabienne Jalabert;30/03/2010;RE100324_Cytometrie_en_flux.zip;FacsCanto;CYTOWIN.EXE;;Glutaraldehyde;0.25%;-80Â°C;;YES;;0.95;23684;;;;;;;468105;0.044;0.174;;3327;0.479;15.582;3754;;;351;20.715;156.154;76;176.439;142.083;26.285;;;;1649;0.146;2.756;0.525;
Station Biologique de Roscoff;SOMLIT-Estacade;Roscoff Estacade;RE100422;Fabienne Jalabert;22/04/2010;00:00;1.0;1.0;0.0;High tide;;bottle;Niskin;5.0;;;;;;;;CytomÃ©trie en flux;Fabienne Jalabert;04/01/2011;RE100422_Cytometrie_en_flux.zip;FacsCanto;CYTOWIN.EXE;;Glutaraldehyde;0.25%;-80Â°C;;YES;;0.95;41152;;;;;;;706982;0.04;0.237;;12179;0.435;10.381;12554;;;357;8.05;144.194;18;40.396;153.167;44.604;;;;1000;0.16;1.65;0.271;
Station Biologique de Roscoff;SOMLIT-Estacade;Roscoff Estacade;RE100506;Fabienne Jalabert;06/05/2010;00:00;1.0;1.0;0.0;High tide;;bottle;Niskin;5.0;;;;;;;;CytomÃ©trie en flux;Fabienne Jalabert;04/01/2011;RE100506_Cytometrie_en_flux.zip;FacsCanto;CYTOWIN.EXE;;Glutaraldehyde;0.25%;-80Â°C;;YES;;0.95;39491;;;;;;;1071116;0.041;0.256;;13821;0.408;10.207;14262;;;399;6.008;117.05;42;97.767;155.753;68.249;;;;762;0.151;1.485;0.257;
Station Biologique de Roscoff;SOMLIT-Estacade;Roscoff Estacade;RE100521;Fabienne Jalabert;21/05/2010;00:00;1.0;1.0;0.0;High tide;;bottle;Niskin;5.0;;;;;;;;CytomÃ©trie en flux;Fabienne Jalabert;04/01/2011;RE100521_Cytometrie_en_flux.zip;FacsCanto;CYTOWIN.EXE;;Glutaraldehyde;0.25%;-80Â°C;;YES;;0.95;43964;;;;;;;802741;0.043;0.281;;4750;0.442;10.41;5095;;;304;5.395;150.668;42;146.874;200.728;55.093;;;;131;0.174;2.508;0.418;
Station Biologique de Roscoff;SOMLIT-Estacade;Roscoff Estacade;RE100607;Fabienne Jalabert;07/06/2010;00:00;1.0;1.0;0.0;High tide;;bottle;Niskin;5.0;;;;;;;;CytomÃ©trie en flux;Fabienne Jalabert;04/01/2011;RE100607_Cytometrie_en_flux.zip;FacsCanto;CYTOWIN.EXE;;Glutaraldehyde;0.25%;-80Â°C;;YES;;0.95;45589;;;;;;;1419107;0.037;0.232;;20583;0.38;9.2;21292;;;601;8.755;144.031;107;145.541;274.755;55.443;;;;857;0.162;1.775;0.287;
Station Biologique de Roscoff;SOMLIT-Estacade;Roscoff Estacade;RE100621;Fabienne Jalabert;21/06/2010;00:00;1.0;1.0;0.0;High tide;;bottle;Niskin;5.0;;;;;;;;CytomÃ©trie en flux;Fabienne Jalabert;04/01/2011;RE100621_Cytometrie_en_flux.zip;FacsCanto;CYTOWIN.EXE;;Glutaraldehyde;0.25%;-80Â°C;;YES;;0.95;40330;;;;;;;1016634;0.037;0.236;;23935;0.412;9.452;24679;;;690;5.804;115.673;54;147.008;261.904;44.105;;;;2470;0.154;2.001;0.355;
Station Biologique de Roscoff;SOMLIT-Estacade;Roscoff Estacade;RE100706;Julie Bergeret;06/07/2010;00:00;1.0;1.0;0.0;High tide;;bottle;Niskin;5.0;;;;;;;;CytomÃ©trie en flux;Fabienne Jalabert;04/01/2011;RE100706_Cytometrie_en_flux.zip;FacsCanto;CYTOWIN.EXE;;Glutaraldehyde;0.25%;-80Â°C;;YES;;0.95;39902;;;;;;;1419438;0.037;0.246;;26012;0.363;7.145;26577;;;530;5.1;112.776;36;108.542;180.655;65.208;;;;4446;0.16;1.936;0.307;
Station Biologique de Roscoff;SOMLIT-Estacade;Roscoff Estacade;RE100720;Julie Bergeret;20/07/2010;00:00;1.0;1.0;0.0;High tide;;bottle;Niskin;5.0;;;;;;;;CytomÃ©trie en flux;Fabienne Jalabert;04/01/2011;RE100720_Cytometrie_en_flux.zip;FacsCanto;CYTOWIN.EXE;;Glutaraldehyde;0.25%;-80Â°C;;YES;;0.95;40179;;;;;;;1746259;0.035;0.247;;11881;0.498;16.172;12702;;;726;10.311;132.525;95;79.796;251.017;49.245;;;;4250;0.152;2.361;0.404;
Station Biologique de Roscoff;SOMLIT-Estacade;Roscoff Estacade;RE100805;Julie Bergeret;05/08/2010;00:00;1.0;1.0;0.0;High tide;;bottle;Niskin;5.0;;;;;;;;CytomÃ©trie en flux;Fabienne Jalabert;04/01/2011;RE100805_Cytometrie_en_flux.zip;FacsCanto;CYTOWIN.EXE;;Glutaraldehyde;0.25%;-80Â°C;;YES;;0.95;40241;;;;;;;1305875;0.037;0.239;;18970;0.431;10.662;19631;;;625;3.991;106.351;36;150.995;218.805;70.771;;;;3994;0.142;1.003;0.201;
Station Biologique de Roscoff;SOMLIT-Estacade;Roscoff Estacade;RE100819;Julie Bergeret;19/08/2010;00:00;1.0;1.0;0.0;High tide;;bottle;Niskin;5.0;;;;;;;;CytomÃ©trie en flux;Fabienne Jalabert;04/01/2011;RE100819_Cytometrie_en_flux.zip;FacsCanto;CYTOWIN.EXE;;Glutaraldehyde;0.25%;-80Â°C;;YES;;0.95;40152;;;;;;;1094125;0.039;0.237;;19417;0.456;9.071;20048;;;589;3.963;82.756;42;153.878;229.984;73.964;;;;2661;0.165;0.733;0.183;
Station Biologique de Roscoff;SOMLIT-Estacade;Roscoff Estacade;RE100903;Fabienne Jalabert;03/09/2010;00:00;1.0;1.0;0.0;High tide;;bottle;Niskin;5.0;;;;;;;;CytomÃ©trie en flux;Fabienne Jalabert;04/01/2011;RE100903_Cytometrie_en_flux.zip;FacsCanto;CYTOWIN.EXE;;Glutaraldehyde;0.25%;-80Â°C;;YES;;0.95;40232;;;;;;;1426536;0.036;0.225;;16089;0.461;12.491;16863;;;708;4.572;122.666;65;107.757;327.279;40.64;;;;3298;0.153;2.524;0.387;
Station Biologique de Roscoff;SOMLIT-Estacade;Roscoff Estacade;RE100916;LoÃ¯c Guilloux;16/09/2010;00:00;1.0;1.0;0.0;High tide;;bottle;Niskin;5.0;;;;;;;;CytomÃ©trie en flux;Fabienne Jalabert;04/01/2011;RE100916_Cytometrie_en_flux.zip;FacsCanto;CYTOWIN.EXE;;Glutaraldehyde;0.25%;-80Â°C;;YES;;0.95;39634;;;;;;;1028295;0.037;0.232;;9339;0.461;13.256;9881;;;506;11.391;140.079;36;166.604;262.334;53.664;;;;2369;0.149;3.023;0.512;
Station Biologique de Roscoff;SOMLIT-Estacade;Roscoff Estacade;RE101001;LoÃ¯c Guilloux;01/10/2010;00:00;1.0;1.0;0.0;High tide;;bottle;Niskin;5.0;;;;;;;;CytomÃ©trie en flux;Fabienne Jalabert;04/01/2011;RE101001_Cytometrie_en_flux.zip;FacsCanto;CYTOWIN.EXE;;Glutaraldehyde;0.25%;-80Â°C;;YES;;0.95;37562;;;;;;;845804;0.038;0.217;;6756;0.421;12.31;7185;;;333;6.769;114.067;95;143.336;217.174;52.74;;;;2101;0.147;3.09;0.491;
Station Biologique de Roscoff;SOMLIT-Estacade;Roscoff Estacade;RE101015;LoÃ¯c Guilloux;15/10/2010;00:00;1.0;1.0;0.0;High tide;;bottle;Niskin;5.0;;;;;;;;CytomÃ©trie en flux;Fabienne Jalabert;04/01/2011;RE101015_Cytometrie_en_flux.zip;FacsCanto;CYTOWIN.EXE;;Glutaraldehyde;0.25%;-80Â°C;;YES;;0.95;40071;;;;;;;1069661;0.037;0.255;;7935;0.486;16.648;8274;;;298;8.848;129.301;42;132.675;211.304;65.223;;;;3256;0.148;3.095;0.526;
Station Biologique de Roscoff;SOMLIT-Estacade;Roscoff Estacade;RE101115;LoÃ¯c Guilloux;15/11/2010;00:00;1.0;1.0;0.0;High tide;;bottle;Niskin;5.0;;;;;;;;CytomÃ©trie en flux;Fabienne Jalabert;04/01/2011;RE101115_Cytometrie_en_flux.zip;FacsCanto;CYTOWIN.EXE;;Glutaraldehyde;0.25%;-80Â°C;;YES;;0.95;41125;;;;;;;572312;0.033;0.203;;5000;0.445;16.166;5423;;;327;15.961;130.913;95;105.144;223.044;55.615;;;;2810;0.128;3.82;0.668;
Station Biologique de Roscoff;SOMLIT-Estacade;Roscoff Estacade;RE101129;LoÃ¯c Guilloux;29/11/2010;00:00;1.0;1.0;0.0;High tide;;bottle;Niskin;5.0;;;;;;;;CytomÃ©trie en flux;Fabienne Jalabert;04/01/2011;RE101129_Cytometrie_en_flux.zip;FacsCanto;CYTOWIN.EXE;;Glutaraldehyde;0.25%;-80Â°C;;YES;;0.95;42982;;;;;;;443375;0.029;0.193;;1173;0.502;25.958;1369;;;125;1.859;130.987;71;135.076;212.005;75.239;;;;1024;0.124;4.542;0.794;
Station Biologique de Roscoff;SOMLIT-Estacade;Roscoff Estacade;RE101215;LoÃ¯c Guilloux;15/12/2010;00:00;1.0;1.0;0.0;High tide;;bottle;Niskin;5.0;;;;;;;;CytomÃ©trie en flux;Fabienne Jalabert;04/01/2011;RE101215_Cytometrie_en_flux.zip;FacsCanto;CYTOWIN.EXE;;Glutaraldehyde;0.25%;-80Â°C;;YES;;0.95;39429;;;;;;;539964;0.04;0.258;;1905;0.5;20.001;2083;;;149;6.173;190.218;30;150.341;213.662;50.123;;;;851;0.122;3.731;0.715;
Station Biologique de Roscoff;SOMLIT-Estacade;Roscoff Estacade;RE110113;LoÃ¯c Guilloux;13/01/2011;00:00;1.0;1.0;0.0;High tide;;bottle;Niskin;5.0;;;;;;;;CytomÃ©trie en flux;Fabienne Jalabert;24/11/2011;RE110113_Cytometrie_en_flux.zip;FacsCanto;CYTOWIN.EXE;;Glutaraldehyde;0.25%;-80Â°C;;YES;;0.95;510;;;;;;;353382;0.087;0.449;;1020;0.034;2.027;1418;;;301;2.006;16.829;98;8.667;11.978;4.18;;;;1634;0.007;0.297;0.069;
Station Biologique de Roscoff;SOMLIT-Estacade;Roscoff Estacade;RE110128;LoÃ¯c Guilloux;28/01/2011;00:00;1.0;1.0;0.0;High tide;;bottle;Niskin;5.0;;;;;;;;CytomÃ©trie en flux;Fabienne Jalabert;24/11/2011;RE110128_Cytometrie_en_flux.zip;FacsCanto;CYTOWIN.EXE;;Glutaraldehyde;0.25%;-80Â°C;;YES;;0.95;1127;;;;;;;621333;0.101;0.404;;3255;0.031;1.883;3784;;;451;1.479;17.573;78;6.449;14.983;4.251;;;;2484;0.008;0.386;0.074;
Station Biologique de Roscoff;SOMLIT-Estacade;Roscoff Estacade;RE110211;LoÃ¯c Guilloux;11/02/2011;00:00;1.0;1.0;0.0;High tide;;bottle;Niskin;5.0;;;;;;;;CytomÃ©trie en flux;Fabienne Jalabert;24/11/2011;RE110211_Cytometrie_en_flux.zip;FacsCanto;CYTOWIN.EXE;;Glutaraldehyde;0.25%;-80Â°C;;YES;;0.95;853;;;;;;;398814;0.096;0.417;;1503;0.032;1.866;1824;;;261;1.536;16.334;59;5.872;11.935;4.983;;;;1634;0.008;0.338;0.066;
Station Biologique de Roscoff;SOMLIT-Estacade;Roscoff Estacade;RE110225;LoÃ¯c Guilloux;25/02/2011;00:00;1.0;1.0;0.0;High tide;;bottle;Niskin;5.0;;;;;;;;CytomÃ©trie en flux;Fabienne Jalabert;24/11/2011;RE110225_Cytometrie_en_flux.zip;FacsCanto;CYTOWIN.EXE;;Glutaraldehyde;0.25%;-80Â°C;;YES;;0.95;1010;;;;;;;407618;0.096;0.366;;1915;0.034;1.934;2405;;;444;1.649;12.605;46;4.22;11.934;5.077;;;;2673;0.009;0.303;0.06;
Station Biologique de Roscoff;SOMLIT-Estacade;Roscoff Estacade;RE110314;LoÃ¯c Guilloux;14/03/2011;00:00;1.0;1.0;0.0;High tide;;bottle;Niskin;5.0;;;;;;;;CytomÃ©trie en flux;Fabienne Jalabert;24/11/2011;RE110314_Cytometrie_en_flux.zip;FacsCanto;CYTOWIN.EXE;;Glutaraldehyde;0.25%;-80Â°C;;YES;;0.95;794;;;;;;;518716;0.098;0.407;;4078;0.036;1.456;4556;;;438;1.445;12.866;39;5.057;7.868;5.679;;;;2379;0.008;0.183;0.039;
Station Biologique de Roscoff;SOMLIT-Estacade;Roscoff Estacade;RE110328;LoÃ¯c Guilloux;28/03/2011;00:00;1.0;1.0;0.0;High tide;;bottle;Niskin;5.0;;;;;;;;CytomÃ©trie en flux;Fabienne Jalabert;24/11/2011;RE110328_Cytometrie_en_flux.zip;FacsCanto;CYTOWIN.EXE;;Glutaraldehyde;0.25%;-80Â°C;;YES;;0.95;2284;;;;;;;773765;0.122;0.23;;5667;0.026;0.931;6261;;;523;0.664;13.88;72;4.78;9.256;5.634;;;;3353;0.009;0.176;0.039;
Station Biologique de Roscoff;SOMLIT-Estacade;Roscoff Estacade;RE110412;Fabienne Jalabert;12/04/2011;00:00;1.0;1.0;0.0;High tide;;bottle;Niskin;5.0;;;;;;;;CytomÃ©trie en flux;Fabienne Jalabert;24/11/2011;RE110412_Cytometrie_en_flux.zip;FacsCanto;CYTOWIN.EXE;;Glutaraldehyde;0.25%;-80Â°C;;YES;;0.95;5902;;;;;;;1096912;0.144;0.249;;15209;0.019;0.57;16150;;;882;0.819;9.203;59;5.012;11.633;5.821;;;;2098;0.009;0.156;0.034;
Station Biologique de Roscoff;SOMLIT-Estacade;Roscoff Estacade;RE110426;Fabienne Jalabert;26/04/2011;00:00;1.0;1.0;0.0;High tide;;bottle;Niskin;5.0;;;;;;;;CytomÃ©trie en flux;Fabienne Jalabert;24/11/2011;RE110426_Cytometrie_en_flux.zip;FacsCanto;CYTOWIN.EXE;;Glutaraldehyde;0.25%;-80Â°C;;YES;;0.95;7010;;;;;;;1487804;0.131;0.297;;15510;0.023;0.656;16791;;;1183;1.214;9.836;98;6.757;8.185;4.414;;;;2033;0.01;0.166;0.037;
Station Biologique de Roscoff;SOMLIT-Estacade;Roscoff Estacade;RE110511;LoÃ¯c Guilloux;11/05/2011;00:00;1.0;1.0;0.0;High tide;;bottle;Niskin;5.0;;;;;;;;CytomÃ©trie en flux;Fabienne Jalabert;24/11/2011;RE110511_Cytometrie_en_flux.zip;FacsCanto;CYTOWIN.EXE;;Glutaraldehyde;0.25%;-80Â°C;;YES;;0.95;7696;;;;;;;1461412;0.115;0.28;;13412;0.023;0.6;14980;;;1510;0.484;9.795;59;7.02;13.374;3.634;;;;941;0.013;0.193;0.035;
Station Biologique de Roscoff;SOMLIT-Estacade;Roscoff Estacade;RE110525;Fabienne Jalabert;25/05/2011;00:00;1.0;1.0;0.0;High tide;;bottle;Niskin;5.0;;;;;;;;CytomÃ©trie en flux;Fabienne Jalabert;24/11/2011;RE110525_Cytometrie_en_flux.zip;FacsCanto;CYTOWIN.EXE;;Glutaraldehyde;0.25%;-80Â°C;;YES;;0.95;7431;;;;;;;1553833;0.112;0.253;;19131;0.025;0.7;21026;;;1863;0.707;10.708;33;5.185;12.272;4.994;;;;2183;0.012;0.209;0.035;
Station Biologique de Roscoff;SOMLIT-Estacade;Roscoff Estacade;RE110609;Fabienne Jalabert;09/06/2011;00:00;1.0;1.0;0.0;High tide;;bottle;Niskin;5.0;;;;;;;;CytomÃ©trie en flux;Fabienne Jalabert;24/11/2011;RE110609_Cytometrie_en_flux.zip;FacsCanto;CYTOWIN.EXE;;Glutaraldehyde;0.25%;-80Â°C;;YES;;0.95;8902;;;;;;;1242529;0.108;0.24;;16889;0.023;0.678;18353;;;1399;0.943;10.662;65;5.532;6.916;5.251;;;;7582;0.009;0.154;0.032;
Station Biologique de Roscoff;SOMLIT-Estacade;Roscoff Estacade;RE110624;LoÃ¯c Guilloux;24/06/2011;00:00;1.0;1.0;0.0;High tide;;bottle;Niskin;5.0;;;;;;;;CytomÃ©trie en flux;Fabienne Jalabert;24/11/2011;RE110624_Cytometrie_en_flux.zip;FacsCanto;CYTOWIN.EXE;;Glutaraldehyde;0.25%;-80Â°C;;YES;;0.95;9127;;;;;;;1516020;0.11;0.235;;22595;0.023;0.616;24222;;;1529;0.551;8.335;98;7.929;11.087;5.507;;;;9516;0.01;0.159;0.038;
Station Biologique de Roscoff;SOMLIT-Estacade;Roscoff Estacade;RE110711;LoÃ¯c Guilloux;11/07/2011;00:00;1.0;1.0;0.0;High tide;;bottle;Niskin;5.0;;;;;;;;CytomÃ©trie en flux;Fabienne Jalabert;24/11/2011;RE110711_Cytometrie_en_flux.zip;FacsCanto;CYTOWIN.EXE;;Glutaraldehyde;0.25%;-80Â°C;;YES;;0.95;6716;;;;;;;1478000;0.111;0.254;;15699;0.024;0.674;17693;;;1928;0.507;10.919;65;4.861;10.527;5.182;;;;4588;0.01;0.146;0.032;
Station Biologique de Roscoff;SOMLIT-Estacade;Roscoff Estacade;RE110725;Nathalie Simon;25/07/2011;00:00;1.0;1.0;0.0;High tide;;bottle;Niskin;5.0;;;;;;;;CytomÃ©trie en flux;Fabienne Jalabert;24/11/2011;RE110725_Cytometrie_en_flux.zip;FacsCanto;CYTOWIN.EXE;;Glutaraldehyde;0.25%;-80Â°C;;YES;;0.95;9814;;;;;;;1603441;0.107;0.272;;18856;0.024;0.681;19569;;;654;1.386;11.6;59;8.355;16.268;4.518;;;;3353;0.011;0.222;0.042;
Station Biologique de Roscoff;SOMLIT-Estacade;Roscoff Estacade;RE110808;LoÃ¯c Guilloux;08/08/2011;00:00;1.0;1.0;0.0;High tide;;bottle;Niskin;5.0;;;;;;;;CytomÃ©trie en flux;Fabienne Jalabert;24/11/2011;RE110808_Cytometrie_en_flux.zip;FacsCanto;CYTOWIN.EXE;;Glutaraldehyde;0.25%;-80Â°C;;YES;;0.95;5049;;;;;;;1306588;0.104;0.275;;12510;0.028;0.791;13706;;;1150;0.48;9.498;46;5.032;12.934;5.19;;;;2085;0.012;0.197;0.035;
Station Biologique de Roscoff;SOMLIT-Estacade;Roscoff Estacade;RE110823;Fabienne Jalabert;23/08/2011;00:00;1.0;1.0;0.0;High tide;;bottle;Niskin;5.0;;;;;;;;CytomÃ©trie en flux;Fabienne Jalabert;24/11/2011;RE110823_Cytometrie_en_flux.zip;FacsCanto;CYTOWIN.EXE;;Glutaraldehyde;0.25%;-80Â°C;;YES;;0.95;7647;;;;;;;2018892;0.108;0.321;;15895;0.025;0.938;17105;;;1131;0.168;7.434;78;6.49;9.71;4.106;;;;3523;0.011;0.234;0.044;
Station Biologique de Roscoff;SOMLIT-Estacade;Roscoff Estacade;RE110905;Fabienne Jalabert;05/09/2011;00:00;1.0;1.0;0.0;High tide;;bottle;Niskin;5.0;;;;;;;;CytomÃ©trie en flux;Fabienne Jalabert;24/11/2011;RE110905_Cytometrie_en_flux.zip;FacsCanto;CYTOWIN.EXE;;Glutaraldehyde;0.25%;-80Â°C;;YES;;0.95;5637;;;;;;;1129353;0.101;0.301;;8301;0.028;0.992;9458;;;1131;0.507;11.247;26;7.394;10.858;5.701;;;;2745;0.01;0.268;0.05;
Station Biologique de Roscoff;SOMLIT-Estacade;Roscoff Estacade;RE110921;Fabienne Jalabert;21/09/2011;00:00;1.0;1.0;0.0;High tide;;bottle;Niskin;5.0;;;;;;;;CytomÃ©trie en flux;Fabienne Jalabert;24/11/2011;RE110921_Cytometrie_en_flux.zip;FacsCanto;CYTOWIN.EXE;;Glutaraldehyde;0.25%;-80Â°C;;YES;;0.95;6696;;;;;;;1438510;0.114;0.308;;9392;0.027;0.951;10392;;;954;0.708;10.187;46;5.658;14.892;4.656;;;;2412;0.009;0.256;0.05;
Station Biologique de Roscoff;SOMLIT-Estacade;Roscoff Estacade;RE111004;Fabienne Jalabert;04/10/2011;00:00;1.0;1.0;0.0;High tide;;bottle;Niskin;5.0;;;;;;;;CytomÃ©trie en flux;Fabienne Jalabert;24/11/2011;RE111004_Cytometrie_en_flux.zip;FacsCanto;CYTOWIN.EXE;;Glutaraldehyde;0.25%;-80Â°C;;YES;;0.95;;;;;;;;;;;;12373;0.025;1.001;13471;;;1020;0.338;11.194;78;4.376;10.421;3.765;;;;4516;0.009;0.264;0.051;
Station Biologique de Roscoff;SOMLIT-Estacade;Roscoff Estacade;RE111020;Fabienne Jalabert;20/10/2011;00:00;1.0;1.0;0.0;High tide;;bottle;Niskin;5.0;;;;;;;;CytomÃ©trie en flux;Fabienne Jalabert;30/03/2011;RE111020_Cytometrie_en_flux.zip;FacsCanto;CYTOWIN.EXE;;Glutaraldehyde;0.25%;-80Â°C;;YES;;0.95;1911;;;;;;;783464;0.07;0.282;;5810;0.026;1.214;6915;;;1078;1.444;8.733;26;0.858;11.945;1.989;;;;2582;0.007;0.547;0.101;
Station Biologique de Roscoff;SOMLIT-Estacade;Roscoff Estacade;RE111102;Fabienne Jalabert;02/11/2011;00:00;1.0;1.0;0.0;High tide;;bottle;Niskin;5.0;;;;;;;;CytomÃ©trie en flux;Fabienne Jalabert;30/03/2011;RE111102_Cytometrie_en_flux.zip;FacsCanto;CYTOWIN.EXE;;Glutaraldehyde;0.25%;-80Â°C;;YES;;0.95;2009;;;;;;;719098;0.083;0.286;;4667;0.03;1.479;5601;;;915;0.293;10.413;20;0.578;28.712;1.865;;;;4647;0.009;0.363;0.074;
Station Biologique de Roscoff;SOMLIT-Estacade;Roscoff Estacade;RE111118;Fabienne Jalabert;18/11/2011;00:00;1.0;1.0;0.0;High tide;;bottle;Niskin;5.0;;;;;;;;CytomÃ©trie en flux;Fabienne Jalabert;30/03/2011;RE111118_Cytometrie_en_flux.zip;FacsCanto;CYTOWIN.EXE;;Glutaraldehyde;0.25%;-80Â°C;;YES;;0.95;1384;;;;;;;579866;0.08;0.28;;3523;0.028;1.346;4229;;;680;0.382;8.976;26;1.389;13.342;4.427;;;;2386;0.007;0.342;0.073;
Station Biologique de Roscoff;SOMLIT-Estacade;Roscoff Estacade;RE111205;Fabienne Jalabert;05/12/2011;00:00;1.0;1.0;0.0;High tide;;bottle;Niskin;5.0;;;;;;;;CytomÃ©trie en flux;Fabienne Jalabert;30/03/2011;RE111205_Cytometrie_en_flux.zip;FacsCanto;CYTOWIN.EXE;;Glutaraldehyde;0.25%;-80Â°C;;YES;;0.95;;;;;;;;;;;;1791;0.037;2.224;2294;;;490;0.883;8.752;13;1.543;12.446;3.342;;;;2111;0.008;0.474;0.112;
Station Biologique de Roscoff;SOMLIT-Estacade;Roscoff Estacade;RE111219;Fabienne Jalabert;19/12/2011;00:00;1.0;1.0;0.0;High tide;;bottle;Niskin;5.0;;;;;;;;CytomÃ©trie en flux;Fabienne Jalabert;30/03/2011;RE111219_Cytometrie_en_flux.zip;FacsCanto;CYTOWIN.EXE;;Glutaraldehyde;0.25%;-80Â°C;;YES;;0.95;643;;;;;;;626179;0.059;0.35;;869;0.038;1.919;1320;;;438;1.704;8.156;13;1.572;21.412;4.061;;;;1614;0.008;0.562;0.121;
Station Biologique de Roscoff;SOMLIT-Estacade;Roscoff Estacade;RE120104;Fabienne Jalabert;04/01/2012;00:00;1.0;1.0;0.0;High tide;;bottle;Niskin;5.0;;;;;;;;CytomÃ©trie en flux;Fabienne Jalabert;30/03/2012;RE120104.zip;FacsCanto;CYTOWIN.EXE;;Glutaraldehyde;0.25%;-80Â°C;;YES;;0.95;0.0;;;;0.0;0.0;0.0;0.0;0.0;0.0;1908.4967320261437;758.1699346405229;0.042;2.907;1176.4705882352941;0.0;0.0;346.4052287581699;5.69;11.564;71.89542483660131;4.888;13.219;3.618;0.0;0.0;0.0;1026.1437908496732;0.008;0.478;0.108;
Station Biologique de Roscoff;SOMLIT-Estacade;Roscoff Estacade;RE120118;Fabienne Jalabert;18/01/2012;00:00;1.0;1.0;0.0;High tide;;bottle;Niskin;5.0;;;;;;;;CytomÃ©trie en flux;Fabienne Jalabert;30/03/2012;RE120118.zip;FacsCanto;CYTOWIN.EXE;;Glutaraldehyde;0.25%;-80Â°C;;YES;;0.95;419.64285714285717;;;;0.0;0.0;0.0;679303.5714285715;0.064;0.325;1614.3790849673203;2091.503267973856;0.033;2.2;2313.725490196078;0.0;0.0;183.00653594771242;0.753;11.932;39.21568627450981;2.066;6.986;3.91;0.0;0.0;0.0;1522.875816993464;0.007;0.406;0.1;
Station Biologique de Roscoff;SOMLIT-Estacade;Roscoff Estacade;RE120201;Fabienne Jalabert;01/02/2012;00:00;1.0;1.0;0.0;High tide;;bottle;Niskin;5.0;;;;;;;;CytomÃ©trie en flux;Fabienne Jalabert;30/03/2012;RE120201.zip;FacsCanto;CYTOWIN.EXE;;Glutaraldehyde;0.25%;-80Â°C;;YES;;0.95;937.5;;;;0.0;0.0;0.0;862517.8571428572;0.078;0.267;2091.503267973856;4562.091503267974;0.028;1.516;5006.535947712418;0.0;0.0;398.6928104575163;1.224;10.922;45.751633986928105;7.239;5.573;3.736;0.0;0.0;0.0;2745.098039215686;0.007;0.182;0.053;
Station Biologique de Roscoff;SOMLIT-Estacade;Roscoff Estacade;RE120216;Fabienne Jalabert;16/02/2012;00:00;1.0;1.0;0.0;High tide;;bottle;Niskin;5.0;;;;;;;;CytomÃ©trie en flux;Fabienne Jalabert;30/03/2012;RE120216.zip;FacsCanto;CYTOWIN.EXE;;Glutaraldehyde;0.25%;-80Â°C;;YES;;0.95;821.4285714285714;;;;0.0;0.0;0.0;598089.2857142857;0.086;0.237;1588.235294117647;3575.1633986928105;0.03;1.76;3928.1045751633983;0.0;0.0;339.8692810457516;0.827;13.961;13.071895424836601;7.074;14.262;1.119;0.0;0.0;0.0;3254.901960784314;0.007;0.292;0.075;
Station Biologique de Roscoff;SOMLIT-Estacade;Roscoff Estacade;RE120305;Fabienne Jalabert;05/03/2012;00:00;1.0;1.0;0.0;High tide;;bottle;Niskin;5.0;;;;;;;;CytomÃ©trie en flux;Fabienne Jalabert;30/08/2012;RE120305.zip;FacsCanto;CYTOWIN.EXE;;Glutaraldehyde;0.25%;-80Â°C;;YES;;0.95;0.0;;;;0.0;0.0;0.0;0.0;0.0;0.0;2036.3636363636363;5951.515151515152;0.215;9.004;6569.69696969697;0.0;0.0;490.90909090909093;22.512;118.696;127.27272727272727;114.177;81.005;18.889;0.0;0.0;0.0;3648.4848484848485;0.053;1.106;0.241;
Station Biologique de Roscoff;SOMLIT-Estacade;Roscoff Estacade;RE120316;Fabienne Jalabert;16/03/2012;00:00;1.0;1.0;0.0;High tide;;bottle;Niskin;5.0;;;;;;;;CytomÃ©trie en flux;Fabienne Jalabert;30/08/2012;RE120316.zip;FacsCanto;CYTOWIN.EXE;;Glutaraldehyde;0.25%;-80Â°C;;YES;;0.95;39839.622641509435;;;;0.0;0.0;0.0;1118000.0;0.038;0.25;1987.878787878788;7024.242424242424;0.209;9.275;7424.242424242424;0.0;0.0;369.6969696969697;9.983;105.049;30.303030303030305;97.861;102.329;37.473;0.0;0.0;0.0;4393.939393939394;0.059;1.116;0.242;
Station Biologique de Roscoff;SOMLIT-Estacade;Roscoff Estacade;RE120402;Fabienne Jalabert;02/04/2012;00:00;1.0;1.0;0.0;High tide;;bottle;Niskin;5.0;;;;;;;;CytomÃ©trie en flux;Fabienne Jalabert;30/08/2012;RE120402.zip;FacsCanto;CYTOWIN.EXE;;Glutaraldehyde;0.25%;-80Â°C;;YES;;0.95;40037.735849056604;;;;0.0;0.0;0.0;2155509.433962264;0.038;0.271;1751.5151515151515;19569.696969696968;0.204;7.057;20436.363636363636;0.0;0.0;848.4848484848485;16.321;180.847;18.181818181818183;100.973;81.74;31.167;0.0;0.0;0.0;4721.212121212121;0.061;0.971;0.198;
Station Biologique de Roscoff;SOMLIT-Estacade;Roscoff Estacade;RE120416;Fabienne Jalabert;26/04/2012;00:00;1.0;1.0;0.0;High tide;;bottle;Niskin;5.0;;;;;;;;CytomÃ©trie en flux;Fabienne Jalabert;30/08/2012;RE120416.zip;FacsCanto;CYTOWIN.EXE;;Glutaraldehyde;0.25%;-80Â°C;;YES;;0.95;41056.6037735849;;;;0.0;0.0;0.0;1806679.2452830188;0.039;0.284;1842.4242424242425;7066.666666666667;0.219;7.168;7672.727272727273;0.0;0.0;563.6363636363636;5.726;131.538;42.42424242424242;80.128;163.61;23.562;0.0;0.0;0.0;963.6363636363636;0.071;0.899;0.196;
Station Biologique de Roscoff;SOMLIT-Estacade;Roscoff Estacade;RE120430;Fabienne Jalabert;30/04/2012;00:00;1.0;1.0;0.0;High tide;;bottle;Niskin;5.0;;;;;;;;CytomÃ©trie en flux;Fabienne Jalabert;30/08/2012;RE120430.zip;FacsCanto;CYTOWIN.EXE;;Glutaraldehyde;0.25%;-80Â°C;;YES;;0.95;51405.660377358494;;;;0.0;0.0;0.0;2644226.4150943398;0.039;0.282;2642.4242424242425;5418.181818181818;0.241;8.804;6278.787878787878;0.0;0.0;824.2424242424242;7.015;105.178;36.36363636363637;91.816;49.12;21.053;0.0;0.0;0.0;1321.2121212121212;0.067;1.382;0.284;
Station Biologique de Roscoff;SOMLIT-Estacade;Roscoff Estacade;RE120514;Fabienne Jalabert;14/05/2012;00:00;1.0;1.0;0.0;High tide;;bottle;Niskin;5.0;;;;;;;;CytomÃ©trie en flux;Fabienne Jalabert;30/08/2012;RE120514.zip;FacsCanto;CYTOWIN.EXE;;Glutaraldehyde;0.25%;-80Â°C;;YES;;0.95;38566.03773584906;;;;0.0;0.0;0.0;1846735.8490566039;0.036;0.265;1878.7878787878788;14006.060606060606;0.207;6.714;14793.939393939394;0.0;0.0;757.5757575757576;5.141;100.635;30.303030303030305;74.863;237.872;21.783;0.0;0.0;0.0;3921.212121212121;0.069;1.104;0.233;
Station Biologique de Roscoff;SOMLIT-Estacade;Roscoff Estacade;RE120529;Fabienne Jalabert;29/05/2012;00:00;1.0;1.0;0.0;High tide;;bottle;Niskin;5.0;;;;;;;;CytomÃ©trie en flux;Fabienne Jalabert;30/08/2012;RE120529.zip;FacsCanto;CYTOWIN.EXE;;Glutaraldehyde;0.25%;-80Â°C;;YES;;0.95;37245.28301886792;;;;0.0;0.0;0.0;1691037.7358490566;0.037;0.323;1842.4242424242425;4842.424242424242;0.212;6.618;5618.181818181818;0.0;0.0;745.4545454545455;2.89;89.924;30.303030303030305;72.464;105.691;21.525;0.0;0.0;0.0;854.5454545454545;0.073;0.996;0.206;
Station Biologique de Roscoff;SOMLIT-Estacade;Roscoff Estacade;RE120628;Fabienne Jalabert;28/06/2012;00:00;1.0;1.0;0.0;High tide;;bottle;Niskin;5.0;;;;;;;;CytomÃ©trie en flux;Fabienne Jalabert;30/08/2012;RE120628.zip;FacsCanto;CYTOWIN.EXE;;Glutaraldehyde;0.25%;-80Â°C;;YES;;0.95;55481.1320754717;;;;0.0;0.0;0.0;1975962.2641509434;0.034;0.252;3066.6666666666665;24963.636363636364;0.184;6.733;25878.78787878788;0.0;0.0;872.7272727272727;6.099;100.947;42.42424242424242;51.297;194.342;17.17;0.0;0.0;0.0;4206.060606060606;0.078;1.706;0.314;
Station Biologique de Roscoff;SOMLIT-Estacade;Roscoff Estacade;RE120712;Fabienne Jalabert;12/07/2012;00:00;1.0;1.0;0.0;High tide;;bottle;Niskin;5.0;;;;;;;;CytomÃ©trie en flux;Fabienne Jalabert;30/08/2012;RE120712.zip;FacsCanto;CYTOWIN.EXE;;Glutaraldehyde;0.25%;-80Â°C;;YES;;0.95;39009.43396226415;;;;0.0;0.0;0.0;3066150.9433962265;0.035;0.276;1751.5151515151515;23690.909090909092;0.185;6.644;24472.727272727272;0.0;0.0;769.6969696969697;4.524;82.253;12.121212121212121;75.091;117.516;24.021;0.0;0.0;0.0;6024.242424242424;0.073;1.215;0.218;
Station Biologique de Roscoff;SOMLIT-Estacade;Roscoff Estacade;RE120727;Fabienne Jalabert;27/07/2012;00:00;1.0;1.0;0.0;High tide;;bottle;Niskin;5.0;;;;;;;;CytomÃ©trie en flux;Fabienne Jalabert;30/08/2012;RE120727.zip;FacsCanto;CYTOWIN.EXE;;Glutaraldehyde;0.25%;-80Â°C;;YES;;0.95;47726.41509433962;;;;0.0;0.0;0.0;2109094.3396226414;0.034;0.262;2351.5151515151515;17278.78787878788;0.187;5.89;18703.030303030304;0.0;0.0;1375.7575757575758;4.268;86.502;48.484848484848484;55.032;282.207;15.931;0.0;0.0;0.0;4484.848484848485;0.08;1.392;0.23;
Station Biologique de Roscoff;SOMLIT-Estacade;Roscoff Estacade;RE120810;Fabienne Jalabert;10/08/2012;00:00;1.0;1.0;0.0;High tide;;bottle;Niskin;5.0;;;;;;;;CytomÃ©trie en flux;Fabienne Jalabert;30/08/2012;RE120810.zip;FacsCanto;CYTOWIN.EXE;;Glutaraldehyde;0.25%;-80Â°C;;YES;;0.95;42971.698113207545;;;;0.0;0.0;0.0;2788698.113207547;0.032;0.251;2200.0;17884.848484848484;0.211;6.637;18987.878787878788;0.0;0.0;1066.6666666666667;5.048;73.482;36.36363636363637;28.633;238.24;12.866;0.0;0.0;0.0;7866.666666666667;0.083;1.598;0.254;
Station Biologique de Roscoff;SOMLIT-Estacade;Roscoff Estacade;RE120827;Fabienne Jalabert;27/08/2012;00:00;1.0;1.0;0.0;High tide;;bottle;Niskin;5.0;;;;;;;;CytomÃ©trie en flux;Fabienne Jalabert;30/08/2012;RE120827.zip;FacsCanto;CYTOWIN.EXE;;Glutaraldehyde;0.25%;-80Â°C;;YES;;0.95;36330.188679245286;;;;0.0;0.0;0.0;2266471.6981132077;0.035;0.268;1878.7878787878788;8424.242424242424;0.275;10.884;9406.060606060606;0.0;0.0;951.5151515151515;3.485;77.992;30.303030303030305;62.504;164.671;21.718;0.0;0.0;0.0;6193.939393939394;0.086;1.244;0.221;
Station Biologique de Roscoff;SOMLIT-Estacade;Roscoff Estacade;RE120910;Fabienne Jalabert;10/09/2012;00:00;1.0;1.0;0.0;High tide;;bottle;Niskin;5.0;;;;;;;;CytomÃ©trie en flux;Fabienne Jalabert;15/03/2013;RE120910.zip;FacsCanto;CYTOWIN.EXE;;Glutaraldehyde;0.25%;-80Â°C;;YES;;0.95;34040.0;;;;0.0;0.0;0.0;2396500.0;0.037;0.294;2014.1843971631206;11907.801418439716;0.221;10.452;12340.425531914894;0.0;0.0;432.6241134751773;9.271;77.77;0.0;0.0;0.0;0.0;0.0;0.0;0.0;5127.659574468085;0.074;2.09;0.392;
Station Biologique de Roscoff;SOMLIT-Estacade;Roscoff Estacade;RE121009;Fabienne Jalabert;09/10/2012;00:00;1.0;1.0;0.0;High tide;;bottle;Niskin;5.0;;;;;;;;CytomÃ©trie en flux;Fabienne Jalabert;15/03/2013;RE121009.zip;FacsCanto;CYTOWIN.EXE;;Glutaraldehyde;0.25%;-80Â°C;;YES;;0.95;29700.0;;;;0.0;0.0;0.0;1446960.0;0.034;0.244;1836.8794326241134;6638.297872340426;0.198;9.962;7319.148936170213;0.0;0.0;645.3900709219859;14.497;100.877;35.46099290780142;5.149;49.574;5.37;0.0;0.0;0.0;4921.985815602837;0.06;2.548;0.435;
Station Biologique de Roscoff;SOMLIT-Estacade;Roscoff Estacade;RE121022;Fabienne Jalabert;22/10/2012;00:00;1.0;1.0;0.0;High tide;;bottle;Niskin;5.0;;;;;;;;CytomÃ©trie en flux;Fabienne Jalabert;15/03/2013;RE121022.zip;FacsCanto;CYTOWIN.EXE;;Glutaraldehyde;0.25%;-80Â°C;;YES;;0.95;35510.0;;;;0.0;0.0;0.0;1229260.0;0.036;0.27;2078.0141843971633;3765.9574468085107;0.245;13.21;4304.964539007093;0.0;0.0;503.54609929078015;10.157;74.299;35.46099290780142;38.412;169.646;12.461;0.0;0.0;0.0;3673.758865248227;0.064;2.118;0.429;
Station Biologique de Roscoff;SOMLIT-Estacade;Roscoff Estacade;RE121107;Fabienne Jalabert;07/11/2012;00:00;1.0;1.0;0.0;High tide;;bottle;Niskin;5.0;;;;;;;;CytomÃ©trie en flux;Fabienne Jalabert;15/03/2013;RE121107.zip;FacsCanto;CYTOWIN.EXE;;Glutaraldehyde;0.25%;-80Â°C;;YES;;0.95;32460.0;;;;0.0;0.0;0.0;857380.0;0.036;0.241;1914.8936170212767;1836.8794326241134;0.261;16.22;2212.7659574468084;0.0;0.0;361.70212765957444;16.901;65.6;14.184397163120567;100.584;109.851;14.666;0.0;0.0;0.0;1992.9078014184397;0.074;3.231;0.613;
Station Biologique de Roscoff;SOMLIT-Estacade;Roscoff Estacade;RE121122;Fabienne Jalabert;22/11/2012;00:00;1.0;1.0;0.0;High tide;;bottle;Niskin;5.0;;;;;;;;CytomÃ©trie en flux;Fabienne Jalabert;15/03/2013;RE121122.zip;FacsCanto;CYTOWIN.EXE;;Glutaraldehyde;0.25%;-80Â°C;;YES;;0.95;30720.0;;;;0.0;0.0;0.0;925100.0;0.036;0.238;1737.5886524822695;1730.4964539007092;0.217;13.102;2163.1205673758864;0.0;0.0;411.34751773049646;15.375;102.645;21.27659574468085;43.619;102.808;28.924;0.0;0.0;0.0;1695.0354609929077;0.066;3.28;0.586;
Station Biologique de Roscoff;SOMLIT-Estacade;Roscoff Estacade;RE121206;Fabienne Jalabert;06/12/2012;00:00;1.0;1.0;0.0;High tide;;bottle;Niskin;5.0;;;;;;;;CytomÃ©trie en flux;Fabienne Jalabert;15/03/2013;RE121206.zip;FacsCanto;CYTOWIN.EXE;;Glutaraldehyde;0.25%;-80Â°C;;YES;;0.95;33790.0;;;;0.0;0.0;0.0;891160.0;0.04;0.287;1992.9078014184397;1304.9645390070923;0.288;15.517;1659.5744680851067;0.0;0.0;326.2411347517731;11.315;95.829;28.368794326241133;95.752;99.617;31.504;0.0;0.0;0.0;1326.241134751773;0.069;2.485;0.48;
Station Biologique de Roscoff;SOMLIT-Estacade;Roscoff Estacade;RE121221;Fabienne Jalabert;21/12/2012;00:00;1.0;1.0;0.0;High tide;;bottle;Niskin;5.0;;;;;;;;CytomÃ©trie en flux;Fabienne Jalabert;15/03/2013;RE121221.zip;FacsCanto;CYTOWIN.EXE;;Glutaraldehyde;0.25%;-80Â°C;;YES;;0.95;31520.0;;;;0.0;0.0;0.0;1100320.0;0.033;0.231;1758.8652482269504;6730.49645390071;0.231;11.422;7574.468085106383;0.0;0.0;794.3262411347517;3.487;84.675;49.645390070921984;41.156;148.076;16.938;0.0;0.0;0.0;5723.404255319149;0.08;2.425;0.442;
;;;;;;;;;;;;;;;;;;;;;;;;;;;;;;;;;;;;;;;;;;;;;;;;;;;;;;;;;;;;;;;;;;;
;;;;;;;;;;;;;;;;;;;;;;;;;;;;;;;;;;;;;;;;;;;;;;;;;;;;;;;;;;;;;;;;;;;
;;;;;;;;;;;;;;;;;;;;;;;;;;;;;;;;;;;;;;;;;;;;;;;;;;;;;;;;;;;;;;;;;;;
;;;;;;;;;;;;;;;;;;;;;;;;;;;;;;;;;;;;;;;;;;;;;;;;;;;;;;;;;;;;;;;;;;;
;;;;;;;;;;;;;;;;;;;;;;;;;;;;;;;;;;;;;;;;;;;;;;;;;;;;;;;;;;;;;;;;;;;
;;;;;;;;;;;;;;;;;;;;;;;;;;;;;;;;;;;;;;;;;;;;;;;;;;;;;;;;;;;;;;;;;;;
;;;;;;;;;;;;;;;;;;;;;;;;;;;;;;;;;;;;;;;;;;;;;;;;;;;;;;;;;;;;;;;;;;;
;;;;;;;;;;;;;;;;;;;;;;;;;;;;;;;;;;;;;;;;;;;;;;;;;;;;;;;;;;;;;;;;;;;
;;;;;;;;;;;;;;;;;;;;;;;;;;;;;;;;;;;;;;;;;;;;;;;;;;;;;;;;;;;;;;;;;;;
;;;;;;;;;;;;;;;;;;;;;;;;;;;;;;;;;;;;;;;;;;;;;;;;;;;;;;;;;;;;;;;;;;;
;;;;;;;;;;;;;;;;;;;;;;;;;;;;;;;;;;;;;;;;;;;;;;;;;;;;;;;;;;;;;;;;;;;
;;;;;;;;;;;;;;;;;;;;;;;;;;;;;;;;;;;;;;;;;;;;;;;;;;;;;;;;;;;;;;;;;;;
;;;;;;;;;;;;;;;;;;;;;;;;;;;;;;;;;;;;;;;;;;;;;;;;;;;;;;;;;;;;;;;;;;;
;;;;;;;;;;;;;;;;;;;;;;;;;;;;;;;;;;;;;;;;;;;;;;;;;;;;;;;;;;;;;;;;;;;
;;;;;;;;;;;;;;;;;;;;;;;;;;;;;;;;;;;;;;;;;;;;;;;;;;;;;;;;;;;;;;;;;;;
;;;;;;;;;;;;;;;;;;;;;;;;;;;;;;;;;;;;;;;;;;;;;;;;;;;;;;;;;;;;;;;;;;;
;;;;;;;;;;;;;;;;;;;;;;;;;;;;;;;;;;;;;;;;;;;;;;;;;;;;;;;;;;;;;;;;;;;
;;;;;;;;;;;;;;;;;;;;;;;;;;;;;;;;;;;;;;;;;;;;;;;;;;;;;;;;;;;;;;;;;;;
;;;;;;;;;;;;;;;;;;;;;;;;;;;;;;;;;;;;;;;;;;;;;;;;;;;;;;;;;;;;;;;;;;;
;;;;;;;;;;;;;;;;;;;;;;;;;;;;;;;;;;;;;;;;;;;;;;;;;;;;;;;;;;;;;;;;;;;
;;;;;;;;;;;;;;;;;;;;;;;;;;;;;;;;;;;;;;;;;;;;;;;;;;;;;;;;;;;;;;;;;;;
;;;;;;;;;;;;;;;;;;;;;;;;;;;;;;;;;;;;;;;;;;;;;;;;;;;;;;;;;;;;;;;;;;;
;;;;;;;;;;;;;;;;;;;;;;;;;;;;;;;;;;;;;;;;;;;;;;;;;;;;;;;;;;;;;;;;;;;
;;;;;;;;;;;;;;;;;;;;;;;;;;;;;;;;;;;;;;;;;;;;;;;;;;;;;;;;;;;;;;;;;;;
;;;;;;;;;;;;;;;;;;;;;;;;;;;;;;;;;;;;;;;;;;;;;;;;;;;;;;;;;;;;;;;;;;;
;;;;;;;;;;;;;;;;;;;;;;;;;;;;;;;;;;;;;;;;;;;;;;;;;;;;;;;;;;;;;;;;;;;
;;;;;;;;;;;;;;;;;;;;;;;;;;;;;;;;;;;;;;;;;;;;;;;;;;;;;;;;;;;;;;;;;;;
;;;;;;;;;;;;;;;;;;;;;;;;;;;;;;;;;;;;;;;;;;;;;;;;;;;;;;;;;;;;;;;;;;;
;;;;;;;;;;;;;;;;;;;;;;;;;;;;;;;;;;;;;;;;;;;;;;;;;;;;;;;;;;;;;;;;;;;
;;;;;;;;;;;;;;;;;;;;;;;;;;;;;;;;;;;;;;;;;;;;;;;;;;;;;;;;;;;;;;;;;;;
;;;;;;;;;;;;;;;;;;;;;;;;;;;;;;;;;;;;;;;;;;;;;;;;;;;;;;;;;;;;;;;;;;;
;;;;;;;;;;;;;;;;;;;;;;;;;;;;;;;;;;;;;;;;;;;;;;;;;;;;;;;;;;;;;;;;;;;
;;;;;;;;;;;;;;;;;;;;;;;;;;;;;;;;;;;;;;;;;;;;;;;;;;;;;;;;;;;;;;;;;;;
;;;;;;;;;;;;;;;;;;;;;;;;;;;;;;;;;;;;;;;;;;;;;;;;;;;;;;;;;;;;;;;;;;;
;;;;;;;;;;;;;;;;;;;;;;;;;;;;;;;;;;;;;;;;;;;;;;;;;;;;;;;;;;;;;;;;;;;
;;;;;;;;;;;;;;;;;;;;;;;;;;;;;;;;;;;;;;;;;;;;;;;;;;;;;;;;;;;;;;;;;;;
;;;;;;;;;;;;;;;;;;;;;;;;;;;;;;;;;;;;;;;;;;;;;;;;;;;;;;;;;;;;;;;;;;;
;;;;;;;;;;;;;;;;;;;;;;;;;;;;;;;;;;;;;;;;;;;;;;;;;;;;;;;;;;;;;;;;;;;
;;;;;;;;;;;;;;;;;;;;;;;;;;;;;;;;;;;;;;;;;;;;;;;;;;;;;;;;;;;;;;;;;;;
;;;;;;;;;;;;;;;;;;;;;;;;;;;;;;;;;;;;;;;;;;;;;;;;;;;;;;;;;;;;;;;;;;;
;;;;;;;;;;;;;;;;;;;;;;;;;;;;;;;;;;;;;;;;;;;;;;;;;;;;;;;;;;;;;;;;;;;
;;;;;;;;;;;;;;;;;;;;;;;;;;;;;;;;;;;;;;;;;;;;;;;;;;;;;;;;;;;;;;;;;;;
;;;;;;;;;;;;;;;;;;;;;;;;;;;;;;;;;;;;;;;;;;;;;;;;;;;;;;;;;;;;;;;;;;;
;;;;;;;;;;;;;;;;;;;;;;;;;;;;;;;;;;;;;;;;;;;;;;;;;;;;;;;;;;;;;;;;;;;
;;;;;;;;;;;;;;;;;;;;;;;;;;;;;;;;;;;;;;;;;;;;;;;;;;;;;;;;;;;;;;;;;;;
;;;;;;;;;;;;;;;;;;;;;;;;;;;;;;;;;;;;;;;;;;;;;;;;;;;;;;;;;;;;;;;;;;;
;;;;;;;;;;;;;;;;;;;;;;;;;;;;;;;;;;;;;;;;;;;;;;;;;;;;;;;;;;;;;;;;;;;
;;;;;;;;;;;;;;;;;;;;;;;;;;;;;;;;;;;;;;;;;;;;;;;;;;;;;;;;;;;;;;;;;;;
;;;;;;;;;;;;;;;;;;;;;;;;;;;;;;;;;;;;;;;;;;;;;;;;;;;;;;;;;;;;;;;;;;;
;;;;;;;;;;;;;;;;;;;;;;;;;;;;;;;;;;;;;;;;;;;;;;;;;;;;;;;;;;;;;;;;;;;
;;;;;;;;;;;;;;;;;;;;;;;;;;;;;;;;;;;;;;;;;;;;;;;;;;;;;;;;;;;;;;;;;;;
;;;;;;;;;;;;;;;;;;;;;;;;;;;;;;;;;;;;;;;;;;;;;;;;;;;;;;;;;;;;;;;;;;;
;;;;;;;;;;;;;;;;;;;;;;;;;;;;;;;;;;;;;;;;;;;;;;;;;;;;;;;;;;;;;;;;;;;
;;;;;;;;;;;;;;;;;;;;;;;;;;;;;;;;;;;;;;;;;;;;;;;;;;;;;;;;;;;;;;;;;;;
;;;;;;;;;;;;;;;;;;;;;;;;;;;;;;;;;;;;;;;;;;;;;;;;;;;;;;;;;;;;;;;;;;;
;;;;;;;;;;;;;;;;;;;;;;;;;;;;;;;;;;;;;;;;;;;;;;;;;;;;;;;;;;;;;;;;;;;
;;;;;;;;;;;;;;;;;;;;;;;;;;;;;;;;;;;;;;;;;;;;;;;;;;;;;;;;;;;;;;;;;;;
;;;;;;;;;;;;;;;;;;;;;;;;;;;;;;;;;;;;;;;;;;;;;;;;;;;;;;;;;;;;;;;;;;;
;;;;;;;;;;;;;;;;;;;;;;;;;;;;;;;;;;;;;;;;;;;;;;;;;;;;;;;;;;;;;;;;;;;
;;;;;;;;;;;;;;;;;;;;;;;;;;;;;;;;;;;;;;;;;;;;;;;;;;;;;;;;;;;;;;;;;;;
;;;;;;;;;;;;;;;;;;;;;;;;;;;;;;;;;;;;;;;;;;;;;;;;;;;;;;;;;;;;;;;;;;;
;;;;;;;;;;;;;;;;;;;;;;;;;;;;;;;;;;;;;;;;;;;;;;;;;;;;;;;;;;;;;;;;;;;
;;;;;;;;;;;;;;;;;;;;;;;;;;;;;;;;;;;;;;;;;;;;;;;;;;;;;;;;;;;;;;;;;;;
;;;;;;;;;;;;;;;;;;;;;;;;;;;;;;;;;;;;;;;;;;;;;;;;;;;;;;;;;;;;;;;;;;;
;;;;;;;;;;;;;;;;;;;;;;;;;;;;;;;;;;;;;;;;;;;;;;;;;;;;;;;;;;;;;;;;;;;
;;;;;;;;;;;;;;;;;;;;;;;;;;;;;;;;;;;;;;;;;;;;;;;;;;;;;;;;;;;;;;;;;;;
;;;;;;;;;;;;;;;;;;;;;;;;;;;;;;;;;;;;;;;;;;;;;;;;;;;;;;;;;;;;;;;;;;;
;;;;;;;;;;;;;;;;;;;;;;;;;;;;;;;;;;;;;;;;;;;;;;;;;;;;;;;;;;;;;;;;;;;
;;;;;;;;;;;;;;;;;;;;;;;;;;;;;;;;;;;;;;;;;;;;;;;;;;;;;;;;;;;;;;;;;;;
;;;;;;;;;;;;;;;;;;;;;;;;;;;;;;;;;;;;;;;;;;;;;;;;;;;;;;;;;;;;;;;;;;;
;;;;;;;;;;;;;;;;;;;;;;;;;;;;;;;;;;;;;;;;;;;;;;;;;;;;;;;;;;;;;;;;;;;
;;;;;;;;;;;;;;;;;;;;;;;;;;;;;;;;;;;;;;;;;;;;;;;;;;;;;;;;;;;;;;;;;;;
;;;;;;;;;;;;;;;;;;;;;;;;;;;;;;;;;;;;;;;;;;;;;;;;;;;;;;;;;;;;;;;;;;;
;;;;;;;;;;;;;;;;;;;;;;;;;;;;;;;;;;;;;;;;;;;;;;;;;;;;;;;;;;;;;;;;;;;
;;;;;;;;;;;;;;;;;;;;;;;;;;;;;;;;;;;;;;;;;;;;;;;;;;;;;;;;;;;;;;;;;;;
;;;;;;;;;;;;;;;;;;;;;;;;;;;;;;;;;;;;;;;;;;;;;;;;;;;;;;;;;;;;;;;;;;;
;;;;;;;;;;;;;;;;;;;;;;;;;;;;;;;;;;;;;;;;;;;;;;;;;;;;;;;;;;;;;;;;;;;
;;;;;;;;;;;;;;;;;;;;;;;;;;;;;;;;;;;;;;;;;;;;;;;;;;;;;;;;;;;;;;;;;;;
;;;;;;;;;;;;;;;;;;;;;;;;;;;;;;;;;;;;;;;;;;;;;;;;;;;;;;;;;;;;;;;;;;;
;;;;;;;;;;;;;;;;;;;;;;;;;;;;;;;;;;;;;;;;;;;;;;;;;;;;;;;;;;;;;;;;;;;
;;;;;;;;;;;;;;;;;;;;;;;;;;;;;;;;;;;;;;;;;;;;;;;;;;;;;;;;;;;;;;;;;;;
;;;;;;;;;;;;;;;;;;;;;;;;;;;;;;;;;;;;;;;;;;;;;;;;;;;;;;;;;;;;;;;;;;;
;;;;;;;;;;;;;;;;;;;;;;;;;;;;;;;;;;;;;;;;;;;;;;;;;;;;;;;;;;;;;;;;;;;
;;;;;;;;;;;;;;;;;;;;;;;;;;;;;;;;;;;;;;;;;;;;;;;;;;;;;;;;;;;;;;;;;;;
;;;;;;;;;;;;;;;;;;;;;;;;;;;;;;;;;;;;;;;;;;;;;;;;;;;;;;;;;;;;;;;;;;;
;;;;;;;;;;;;;;;;;;;;;;;;;;;;;;;;;;;;;;;;;;;;;;;;;;;;;;;;;;;;;;;;;;;
;;;;;;;;;;;;;;;;;;;;;;;;;;;;;;;;;;;;;;;;;;;;;;;;;;;;;;;;;;;;;;;;;;;
;;;;;;;;;;;;;;;;;;;;;;;;;;;;;;;;;;;;;;;;;;;;;;;;;;;;;;;;;;;;;;;;;;;
;;;;;;;;;;;;;;;;;;;;;;;;;;;;;;;;;;;;;;;;;;;;;;;;;;;;;;;;;;;;;;;;;;;
;;;;;;;;;;;;;;;;;;;;;;;;;;;;;;;;;;;;;;;;;;;;;;;;;;;;;;;;;;;;;;;;;;;
;;;;;;;;;;;;;;;;;;;;;;;;;;;;;;;;;;;;;;;;;;;;;;;;;;;;;;;;;;;;;;;;;;;
;;;;;;;;;;;;;;;;;;;;;;;;;;;;;;;;;;;;;;;;;;;;;;;;;;;;;;;;;;;;;;;;;;;
;;;;;;;;;;;;;;;;;;;;;;;;;;;;;;;;;;;;;;;;;;;;;;;;;;;;;;;;;;;;;;;;;;;
;;;;;;;;;;;;;;;;;;;;;;;;;;;;;;;;;;;;;;;;;;;;;;;;;;;;;;;;;;;;;;;;;;;
;;;;;;;;;;;;;;;;;;;;;;;;;;;;;;;;;;;;;;;;;;;;;;;;;;;;;;;;;;;;;;;;;;;
;;;;;;;;;;;;;;;;;;;;;;;;;;;;;;;;;;;;;;;;;;;;;;;;;;;;;;;;;;;;;;;;;;;
;;;;;;;;;;;;;;;;;;;;;;;;;;;;;;;;;;;;;;;;;;;;;;;;;;;;;;;;;;;;;;;;;;;
;;;;;;;;;;;;;;;;;;;;;;;;;;;;;;;;;;;;;;;;;;;;;;;;;;;;;;;;;;;;;;;;;;;
;;;;;;;;;;;;;;;;;;;;;;;;;;;;;;;;;;;;;;;;;;;;;;;;;;;;;;;;;;;;;;;;;;;
;;;;;;;;;;;;;;;;;;;;;;;;;;;;;;;;;;;;;;;;;;;;;;;;;;;;;;;;;;;;;;;;;;;
;;;;;;;;;;;;;;;;;;;;;;;;;;;;;;;;;;;;;;;;;;;;;;;;;;;;;;;;;;;;;;;;;;;
;;;;;;;;;;;;;;;;;;;;;;;;;;;;;;;;;;;;;;;;;;;;;;;;;;;;;;;;;;;;;;;;;;;
;;;;;;;;;;;;;;;;;;;;;;;;;;;;;;;;;;;;;;;;;;;;;;;;;;;;;;;;;;;;;;;;;;;
;;;;;;;;;;;;;;;;;;;;;;;;;;;;;;;;;;;;;;;;;;;;;;;;;;;;;;;;;;;;;;;;;;;
;;;;;;;;;;;;;;;;;;;;;;;;;;;;;;;;;;;;;;;;;;;;;;;;;;;;;;;;;;;;;;;;;;;
;;;;;;;;;;;;;;;;;;;;;;;;;;;;;;;;;;;;;;;;;;;;;;;;;;;;;;;;;;;;;;;;;;;
;;;;;;;;;;;;;;;;;;;;;;;;;;;;;;;;;;;;;;;;;;;;;;;;;;;;;;;;;;;;;;;;;;;
;;;;;;;;;;;;;;;;;;;;;;;;;;;;;;;;;;;;;;;;;;;;;;;;;;;;;;;;;;;;;;;;;;;
;;;;;;;;;;;;;;;;;;;;;;;;;;;;;;;;;;;;;;;;;;;;;;;;;;;;;;;;;;;;;;;;;;;
;;;;;;;;;;;;;;;;;;;;;;;;;;;;;;;;;;;;;;;;;;;;;;;;;;;;;;;;;;;;;;;;;;;
;;;;;;;;;;;;;;;;;;;;;;;;;;;;;;;;;;;;;;;;;;;;;;;;;;;;;;;;;;;;;;;;;;;
;;;;;;;;;;;;;;;;;;;;;;;;;;;;;;;;;;;;;;;;;;;;;;;;;;;;;;;;;;;;;;;;;;;
;;;;;;;;;;;;;;;;;;;;;;;;;;;;;;;;;;;;;;;;;;;;;;;;;;;;;;;;;;;;;;;;;;;
;;;;;;;;;;;;;;;;;;;;;;;;;;;;;;;;;;;;;;;;;;;;;;;;;;;;;;;;;;;;;;;;;;;
;;;;;;;;;;;;;;;;;;;;;;;;;;;;;;;;;;;;;;;;;;;;;;;;;;;;;;;;;;;;;;;;;;;
;;;;;;;;;;;;;;;;;;;;;;;;;;;;;;;;;;;;;;;;;;;;;;;;;;;;;;;;;;;;;;;;;;;
;;;;;;;;;;;;;;;;;;;;;;;;;;;;;;;;;;;;;;;;;;;;;;;;;;;;;;;;;;;;;;;;;;;
;;;;;;;;;;;;;;;;;;;;;;;;;;;;;;;;;;;;;;;;;;;;;;;;;;;;;;;;;;;;;;;;;;;
;;;;;;;;;;;;;;;;;;;;;;;;;;;;;;;;;;;;;;;;;;;;;;;;;;;;;;;;;;;;;;;;;;;
;;;;;;;;;;;;;;;;;;;;;;;;;;;;;;;;;;;;;;;;;;;;;;;;;;;;;;;;;;;;;;;;;;;
;;;;;;;;;;;;;;;;;;;;;;;;;;;;;;;;;;;;;;;;;;;;;;;;;;;;;;;;;;;;;;;;;;;
;;;;;;;;;;;;;;;;;;;;;;;;;;;;;;;;;;;;;;;;;;;;;;;;;;;;;;;;;;;;;;;;;;;
;;;;;;;;;;;;;;;;;;;;;;;;;;;;;;;;;;;;;;;;;;;;;;;;;;;;;;;;;;;;;;;;;;;
;;;;;;;;;;;;;;;;;;;;;;;;;;;;;;;;;;;;;;;;;;;;;;;;;;;;;;;;;;;;;;;;;;;
;;;;;;;;;;;;;;;;;;;;;;;;;;;;;;;;;;;;;;;;;;;;;;;;;;;;;;;;;;;;;;;;;;;
;;;;;;;;;;;;;;;;;;;;;;;;;;;;;;;;;;;;;;;;;;;;;;;;;;;;;;;;;;;;;;;;;;;
;;;;;;;;;;;;;;;;;;;;;;;;;;;;;;;;;;;;;;;;;;;;;;;;;;;;;;;;;;;;;;;;;;;
;;;;;;;;;;;;;;;;;;;;;;;;;;;;;;;;;;;;;;;;;;;;;;;;;;;;;;;;;;;;;;;;;;;
;;;;;;;;;;;;;;;;;;;;;;;;;;;;;;;;;;;;;;;;;;;;;;;;;;;;;;;;;;;;;;;;;;;
;;;;;;;;;;;;;;;;;;;;;;;;;;;;;;;;;;;;;;;;;;;;;;;;;;;;;;;;;;;;;;;;;;;
;;;;;;;;;;;;;;;;;;;;;;;;;;;;;;;;;;;;;;;;;;;;;;;;;;;;;;;;;;;;;;;;;;;
;;;;;;;;;;;;;;;;;;;;;;;;;;;;;;;;;;;;;;;;;;;;;;;;;;;;;;;;;;;;;;;;;;;
;;;;;;;;;;;;;;;;;;;;;;;;;;;;;;;;;;;;;;;;;;;;;;;;;;;;;;;;;;;;;;;;;;;
;;;;;;;;;;;;;;;;;;;;;;;;;;;;;;;;;;;;;;;;;;;;;;;;;;;;;;;;;;;;;;;;;;;
;;;;;;;;;;;;;;;;;;;;;;;;;;;;;;;;;;;;;;;;;;;;;;;;;;;;;;;;;;;;;;;;;;;
;;;;;;;;;;;;;;;;;;;;;;;;;;;;;;;;;;;;;;;;;;;;;;;;;;;;;;;;;;;;;;;;;;;
;;;;;;;;;;;;;;;;;;;;;;;;;;;;;;;;;;;;;;;;;;;;;;;;;;;;;;;;;;;;;;;;;;;
;;;;;;;;;;;;;;;;;;;;;;;;;;;;;;;;;;;;;;;;;;;;;;;;;;;;;;;;;;;;;;;;;;;
;;;;;;;;;;;;;;;;;;;;;;;;;;;;;;;;;;;;;;;;;;;;;;;;;;;;;;;;;;;;;;;;;;;
;;;;;;;;;;;;;;;;;;;;;;;;;;;;;;;;;;;;;;;;;;;;;;;;;;;;;;;;;;;;;;;;;;;
;;;;;;;;;;;;;;;;;;;;;;;;;;;;;;;;;;;;;;;;;;;;;;;;;;;;;;;;;;;;;;;;;;;
;;;;;;;;;;;;;;;;;;;;;;;;;;;;;;;;;;;;;;;;;;;;;;;;;;;;;;;;;;;;;;;;;;;
;;;;;;;;;;;;;;;;;;;;;;;;;;;;;;;;;;;;;;;;;;;;;;;;;;;;;;;;;;;;;;;;;;;
;;;;;;;;;;;;;;;;;;;;;;;;;;;;;;;;;;;;;;;;;;;;;;;;;;;;;;;;;;;;;;;;;;;
;;;;;;;;;;;;;;;;;;;;;;;;;;;;;;;;;;;;;;;;;;;;;;;;;;;;;;;;;;;;;;;;;;;
;;;;;;;;;;;;;;;;;;;;;;;;;;;;;;;;;;;;;;;;;;;;;;;;;;;;;;;;;;;;;;;;;;;
;;;;;;;;;;;;;;;;;;;;;;;;;;;;;;;;;;;;;;;;;;;;;;;;;;;;;;;;;;;;;;;;;;;
;;;;;;;;;;;;;;;;;;;;;;;;;;;;;;;;;;;;;;;;;;;;;;;;;;;;;;;;;;;;;;;;;;;
;;;;;;;;;;;;;;;;;;;;;;;;;;;;;;;;;;;;;;;;;;;;;;;;;;;;;;;;;;;;;;;;;;;
;;;;;;;;;;;;;;;;;;;;;;;;;;;;;;;;;;;;;;;;;;;;;;;;;;;;;;;;;;;;;;;;;;;
;;;;;;;;;;;;;;;;;;;;;;;;;;;;;;;;;;;;;;;;;;;;;;;;;;;;;;;;;;;;;;;;;;;
;;;;;;;;;;;;;;;;;;;;;;;;;;;;;;;;;;;;;;;;;;;;;;;;;;;;;;;;;;;;;;;;;;;
;;;;;;;;;;;;;;;;;;;;;;;;;;;;;;;;;;;;;;;;;;;;;;;;;;;;;;;;;;;;;;;;;;;
;;;;;;;;;;;;;;;;;;;;;;;;;;;;;;;;;;;;;;;;;;;;;;;;;;;;;;;;;;;;;;;;;;;
;;;;;;;;;;;;;;;;;;;;;;;;;;;;;;;;;;;;;;;;;;;;;;;;;;;;;;;;;;;;;;;;;;;
;;;;;;;;;;;;;;;;;;;;;;;;;;;;;;;;;;;;;;;;;;;;;;;;;;;;;;;;;;;;;;;;;;;
;;;;;;;;;;;;;;;;;;;;;;;;;;;;;;;;;;;;;;;;;;;;;;;;;;;;;;;;;;;;;;;;;;;
;;;;;;;;;;;;;;;;;;;;;;;;;;;;;;;;;;;;;;;;;;;;;;;;;;;;;;;;;;;;;;;;;;;
;;;;;;;;;;;;;;;;;;;;;;;;;;;;;;;;;;;;;;;;;;;;;;;;;;;;;;;;;;;;;;;;;;;
;;;;;;;;;;;;;;;;;;;;;;;;;;;;;;;;;;;;;;;;;;;;;;;;;;;;;;;;;;;;;;;;;;;
;;;;;;;;;;;;;;;;;;;;;;;;;;;;;;;;;;;;;;;;;;;;;;;;;;;;;;;;;;;;;;;;;;;
;;;;;;;;;;;;;;;;;;;;;;;;;;;;;;;;;;;;;;;;;;;;;;;;;;;;;;;;;;;;;;;;;;;
;;;;;;;;;;;;;;;;;;;;;;;;;;;;;;;;;;;;;;;;;;;;;;;;;;;;;;;;;;;;;;;;;;;
;;;;;;;;;;;;;;;;;;;;;;;;;;;;;;;;;;;;;;;;;;;;;;;;;;;;;;;;;;;;;;;;;;;
;;;;;;;;;;;;;;;;;;;;;;;;;;;;;;;;;;;;;;;;;;;;;;;;;;;;;;;;;;;;;;;;;;;
;;;;;;;;;;;;;;;;;;;;;;;;;;;;;;;;;;;;;;;;;;;;;;;;;;;;;;;;;;;;;;;;;;;
;;;;;;;;;;;;;;;;;;;;;;;;;;;;;;;;;;;;;;;;;;;;;;;;;;;;;;;;;;;;;;;;;;;
;;;;;;;;;;;;;;;;;;;;;;;;;;;;;;;;;;;;;;;;;;;;;;;;;;;;;;;;;;;;;;;;;;;
