station*;site d'echantillonnage*;jeu de donnees*;sample_name*;sampling_resp*;sampling_date(dd/mm/yyyy)*;sampling_time (hh:mm);sampling_depth_min;sampling_depth_max;sampling_volume;tide;tide_coefficient;sampling_device*;bottle_model;bottle_volume (liter);pump_model;pump_flow (L per min);net_length (m);net_type;net_area (m2);net_mesh (µm);net_direction;analysis_method*;analysis_resp*;analysis_date (dd/mm/yyyy)*;preservation;volume_analysed(ml);filtration_mesh;sample_fraction;fractioning_method;fixing_method;volume_sedimentation_chamber(ml);taxon_pelagos;Achnanthes;Actinoptychus senarius;Alexandrium minutum;Alexandrium;Alexandrium;Amphidiniopsis;Amphidinium;Azadinium caudatum;Amphiprora;Amphitetras;Asterionella bleakeleyi;Asterionella formosa;Asterionella glacialis;Asteromphalus;Asterionella kariana;Attheya;Azadinium caudatum;Azadinium;Bacillaria paxillifera;Bacillariophycanae;Bacteriastrum delicatulum;Bacteriastrum;Bellerochea malleus;Biddulphia rhombus;Biddulphia sinensis;Biddulphia;Centrodinium punctatum;Centrodinium punctatum;Cerataulina pelagica;Chaetoceros affinis;Chaetoceros breve;Chaetoceros curvisetus;Chaetoceros danicus;Chaetoceros debilis;Chaetoceros decipiens;Chaetoceros densus;Chaetoceros diadema;Chaetoceros didymus;Chaetoceros lorenzianus;Chaetoceros mitra;Chaetoceros peruvianus;Chaetoceros protuberans;Chaetoceros pseudocurvisetus;Chaetoceros simplex;Chaetoceros socialis;Chaetoceros;Chaetoceros tenuissimus;Chaetoceros teres;Chattonella;Ciliophora;Cocconeis;Codonella;Coolia;Corethron;Corythodinium tesselatum;Coscinodiscus concinnus;Coscinodiscus granii;Coscinodiscus radiatus;Coscinodiscus;Coscinodiscus wailesii;Cryptophyceae;Cryptophyceae;Cylindrotheca closterium;Cylindrotheca fusiformis;Cymatosira belgica;Cyrtostrombidium;Dactyliosolen fragilissimus;Dactyliosolen phuketensis;Dactyliosolen;Detonula confervacea;Detonula pumila;Detonula;Dictyocha crux;Dictyocha fibula;Dictyocha fibula;Dictyocha;Octactis speculum;Dictyocha;Dinobryon;Dinophysaceae;Dinophysis acuminata;Dinophysis acuta;Dinophysis caudata;Dinophysis dens;Dinophysis fortii;Dinophysis hastata;Dinophysis sacculus;Dinophysis;Dinophysis tripos;Diploneis;Diplopsalis;Ditylum brightwellii;Ebriaceae;Empty Bacillariophyceae;Entomoneis alata;Eucampia zodiacus;Euglenoidea;Eupyxidicula nipponica;Eutintinnus;Foraminifera;Gonyaulacaceae;Gonyaulax;Gonyaulax spinifera;Gonyaulax verior;Grammatophora;Guinardia delicatula;Guinardia flaccida;Guinardia;Guinardia striata;Gymnodinium catenatum;Gymnodinium;Gyrodinium fusus;Gyrodinium;Gyrodinium spirale;Helicotheca tamesis;Hemiaulus hauckii;Hemiaulus hauckii;Hemiaulus sinensis;Hemiaulus;Heterocapsa minima;Heterocapsa niei;Heterocapsa rotundata;Heterocapsa;Kryptoperidinium triquetrum;Hobaniella longicruris;Karenia;Lauderia annulata;Lebouridinium glaucum;Leptocylindrus danicus;Leptocylindrus mediterraneus;Leptocylindrus minimus;Levanderina fissa;Licmophora;Lithodesmium undulatum;Lyrella;Mediopyxis helysia;Melosira;Mesodinium rubrum;Meuniera membranacea;Nitzschia longissima;Nitzschia;Noctiluca;Octactis octonaria;Octactis speculum;Odontella aurita;Ostreopsis;Oxytoxum adriaticum;Oxytoxum caudatum;Oxytoxum coronatum;Oxytoxum parvum;Oxytoxum schauinslandii;Oxytoxum scolopax;Oxytoxum;Oxytoxum tesselatum;Paralia sulcata;Phaeocystis pouchetii;Phalacroma rotundatum;Phalacroma;Plagiogramma vanheurckii;Plagiogrammopsis;Planktoniella sol;Pleurosigmataceae;Podolampas bipes;Podolampas palmipes;Podolampas;Porosira glacialis;Proboscia alata;Proboscia indica;Proboscia;Pronoctiluca;Prorocentrum balticum;Prorocentrum gracile;Prorocentrum lima;Prorocentrum micans;Prorocentrum cordatum;Prorocentrum;Prorocentrum triestinum;Protoperidiniaceae;Protoperidinium bipes;Protoperidinium bispinum;Protoperidinium brevipes;Protoperidinium conicum;Protoperidinium depressum;Protoperidinium divergens;Protoperidinium leonis;Protoperidinium oblongum;Protoperidinium steinii;Pseudo-nitzschia delicatissima;Pseudo-nitzschia multistriata;Pseudo-nitzschia seriata;Pseudopedinella;Pseudosolenia calcar-avis;Pseudosolenia;Pyrocystis;Pyrophacus;Rhabdonema;Rhizosolenia bergonii;Rhizosolenia cylindrus;Rhizosolenia hebetata;Rhizosolenia imbricata;Rhizosolenia robusta;Rhizosolenia setigera;Rhizosolenia styliformis;Rhizosoleniaceae;Scrippsiella acuminata;Skeletonema costatum;Skeletonema;Solenicola setigera;Stephanopyxis palmeriana;Stephanopyxis;Striatella;Strobilidium;Thalassionema nitzschioides;Thalassiosira gravida;Thalassiosira minima;Thalassiosira punctigera;Thalassiosira rotula;Thalassiosira;Thecadinium;Tintinnina;Torodinium;Triceratium;Trieres mobiliensis;Trigonium alternans;Tripos candelabrus;Tripos declinatus;Tripos furca;Tripos fusus;Tripos horridus;Tripos lineatus;Tripos longipes;Tripos macroceros;Tripos muelleri;Tripos ranipes;Tripos;Tripos teres;Dinoflagellata;Dinoflagellata;Dinoflagellata;Dinoflagellata;Dinoflagellata;Dinoflagellata;Fragilariaceae;Naviculales;Prasinophyceae;Prasinophyceae;Prymnesiales;Raphidophyceae;Centrales;Centrales;Pennales;Pennales;Pennales
;;;;;;;;;;;;;;;;;;;;;;;;;;;;;;;;taxon_user;Achnanthes sp.;Actinoptychus senarius;Alexandrium minutum;Alexandrium sp.;Alexandrium sp.;Amphidiniopsis sp.;Amphidinium sp.;Amphidoma sp.;Amphiprora sp.;Amphitetras sp.;Asterionella bleakeleyi;Asterionella formosa;Asterionellopsis glacialis;Asteromphalus sp.;Asteroplanus karianus;Attheya sp.;Azadinium caudatum;Azadinium sp.;Bacillaria paxillifera;Bacillariophycanae;Bacteriastrum delicatulum;Bacteriastrum sp.;Bellerochea malleus;Biddulphia rhombus;Biddulphia sinensis;Biddulphia sp.;Centrodinium punctatum;Centrodinium punctatum;Cerataulina pelagica;Chaetoceros affinis;Chaetoceros brevis;Chaetoceros curvisetus;Chaetoceros danicus;Chaetoceros debilis;Chaetoceros decipiens;Chaetoceros densus;Chaetoceros diadema;Chaetoceros didymus;Chaetoceros lorenzianus;Chaetoceros mitra;Chaetoceros peruvianus;Chaetoceros protuberans;Chaetoceros pseudocurvisetus;Chaetoceros simplex;Chaetoceros socialis;Chaetoceros sp.;Chaetoceros tenuissimus;Chaetoceros teres;Chattonella sp.;Ciliophora;Cocconeis sp.;Codonella sp.;Coolia sp.;Corethron sp.;Corythodinium tesselatum;Coscinodiscus concinnus;Coscinodiscus granii;Coscinodiscus radiatus;Coscinodiscus sp.;Coscinodiscus wailesii;Cryptophyceae;Cryptophyceae;Cylindrotheca closterium;Cylindrotheca fusiformis;Cymatosira belgica;Cyrtostrombidium sp.;Dactyliosolen fragilissimus;Dactyliosolen phuketensis;Dactyliosolen sp.;Detonula confervacea;Detonula pumila;Detonula sp.;Dictyocha crux;Dictyocha fibula;Dictyocha fibula;Dictyocha sp.;Dictyocha speculum;Dictyocha à épines;Dinobryon sp.;Dinophysaceae;Dinophysis acuminata;Dinophysis acuta;Dinophysis caudata;Dinophysis dens;Dinophysis fortii;Dinophysis hastata;Dinophysis sacculus;Dinophysis sp.;Dinophysis tripos;Diploneis sp.;Diplopsalis sp.;Ditylum brightwellii;Ebriaceae;Empty Bacillariophyceae;Entomoneis alata;Eucampia zodiacus;Euglenoidea;Eupyxidicula nipponica;Eutintinnus sp.;Foraminifera;Gonyaulacaceae;Gonyaulax sp.;Gonyaulax spinifera;Gonyaulax verior;Grammatophora sp.;Guinardia delicatula;Guinardia flaccida;Guinardia sp.;Guinardia striata;Gymnodinium catenatum;Gymnodinium sp.;Gyrodinium fusus;Gyrodinium sp.;Gyrodinium spirale;Helicotheca tamesis;Hemiaulus hanckii;Hemiaulus hauckii;Hemiaulus sinensis;Hemiaulus sp.;Heterocapsa minima;Heterocapsa niei;Heterocapsa rotundata;Heterocapsa sp.;Heterocapsa triquetra;Hobaniella longicruris;Karenia sp.;Lauderia annulata;Lebouridinium glaucum;Leptocylindrus danicus;Leptocylindrus mediterraneus;Leptocylindrus minimus;Levanderina fissa;Licmophora sp.;Lithodesmium undulatum;Lyrella sp.;Mediopyxis helysia;Melosira sp.;Mesodinium rubrum;Meuniera membranacea;Nitzschia longissima;Nitzschia sp.;Noctiluca sp.;Octactis octonaria;Octactis speculum;Odontella aurita;Ostreopsis sp.;Oxytoxum adriaticum;Oxytoxum caudatum;Oxytoxum coronatum;Oxytoxum parvum;Oxytoxum schauinslandii;Oxytoxum scolopax;Oxytoxum sp.;Oxytoxum tesselatum;Paralia sulcata;Phaeocystis pouchetii;Phalacroma rotundatum;Phalacroma sp.;Plagiogramma vanheurckii;Plagiogrammopsis sp.;Planktoniella sol;Pleurosigma/Gyrosigma;Podolampas bipes;Podolampas palmipes;Podolampas sp.;Porosira glacialis;Proboscia alata;Proboscia indica;Proboscia sp.;Pronoctiluca sp.;Prorocentrum balticum;Prorocentrum gracile;Prorocentrum lima;Prorocentrum micans;Prorocentrum minimum;Prorocentrum sp.;Prorocentrum triestinum;Protoperidiniaceae;Protoperidinium bipes;Protoperidinium bispinum;Protoperidinium brevipes;Protoperidinium conicum;Protoperidinium depressum;Protoperidinium divergens;Protoperidinium leonis;Protoperidinium oblongum;Protoperidinium steinii;Pseudo-nitzschia delicatissima;Pseudo-nitzschia multistriata;Pseudo-nitzschia seriata;Pseudopedinella sp.;Pseudosolenia calcar-avis;Pseudosolenia sp.;Pyrocystis sp.;Pyrophacus sp.;Rhabdonema sp.;Rhizosolenia bergonii;Rhizosolenia cylindrus;Rhizosolenia hebetata;Rhizosolenia imbricata;Rhizosolenia robusta;Rhizosolenia setigera;Rhizosolenia styliformis;Rhizosoleniaceae;Scrippsiella trochoidea;Skeletonema costatum;Skeletonema sp.;Solenicola setigera;Stephanopyxis palmeriana;Stephanopyxis sp.;Striatella sp.;Strobilidium sp.;Thalassionema nitzschioides;Thalassiosira gravida;Thalassiosira minima;Thalassiosira punctigera;Thalassiosira rotula;Thalassiosira sp.;Thecadinium sp.;Tintinnina;Torodinium sp.;Triceratium sp.;Trieres mobiliensis;Trigonium alternans;Tripos candelabrum;Tripos declinatus;Tripos furca;Tripos fusus;Tripos horridus;Tripos lineatus;Tripos longipes;Tripos macroceros;Tripos muelleri;Tripos ranipes;Tripos sp.;Tripos teres;Undetermined Dinoflagellata sp.;Undetermined Dinoflagellata sp.;Undetermined Dinoflagellata sp.;Undetermined Dinoflagellata sp.;Undetermined Dinoflagellata sp.;Undetermined Dinoflagellata sp.;Undetermined Fragilariaceae;Undetermined Naviculales;Undetermined Prasinophyceans < 10µ;Undetermined Prasinophyceans > 10µ;Undetermined Prymnesiophyceans < 10µ;Undetermined Raphidophyceans < 10µ;Undetermined centrales;Undetermined centrales;Undetermined pennales;Undetermined pennales;Undetermined pennales
;;;;;;;;;;;;;;;;;;;;;;;;;;;;;;;;aphiaID;149191;148948;109711;109470;109470;109556;109473;837075;149140;578002;149375;148954;148955;162254;148956;160519;837075;391508;558243;591186;164108;149118;149306;149324;148969;148967;233744;233744;149619;149241;149291;149221;149120;149219;149126;149121;149128;149122;156617;148986;178185;163055;178229;149294;149123;148985;156623;149125;233776;11;148989;150203;109534;149109;110077;148992;149271;149158;148917;156632;17639;17639;149004;375677;149012;393573;149310;248064;149309;149286;149647;149285;375788;157463;157463;157258;1310442;157258;157240;231772;109603;109604;109612;109616;109624;109627;232261;109462;109662;149018;109515;149023;146208;;157428;149131;582177;1322723;183543;1410;109428;109519;110041;110045;149335;149112;149132;149111;149113;109784;109475;232943;109476;109876;157440;163249;163249;163250;163248;233619;233620;110152;109540;1346683;1322468;231788;149135;1382182;149106;149230;149039;840689;149342;149322;180390;345485;149042;232069;149145;149150;149045;109500;375970;1310442;149050;109524;110079;110082;110086;110109;838240;110115;109528;233874;149055;115106;156505;109466;149352;149056;196815;149032;110199;232625;109550;156689;149168;345513;149167;109487;110293;110300;110301;110303;232376;109566;110316;109435;110208;233466;110210;110213;110217;110219;110229;110238;110257;149153;246608;149152;160599;163344;163342;109571;109555;157072;196811;163242;149070;149116;149311;149115;149629;149068;1321853;149074;149073;118073;231888;149630;149176;101185;149093;149102;148925;148936;148942;148912;109557;732976;109479;149154;839991;699394;841193;841202;840627;840626;837453;837459;841259;841260;495363;837234;494057;1381154;146203;146203;146203;146203;146203;146203;148952;149015;17329;17329;115061;160581;341285;341285;1304629;1304629;1304629
;;;;;;;;;;;;;;;;;;;;;;;;;;;;;;;;stage;;;;;;;;;;;;;;;;;;;;;;;;;;;;;;;;;;;;;;;;;;;;;;;;;;;;;;;;;;;;;;;;;;;;;;;;;;;;;;;;;;;;;;;;;;;;;;;;;;;;;;;;;;;;;;;;;;;;;;;;;;;;;;;;;;;;;;;;;;;;;;;;;;;;;;;;;;;;;;;;;;;;;;;;;;;;;;;;;;;;;;;;;;;;;;;;;;;;;;;;;;;;;;;;;;;;;;;;;;;;;;;;;;;;;;;;;;;;;;;;;;;;;;;;;;;;;
;;;;;;;;;;;;;;;;;;;;;;;;;;;;;;;;form;;;;;;;;;;;;;;;;;;;;;;;;;;;;;;;;;;;;;;;;;;;;;;;;;>10µm;;;;;;;;;;;;<10µm;>=10µm;;;;;;;;;;;;;;;;<10µm;;;;;;;;;;;;;;;;;;;;;;;;;;;;;;;;;;;;;;;;;;;;;;;;;;;;;;;;;;;;;;;;;;;;;;;;;;;;;;;;;;;;;;;;;;;;;;;;;;;;;;;;;;;;;;<3µm;sigmoïdes;>=3µm;<10µm;;;;;;;;;;;;;;;;;;;;;;;;;;;;;;;;;;;;;;;;;;;;;;<10µm;>10µm;>=10µm;naked >=10µm;thecate >=10µm;;;;<10µm;>10µm;<10µm;<10µm;<10µm;>=10µm;;<10µm;>=10µm
;;;;;;;;;;;;;;;;;;;;;;;;;;;;;;;;sex;;;;;cysts;;;;;;;;;;;;;;;;;;;;;;;cysts;;;;;;;;;;;;;;;;;;;;;;;;;;;;;;;;;;;;;;;;;;;;;;;;;;;;;;;;;;;;;;;;;;;;;;;;;;;;;;;;;;;;;;;;;;;;;;;;;;;;;;;;;;;;;;;;;;;;;;;;;;;;;;;;;;;;;;;;;;;;;;;;;;;;;;;;;;;;;;;;;;;;;;;;;;;;;;;;;;;;;;;;;;;;;;;;;;;;;;;;;;;;;;;;;;;;;;cysts;;;;;;;;;;;
Université de Bordeaux-EPOC;SOMLIT - Bouée13;Arcachon - Bouée 13;SB13_20180802_1m;Yolanda DEL AMO;02/08/2018;7:6;1.0;0.0;250.0;PM;69.0;bottle;Niskin;8.0;;;;;;;;Comptage taxinomique phytoplancton;Laurence COSTES;02/07/2019;obscur, temperature amb;12.5;;25.0;;;;;;;;;;;;;;;;;;;;;;;240;;;;;;;;;;80;;;;160;;;;;;;;;;;;;;;;;;;;;;;;;;240;;89670;;720;;;;;;;;;;;;240;;;;;;;;;;;;;;;;;;;;80;;;;;;480;;;;;;1040;;;;1440;;160;;160;;;;;;;;;;;;;;1680;;;;;;;;;;;;;;;;;;;;;;;;;;1720;;;;;;;240;;;;;1440;480;;;;;;240;;;;;;;;;80;;;;;1920;;880;;;;;;;;;;80;160;;80;160;;;;;;;;;;;;;;480;;80;;;;;;;;80;320;;;;;;;;80703;;;;;960;;640;;;;;;;240;;
Université de Bordeaux-EPOC;SOMLIT - Bouée13;Arcachon - Bouée 13;SB13_20180817_1m;Yolanda DEL AMO;17/08/2018;8:10;1.0;0.0;250.0;PM;70.0;bottle;Niskin;8.0;;;;;;;;Comptage taxinomique phytoplancton;Laurence COSTES;01/07/2019;obscur, temperature amb;12.5;;25.0;;;;;;;;880;;;;;;;;;;;;;;;;;;;;;;;;;80;;;;;;;;;;;;;;;;;;;;;240;400;;;;;;;;;;95648;;80;;;;320;;;;;;;;80;;;;;;;;;;;;;;;;;;;;240;;;;;;80;;;;;;;;;;880;;1760;;;;;;;;;;;;;;;;;;;;;3920;;;;;240;;;;;;;;;;;;;;;;;;80;;;640;;320;;;80;;;240;;;;;;80;;;;960;;;;;;;;;;160;;;;;;;;;;;;;;;;;;;;;;;;;;;;;;;;;;;;;;;;;;;;;;;;;20923;1680;;;;640;;;;;;;;;;;
Université de Bordeaux-EPOC;SOMLIT - Bouée13;Arcachon - Bouée 13;SB13_20180903_1m;Yolanda DEL AMO;03/09/2018;8:59;1.0;0.0;250.0;PM;52.0;bottle;Niskin;8.0;;;;;;;;Comptage taxinomique phytoplancton;Laurence COSTES;03/07/2019;obscur, temperature amb;5.0;;10.0;;;;;;;;;;;;;;;;;;;;;;;;;;;;;;;;;400;;;1800;;;;;;;;;;;;;;1000;;;;200;;;;;;;;;;;119552;;3800;;;;200;;;;;;;;400;;;;;;;;;;;;;;;;;;;;;;;;;;2000;;;;;;1400;;800;;;;3000;;200;;;;;;;;;;;;400;;6600;;;;;200;;;;;;;;;;;;;;;;;;;;;600;;;;;;;200;;;;;;200;;;;;;800;;;;600;;;;;;;;;;3000;;2600;;;;;;;;;400;9200;;;;;;;;;;;;;;;;;;6000;;;400;;;;;;;;;;;;;;;;59776;3600;;;;1400;;600;;;;;;;400;;
Université de Bordeaux-EPOC;SOMLIT - Bouée13;Arcachon - Bouée 13;SB13_20180914_1m;Yolanda DEL AMO;14/09/2018;6:46;1.0;0.0;250.0;PM;85.0;bottle;Niskin;8.0;;;;;;;;Comptage taxinomique phytoplancton;Laurence COSTES;09/07/2019;obscur, temperature amb;5.0;;10.0;;;;;;;;;;;;;;;;;200;;;;;;;;;;;;;;;;;;;;12600;;6200;;;;;;;;;;;;;;;600;1400;;;;;;;;;;67248;;3600;;;;200;;;;;;;;600;;;;;;;;;;;;;;;;;;;;;;;;;;;;;;;;3200;;;;;;;;;;1000;;;;;;;;;;;;6200;;;;;;;;;;;;;;;;;;;;;;;;;;;;;;;;;600;;;;;;;;;;;;400;;;;;200;;;;;;;;;3000;;3000;;;;;;;;;600;;400;;;;;;;;;;;;400;;;;;6600;;;;;;;;;;;;;;;;;;;97056;1400;;;;1000;;1000;37360;;;;;;2600;;
Université de Bordeaux-EPOC;SOMLIT - Bouée13;Arcachon - Bouée 13;SB13_20181003_1m;Yolanda DEL AMO;03/10/2018;9:42;1.0;0.0;250.0;PM;44.0;bottle;Niskin;8.0;;;;;;;;Comptage taxinomique phytoplancton;Laurence COSTES;04/07/2019;obscur, temperature amb;5.0;;10.0;;;;;;;;;;;;;;;;;200;;;;;;;;;;;;200;;;;400;;;;;;;;;;;;;;;;;;;;;200;200;;;;;;;;;;156912;;3000;;;;;;;;;;;;1600;;;;;;;;;;;;;;;;;;;;;;;;;;;;;;;;;2400;;;3600;;800;;;;;;;;;;;;;;;;26400;;;;;;;;600;;200;;;;;;;;;;;;;;;;800;;;;;;;;;;;;;200;;;;;;200;;;;2400;;;;;;;;;;2000;;7600;;;;;;;;;200;400;;;;;;;;;;;;;;;;;;4000;;;;;;;;400;;;;;;;;;;;179328;2800;;;;2400;;1200;;;;14944;;;400;;
Université de Bordeaux-EPOC;SOMLIT - Bouée13;Arcachon - Bouée 13;SB13_20181015_1m;Yolanda DEL AMO;15/10/2018;7:56;1.0;0.0;250.0;PM;53.0;bottle;Niskin;8.0;;;;;;;;Comptage taxinomique phytoplancton;Laurence COSTES;05/07/2019;obscur, temperature amb;12.5;;25.0;;;;;;;;;;;;;;;;;;;;;;;;;;;;;;;;;;;;;3120;;;;;;;;;;;;;240;;;;960;;;;;;;;;;;143472;;720;;;;;;240;;;;;;160;;240;;;;;;;;;;;;;;80;;;;;;;160;;;1120;;;;;;240;;;;;;1200;;;;;;;;;;;;;;;;12160;;;;;;;;;;160;;;;;;;;;;;;;;;;320;;;;;;;160;;;;;;;;;;;;800;;;;160;;;;;;;;;;1680;;3680;;;;;;;;;;640;480;;;;;;;;;;;;160;;;;;1520;;;;;;;;;;;;;;;;;;;59780;;;;;80;;;17934;;;;;;;;
Université de Bordeaux-EPOC;SOMLIT - Bouée13;Arcachon - Bouée 13;SB13_20181030_1m;Yolanda DEL AMO;30/10/2018;7:18;1.0;0.0;250.0;PM;67.0;bottle;Niskin;8.0;;;;;;;;Comptage taxinomique phytoplancton;Laurence COSTES;16/07/2019;obscur, temperature amb;12.5;;25.0;;;;;;80;;;;;;;;;;;320;;;;;;;;;;;;;;;;160;;;;;;;;;400;;;;;;;;;;;;640;;;;;;;;;;;74725;;2320;;;;320;;;;;;;;400;;;;;;;;;;;;;;;;;;;;;;;;;;800;;;;;;;80;;;;;2560;;;;;160;;;;;;;;;;;4800;;2240;;80;;;;;;;;;;;;;;;;;;;;;;160;;;;;;;320;;;;;;;;;;;;;;;;;;;;;;;;;;14080;;160;;80;;;;;;;;;;;;;;;;;;;;;3440;;;;;4640;;80;;;;;;;;80;;;;;;;;;47824;560;;;;;;480;104615;;;;;;480;;
Université de Bordeaux-EPOC;SOMLIT - Bouée13;Arcachon - Bouée 13;SB13_20181113_1m;Yolanda DEL AMO;13/11/2018;7:11;1.0;0.0;250.0;PM;56.0;bottle;Niskin;8.0;;;;;;;;Comptage taxinomique phytoplancton;Laurence COSTES;14/12/2018;obscur, temperature amb;25.0;;25.0;;;;;;;;;;;;;;;;;240;;;;;;;;;;;;;;;;240;;;;;;;;;;;;;;;;;40;;;;40;;;;;;;;;120;;386901;;1160;;;;;;;;;;;;80;;120;;;;;;;;;;;;;;;;;;;;;;;;;;;;;2560;400;;800;;400;;;;;;;;;;;;;;;;;;400;;;;;;;;;;;;;;;;;;;;;;;;;;1720;;;;;;;120;;;;;;;80;;;;;;;;;;;;;;;;;;;3080;;2160;;;;;;;;;;;;;;;;;;;240;;;;80;;;;;160;;;;;40;;;;;80;;;;;;;;;;;;;;800;;80;;;;;;;;;
Université de Bordeaux-EPOC;SOMLIT - Bouée13;Arcachon - Bouée 13;SB13_20181129_1m;Yolanda DEL AMO;29/11/2018;8:33;1.0;0.0;250.0;PM;64.0;bottle;Niskin;8.0;;;;;;;;Comptage taxinomique phytoplancton;Laurence COSTES;17/07/2019;obscur, temperature amb;12.5;;25.0;;;;;;;;;;;;;;;;;5840;;;;;;;;;;;;;;;;;;;;;;;;;;;;;;;;;;;;;640;;;;;;;;;160;;47824;;880;;;;160;;;;;;;;880;;800;;;;;;;;;;;;;;;;;;80;;;;;;480;;;;;400;800;;;;;;720;;80;;;;;;;;;;;;;;400;;;;;;;;80;;80;;;;80;;;;;;;;;;;;2320;;;;;1040;;800;;;;;;;;;;;;;;;;;;;;;;;;;;1840;;640;;;;;;;;;;80;;;;;;;;;;;;;320;;;;;10480;;;;;;;80;;;;;;;;;;;;95648;;;;;;;640;47824;;;;;;;;
Université de Bordeaux-EPOC;SOMLIT - Bouée13;Arcachon - Bouée 13;SB13_20181213_1m;Yolanda DEL AMO;13/12/2018;7:31;1.0;0.0;250.0;PM;54.0;bottle;Niskin;8.0;;;;;;;;Comptage taxinomique phytoplancton;Laurence COSTES;21/08/2019;obscur, temperature amb;12.5;;25.0;;;;;;160;;;;;;;;;;;6480;;;;;;;;;;;;;;;;;;;;640;;;;;;;;;;;;;;;;;480;;;;;;;;;;;47824;;720;;;;;;;;;;;;400;;400;;;;;;;;;;;;;;;;;;;;;;;;800;;;;;240;;;;;;;960;;;;;;;;;;;;;;;;800;;;;;;;;6240;;320;;;;80;;;;;;;;;;;;2400;;;;;;;400;;;;;;;;;;;;;;;;;;;;;;;;;;1840;;400;;;;;;;;;;80;80;;;;;;;;;;;;160;;;;;5600;;80;;;;;160;;;;;;;;;;;;92659;;;;;720;;560;110593;;;;;;1680;;
Université de Bordeaux-EPOC;SOMLIT - Bouée13;Arcachon - Bouée 13;SB13_20190111_1m;Yolanda DEL AMO;11/01/2019;7:21;1.0;0.0;250.0;PM;66.0;bottle;Niskin;8.0;;;;;;;;Comptage taxinomique phytoplancton;Laurence COSTES;20/03/2019;obscur, temperature amb;5.0;;10.0;;;;;0;0;;0;0;0;0;0;;0;0;0;20600;0;0;0;0;0;0;0;0;0;0;0;0;0;0;0;0;;;0;3800;0;0;0;0;;0;;0;0;;;0;0;0;0;;0;0;;0;0;0;0;0;0;200;0;112080;;2800;0;;;0;0;1000;;;0;0;;0;;;;0;0;200;0;0;;0;0;0;0;0;0;0;0;0;;0;0;0;;;;0;0;0;0;0;0;400;;0;0;0;;0;0;0;;;0;0;0;0;0;0;0;0;;0;;0;0;0;;0;0;;0;0;0;0;;0;0;;3400;0;0;;;;;;;0;;0;;;;0;0;;0;;;0;0;0;0;0;0;0;0;;0;;200;0;0;0;;0;0;0;;;0;0;14600;0;2400;;;0;0;0;0;;;0;600;0;0;200;0;0;0;;;;0;0;0;1200;;;;2800;1600;0;0;0;0;0;0;0;0;0;0;0;0;;;;;0;;89664;;0;0;;200;;0;0;;0;0;0;0;0;;
Université de Bordeaux-EPOC;SOMLIT - Bouée13;Arcachon - Bouée 13;SB13_20190131_1m;Yolanda DEL AMO;31/01/2019;1:32;1.0;0.0;250.0;PM;50.0;bottle;Niskin;8.0;;;;;;;;Comptage taxinomique phytoplancton;Laurence COSTES;17/01/2020;obscur, temperature amb;12.5;;25.0;;;;;0;0;;0;0;0;0;0;;0;0;0;0;0;0;0;0;0;0;0;0;0;0;0;0;0;0;0;0;;;0;0;0;0;0;0;;0;;0;0;;;0;0;0;0;;0;0;;0;0;0;160;0;0;640;0;74725;;0;0;;;640;0;0;;;0;0;;240;;;;0;0;0;0;0;;0;0;0;160;0;0;0;0;0;;0;0;0;;;;0;160;0;0;0;0;2000;;560;0;0;;2880;0;240;;;0;0;0;0;0;0;0;0;;0;;1040;0;0;;0;0;;0;4320;0;0;;0;0;;0;0;0;;;;;;;0;;16160;;;;0;2400;;640;;;0;0;160;80;0;0;0;0;;0;;0;0;80;0;;0;0;0;;;0;0;0;0;240;;;0;0;0;0;;;0;0;80;0;0;4720;0;0;;;;0;0;0;0;;;;0;289;0;160;0;0;0;0;0;0;80;0;0;0;;;;;0;;59780;;0;0;;1200;;560;0;;0;0;0;0;720;;
Université de Bordeaux-EPOC;SOMLIT - Bouée13;Arcachon - Bouée 13;SB13_20190211_1m;Yolanda DEL AMO;11/02/2019;8:18;1.0;0.0;250.0;PM;62.0;bottle;Niskin;8.0;;;;;;;;Comptage taxinomique phytoplancton;Laurence COSTES;21/01/2020;obscur, temperature amb;12.5;;25.0;;;;;0;0;;0;0;0;0;0;;0;0;0;800;0;0;0;0;0;0;0;0;0;0;0;0;0;0;0;0;;;0;320;0;160;0;0;;0;;0;0;;;0;0;0;240;;0;80;;0;0;0;0;0;0;80;0;152439;;480;0;;;0;0;0;;;0;0;;160;;;;0;0;0;0;0;;0;0;0;1200;0;0;0;0;0;;0;0;0;;;;0;0;0;0;0;80;80;;0;0;0;;1760;0;0;;;0;0;0;0;0;0;0;0;;0;;1280;0;0;;0;0;;0;0;0;0;;0;0;;160;0;0;;;;;;;80;;560;;;;0;0;;240;;;0;0;0;0;0;0;0;0;;240;;0;0;0;0;;0;0;0;;;0;0;160;0;240;;;0;0;0;0;;;0;80;0;0;160;0;0;0;;;;0;0;0;0;;;;0;720;0;1280;0;0;0;0;0;0;320;80;0;320;;;;;0;;209230;;0;0;;3760;;240;0;;0;0;0;0;1920;;
Université de Bordeaux-EPOC;SOMLIT - Bouée13;Arcachon - Bouée 13;SB13_20190225_1m;Yolanda DEL AMO;25/02/2019;9:29;1.0;0.0;250.0;PM;57.0;bottle;Niskin;8.0;;;;;;;;Comptage taxinomique phytoplancton;Laurence COSTES;22/01/2020;obscur, temperature amb;12.5;;25.0;;;;;0;0;;0;0;0;0;0;;0;0;0;880;0;0;0;0;0;0;0;0;0;0;0;0;0;0;0;0;;;0;800;0;0;0;0;;0;;0;0;;;0;0;0;0;;0;80;;0;0;0;0;0;0;0;0;104615;;1200;0;;;0;0;0;;;0;0;;0;;;;0;0;80;0;0;;0;0;0;80;0;0;0;0;0;;0;0;0;;;;0;0;0;0;0;0;10560;;0;0;0;;2080;0;0;;;0;0;0;0;0;0;0;0;;0;;16960;0;3920;;0;0;;0;0;0;80;;0;0;;0;0;0;;;;;;;80;;0;;;;0;0;;400;;;0;0;320;0;0;0;0;0;;0;;0;0;240;0;;0;0;0;;;0;0;14160;0;13360;;;0;0;0;0;;;0;400;0;0;0;0;0;0;;;;0;0;0;0;;;;0;240;0;720;0;0;0;0;0;0;80;80;0;0;;;;;0;;104615;;0;0;;1280;;320;0;;0;0;0;0;5760;;
Université de Bordeaux-EPOC;SOMLIT - Bouée13;Arcachon - Bouée 13;SB13_20190312_1m;Yolanda DEL AMO;12/03/2019;8:5;1.0;0.0;250.0;PM;70.0;bottle;Niskin;8.0;;;;;;;;Comptage taxinomique phytoplancton;Laurence COSTES;14/03/2019;obscur, temperature amb;5.0;;10.0;;;;;0;0;;0;0;0;0;0;;0;0;0;0;0;0;0;0;0;0;0;0;0;0;0;0;0;0;0;0;;;0;0;0;0;0;0;;0;;0;0;;;0;0;0;0;;600;0;;0;0;0;0;0;0;0;0;283936;;1000;0;;;0;0;0;;;0;0;;200;;;;0;0;0;0;0;;0;0;0;0;0;0;0;1200;0;;0;0;0;;;;0;0;0;0;0;0;0;;0;0;400;;;0;0;;;0;0;0;0;0;0;0;0;;1400;;156000;0;600;;0;0;;3000;400;0;0;;0;0;;200;0;0;;;;;;;0;;0;;;;0;0;;0;;;0;0;0;0;0;0;0;0;;0;;0;0;200;0;;0;0;0;;;0;0;0;0;11200;;;0;0;0;0;;;0;0;0;0;800;1800;0;0;;;;0;0;0;0;;;;0;200;0;400;0;0;0;0;0;0;1600;200;0;0;;;;;0;;164384;;0;0;;0;;0;0;;0;0;0;0;0;;
Université de Bordeaux-EPOC;SOMLIT - Bouée13;Arcachon - Bouée 13;SB13_20190326_1m;Yolanda DEL AMO;26/03/2019;7:57;1.0;0.0;250.0;PM;73.0;bottle;Niskin;8.0;;;;;;;;Comptage taxinomique phytoplancton;Laurence COSTES;10/06/2020;obscur, temperature amb;12.5;;25.0;;;;;;;;;;;160;;;;;;;;;;;;;;;;;;;240;;;;;;;80;;;;;;;;;;;;;80;;;;;240;;;;;;;;480;;170373;;160;;;;;;;;;;;;;;;;;;;;;;;;;0;;;;;;;320;;;;;;;1760;;;;;720;;;;2480;;;;;;;;;;;;;;;;;;;;80;;;;;;720;;160;;;;;240;;;;;;;;;;;10720;;;;;400;;560;;;;;;;80;;;;;;;;;240;;;;;;;;;;;;80;;;;;;;;;0;240;;;;;;;;;;;;;;;;;;560;;320;;;;;;;;;;;;;;;;;143989;;960;;;1040;;;;;;;;;;;
Université de Bordeaux-EPOC;SOMLIT - Bouée13;Arcachon - Bouée 13;SB13_20190411_1m;Yolanda DEL AMO;11/04/2019;7:47;1.0;0.0;250.0;PM;63.0;bottle;Niskin;8.0;;;;;;;;Comptage taxinomique phytoplancton;Laurence COSTES;24/06/2020;obscur, temperature amb;12.5;;25.0;;;;;;;;;;;;;;80;;;;;;;;;;;;;;;;;;;;;;;80;;;;;;;;;;;;;;;;;;;;;;;;;;0;;80703;;160;;;;;;400;;;;;;;;;;;;640;;;;;;;720;;;;;;;160;;;;;;;8160;;;;;80;;;;;;0;;;;;;;;;;;;;;;;;;;;;;;;160;;;;;80;;240;;;;;;;;;160;;4960;;;;;;;0;;;;;160;;;;;;;2800;;;;400;;;;;;;;;;;;240;;;;;;;;;0;0;160;;;;400;;;;;;;;;;;;;320;;720;;;;;;;2160;1040;;;;;;;;;125538;;;;;560;;160;;;;;;;160;;
Université de Bordeaux-EPOC;SOMLIT - Bouée13;Arcachon - Bouée 13;SB13_20190425_1m;Yolanda DEL AMO;25/04/2019;7:35;1.0;0.0;250.0;PM;55.0;bottle;Niskin;8.0;;;;;;;;Comptage taxinomique phytoplancton;Laurence COSTES;18/06/2020;obscur, temperature amb;12.5;;25.0;;;;;;;;;;;80;;;;;;;;;;;;;;;;;;;560;;;;;;;0;;;;;;;;;;;;;;;80;;;;;;;;;;;0;;104615;;320;;;;;;;;;;;;80;;;;;;;160;80;;;;;480;;;;;;;80;;;;;;;;;;;;960;;;;;;0;;80;;;;;;;;;;;;;;160;;;;;;;;;;;;;;;160;;;;;;;;;;;3360;;;;;;;80;;;;;5760;;;;;;;4240;;;;80;;;;;;;;;;;;0;;;;;;;;;2320;0;;;;;;;;;;240;;;;;;;;400;;320;;;;;;80;160;320;160;80;;;;;;;56794;;;;;1680;;240;;;;;;;;;
Université de Bordeaux-EPOC;SOMLIT - Bouée13;Arcachon - Bouée 13;SB13_20190510_1m;Yolanda DEL AMO;10/05/2019;7:4;1.0;0.0;250.0;PM;66.0;bottle;Niskin;8.0;;;;;;;;Comptage taxinomique phytoplancton;Laurence COSTES;30/07/2020;obscur, temperature amb;12.5;;25.0;;;;;;;;;;;;;;;;;;;;;;;;;80;;;;;;;;80;;;;240;;400;;;;;;;;;;;;;160;;;;;;;;;;;160;;137494;;;;;;2320;;;;;;;;;;;;;;;;320;;;;80;1200;;;;;;;80;;;;;;;;;;;;4080;;;;960;;1680;;80;;;;;;;;;;;;;;720;;;;;;;;1360;;;;;160;;160;;;;;;;;;320;;3840;;;;;;;320;;;;;440;80;;;;;;80;;;;80;;;;;;;;;640;480;;1760;;;;;;;;;;;;;;;;;;;;;;;;;;;;3440;;560;;;;;80;240;160;4240;;240;;;;;;;185318;;;;;1380;;160;;;;;;;;;
Université de Bordeaux-EPOC;SOMLIT - Bouée13;Arcachon - Bouée 13;SB13_20190525_1m;Yolanda DEL AMO;25/05/2019;6:47;1.0;0.0;250.0;PM;57.0;bottle;Niskin;8.0;;;;;;;;Comptage taxinomique phytoplancton;Laurence COSTES;19/06/2019;obscur, temperature amb;10.0;;10.0;;;;;;;;;;;;;;;;;200;;;;;;;;;;;;;;;;1900;;;;940;;1100;;;;;;;200;;;400;;500;700;;1000;;;;;;;;;;;11208;;600;;;;200;;;;;;;;;;;;;;;;600;;;;;1000;;;;;;;;;;;;;;;;;;;400;;;;;;;;100;;;;;;;;;;;;;;5500;;;;;;;;;;;;;;;;;;;;;;;;;;;;;;;;;200;;;;;;;;;;;;200;;;;;400;;;;;;;;;1300;;400;;;;;;;;;;;100;;;900;;;;;;;;;;;;;;;;;;;;;;;;200;200;;;;;;100;;18680;;;;;;;;;;;;;;;;
Université de Bordeaux-EPOC;SOMLIT - Bouée13;Arcachon - Bouée 13;SB13_20190611_1m;Yolanda DEL AMO;11/06/2019;10:5;1.0;0.0;250.0;PM;58.0;bottle;Niskin;8.0;;;;;;;;Comptage taxinomique phytoplancton;Laurence COSTES;17/06/2019;obscur, temperature amb;10.0;;10.0;;;;;;;;;;;;;;;;;;;;;;;;;;;;;;;;;100;;;;;;;;;400;;;;;;;;;;;;2500;;;;;;;;;800;;74720;;200;;;;400;;;;;;;;600;;;;;;;;300;;;;;1200;;;;;;;400;;;;;;;;;;;;1500;;;;700;;;;;;;;;;;;;;;;;;2700;;;;100;;;;;;;;;400;;;;;;;;;;;;;;;;;;;;400;;;;;;;;;;;;500;;;;;;;;;500;;;;;5100;;;;;;;;;;;;700;100;;;;;;;;;;;;;;;;;;;1736;;;;;;;;400;100;;;;;;;;3736;;;;;;;;;;;;;;;;
Université de Bordeaux-EPOC;SOMLIT - Bouée13;Arcachon - Bouée 13;SB13_20190710_1m;Yolanda DEL AMO;10/07/2019;9:54;1.0;0.0;250.0;PM;60.0;bottle;Niskin;8.0;;;;;;;;Comptage taxinomique phytoplancton;Laurence COSTES;12/07/2019;obscur, temperature amb;10.0;;10.0;;;;;;;;;;;;;;;;;;;;;;;;;;;;;;;;;100;;;;700;;;;;;;;;;;;;;;;;29888;;;;;;;;;100;;26150;;2700;;;;400;;;;;;;;400;;;;;;;;;;;;;400;;;;;;;;;;;;;;200;;;;;700;;;;;;1000;;;;;;;;;;;;;;;;1200;;600;;;;;;;;;;;;;;;;;;;;;;;;300;;;;;;;200;;;;;;;;;;;;;;;;;;;;;100;;;;;700;;300;;200;;;;;;;;;100;;;;;400;;;;;;;1600;;;;;2200;;;;;;;;100;;;;;;;;;;;18680;;;;;;;300;11208;;;;;;;;
Université de Bordeaux-EPOC;SOMLIT - Bouée13;Arcachon - Bouée 13;SB13_20190723_1m;Yolanda DEL AMO;23/07/2019;6:52;1.0;0.0;250.0;PM;64.0;bottle;Niskin;8.0;;;;;;;;Comptage taxinomique phytoplancton;Laurence COSTES;01/07/2020;obscur, temperature amb;12.5;;25.0;;;;;;;;;;;;;;;;;;;;;;;;;;;;;;;;;;;;;;;80;;;;;;;;;;;;;;;;160;;;;;;;;160;;26901;;800;;;;160;;;;;;;;;;;;;;;;;;;;;480;;;;;;;160;;;;;;;400;;;;;;;;;960;;2960;;;;;;;;;;;;;;;;;;;;;;;;;;;;;;;;;;;;80;;;;160;;;;;;;;;560;;;;;;;;;;;;160;;;;;;;;;;;;;;240;;240;;;;;;;;;;400;80;;;;;;;;;;;;;;;;;;;2160;;;;;;80;;;;;;;;;;;131516;;;;;1760;;160;;;;;;;;;
Université de Bordeaux-EPOC;SOMLIT - Bouée13;Arcachon - Bouée 13;SB13_20190822_1m;Yolanda DEL AMO;22/08/2019;7:28;1.0;0.0;250.0;PM;58.0;bottle;Niskin;8.0;;;;;;;;Comptage taxinomique phytoplancton;Laurence COSTES;02/07/2020;obscur, temperature amb;12.5;;25.0;;;;;;;;960;;;;;;;;;;;;;;;;;;;;;;;;;;;;;;;;;;;;;;;;;;;;;;;;;;;;;;;240;;77714;;2000;;;;720;;;;;;;;320;;;;;;;;;;;;;2160;;;;;;;160;;;;;;;4080;;;;;400;;160;;1920;;1840;;;;;;320;;;;;;;;;;960;;;;;960;;;1200;;;;;;;320;;;;;;;;;80;;4960;;;;480;;;320;;;;;;;;;;;;;;;;;;;;;240;;;;;1440;;720;;;;;;;;;;;240;;;;;;;;;;;;;;;;;240;;2000;;;;;;;;80;;;;;;;;;146461;;;;;1360;;;212219;;;;;;;;
Université de Bordeaux-EPOC;SOMLIT - Bouée13;Arcachon - Bouée 13;SB13_20190906_1m;Yolanda DEL AMO;06/09/2019;8:48;1.0;0.0;250.0;PM;54.0;bottle;Niskin;8.0;;;;;;;;Comptage taxinomique phytoplancton;Laurence COSTES;03/07/2020;obscur, temperature amb;12.5;;25.0;;;;;;;;960;;;;;240;;;;320;;;;;;;;;;;;;;;;;;;;480;;;;;;;;;;;;;;;320;;;80;;;;;;;;240;;62769;;5680;;;;1680;;;;;;;;400;;;;;;;;;;;;;800;;;;;;;240;;;;;;;2400;;;;;1120;;;;1360;;1040;;;;;80;;;;;;;;;80;;2880;;;;;1360;;;80;;;;;;;;;;;;;;;;;;320;;;;;1120;;340;;;;;560;;;;;;;160;;;;;;;;;80;;;;;1520;;1840;;;;;;;;;;160;80;;;;;;;;;;;;;;;;;1040;;1040;;;80;;;;80;240;80;;;;;;;;89670;;;;;480;;480;140483;;;;;;;;
Université de Bordeaux-EPOC;SOMLIT - Bouée13;Arcachon - Bouée 13;SB13_20190919_1m;Yolanda DEL AMO;19/09/2019;5:51;1.0;0.0;250.0;PM;72.0;bottle;Niskin;8.0;;;;;;;;Comptage taxinomique phytoplancton;Laurence COSTES;08/07/2020;obscur, temperature amb;12.5;;25.0;;;;;;;;400;;;;;;;;;;;;;;;;;;;;;;;;;;;;;1200;;;;;;;;;;;;;;;1680;;;;;;;;;;;;;11956;;1440;;;;9520;;;;;;;;160;;;;;;;160;;80;;;;560;;;;;;;160;;;;;;;1360;;;;;1280;;;;960;;1360;;160;;;160;;;;;;;;;160;;8880;;1200;;;;;;;;;;;;;;;;;;;;;;320;;;;;;;;;160;;;;;;;;;;;;;;;;;80;;;;;;;;;400;;1840;;;;;;;;;160;;80;;;;;;;;;320;;;480;;;;;1440;;480;;;;;;;160;;;;;;;;;;176851;;;;;140;;80;152439;;;;;;;;
Université de Bordeaux-EPOC;SOMLIT - Bouée13;Arcachon - Bouée 13;SB13_20191021_1m;Yolanda DEL AMO;21/10/2019;8:28;1.0;0.0;250.0;PM;45.0;bottle;Niskin;8.0;;;;;;;;Comptage taxinomique phytoplancton;Laurence COSTES;22/10/2019;obscur, temperature amb;12.5;;25.0;;;;;80;;;;;;;;;;;;;;;;;;;;;;;;;;;;;;;;;;880;;;;;;;;;;;;;;;320;;;;;;;;;400;;32879;;400;;;;;;;;;;80;;80;;;;;;;;;;;;;80;;;;;;;;;;;;;;;;;;;320;;;;1840;;320;;;;;;;;;;;;;;;;;;;;;320;;;;;;;;;;;;;;;;;;;;;16000;;;;;;;80;;;;;400;;;;;;;;;;;;;;;;;;;;;160;;240;;;;;;;;;;;;;;;;;;;;;;;1520;;;;;400;;160;;;;;;;;80;;;;;;;;;56791;;;;;;;80;38857;;;;;;;;
Université de Bordeaux-EPOC;SOMLIT - Bouée13;Arcachon - Bouée 13;SB13_20191121_1m;Yolanda DEL AMO;21/11/2019;8:15;1.0;0.0;250.0;PM;52.0;bottle;Niskin;8.0;;;;;;;;Comptage taxinomique phytoplancton;Laurence COSTES;09/07/2020;obscur, temperature amb;12.5;;25.0;;;;;;;;;;;;;;;;;480;;;;;;;;;;;;;;;;;;;;;;;;;;;;;;;;;;;80;;;;;;;;;;;;;38857;;560;;;;160;;;;;;;;400;;;;;;;;;;;;;1360;;320;;;;;;;;;;;;;;;;;;;;;880;;360;;;;;240;;;;;;;;;;;;;;;;;;;640;;80;;;;;;;;;;;;;;;;1200;;;;;1040;;;;;;;;;;;;;;;;;;;;;;;;;;;;8160;;1760;;;;;;;;;240;;;;;;;;;;;;;;1760;;;;;400;;880;;;;;;;;;;;;;;;;;35868;;;;;800;;480;92659;;;;;;1920;;
Université de Bordeaux-EPOC;SOMLIT - Bouée13;Arcachon - Bouée 13;SB13_20191219_1m;Yolanda DEL AMO;19/12/2019;0:0;1.0;0.0;250.0;PM;56.0;bottle;Niskin;8.0;;;;;;;;Comptage taxinomique phytoplancton;Laurence COSTES;23/07/2020;obscur, temperature amb;12.5;;25.0;;;;;;;;720;;;;;;;;;;;;;;;;;;;;;;;;;;;;;;;;;;;;;;;;;;;;;;;;;;;;;;;80;;5978;;240;;;;160;;;;;960;;;240;;;;;;;;;;;;;0;;;;1040;;;80;;;;;;;;;;;;;;;;880;;;;80;;;;;;;;;;;;;;;;;;;;;;1440;;;;;;;;;;;;;;;;;;2720;;;;;;;1120;;;;;;;;;;;;80;;;;;;;;;;;;;;1040;;880;;;;;;;;;;;80;;;;;;;;;;;;;;;;;1600;;880;;;80;;;;;;;;;;;;;;38857;;;;;720;;320;26901;;;;;;;;
Université de Bordeaux-EPOC;SOMLIT - Bouée13;Arcachon - Bouée 13;SB13_20200117_1m;Yolanda DEL AMO;17/01/2020;8:50;1.0;0.0;250.0;PM;69.0;bottle;Niskin;8.0;;;;;;;;Comptage taxinomique phytoplancton;Laurence COSTES;08/10/2020;obscur, temperature amb;12.5;;25.0;;;;;;;;;;;;;;;;;160;;;;;;;;;;;;;160;;;640;;;;160;;;;;;;160;;;;;;;;;;240;;;;;;;;;80;;20923;;240;;;;160;;;;;;;;;;;;;;;;;;;;;;;;;;;480;80;;;;;;;;;;;;;;;;1040;;320;;;;;;;;;;;;;;;;240;;160;;;;;;160;;;;;;;160;;;;;;;;;;;1440;;;;;;;80;;;;;;;;;;;;;;;;;;;;;;;;;;160;;320;2989;;;;;;160;;;;240;;;;;;;;;;;;;;;;;960;;;;;80;;;;240;80;;;;;;;;;29890;;;;160;1040;;80;;;17934;;;;;14945;
Université de Bordeaux-EPOC;SOMLIT - Bouée13;Arcachon - Bouée 13;SB13_20200131_1m;Yolanda DEL AMO;31/01/2020;7:35;1.0;0.0;250.0;PM;58.0;bottle;Niskin;8.0;;;;;;;;Comptage taxinomique phytoplancton;Laurence COSTES;24/11/2020;obscur, temperature amb;12.5;;25.0;;;;;;;;;;;;;;;;;160;;;;;;;;;;;;;;;;;;;;;;;;;;;;;;;;;;;;;720;;;;;;320;;;320;;11956;;80;;;;;;;;;;;;160;;;;;;;;;;;;;;;;;;;2080;240;;;;;;;;;;;;;;;;1360;;320;;;160;;;;;;;;;;;160;;;;;;;;;;5520;;;;;;;;;;;;;;;;;;240;;;;3200;;;320;;;;;;;;;;;;;;;;160;;;;;;;;;;240;;160;;;;;;;;;;;80;;160;;;;;;;;;;240;;;;;480;;400;;;240;;;;80;;;;;;;;;;32879;;;;;720;;;;;17934;;;;;;
Université de Bordeaux-EPOC;SOMLIT - Bouée13;Arcachon - Bouée 13;SB13_20200217_1m;Yolanda DEL AMO;17/02/2020;11:1;1.0;0.0;250.0;PM;47.0;bottle;Niskin;8.0;;;;;;;;Comptage taxinomique phytoplancton;Laurence COSTES;15/12/2020;obscur, temperature amb;12.5;;25.0;;;;;3120;;;;;;;;;;;;;;;;;;;;;;;;240;;;;;;;;1040;;;;;;;;;;;;;;;800;;1040;80;;;;;;;;80;;8967;;320;;;;;;;;;;;;240;;;;;;;;;;;;;;;;;;;;;;;;;;;;;;;2560;880;;;;160;;320;;;;;;;;;;;;;;;;880;;;;;320;;;5040;;;;;;;;;;;;;;;;;;3600;;;;;;;1040;;;;;;;;;;;;;;;;;;;;;;;;;;640;;480;;;;;;;;;;1680;;;;;;;;;;;;;;;;;;1040;;;80;;320;;;;;;;;;;;;;;11956;;;;;240;;;2989;;14945;;;;;;
Université de Bordeaux-EPOC;SOMLIT - Bouée13;Arcachon - Bouée 13;SB13_20200228_1m;Yolanda DEL AMO;28/02/2020;6:35;1.0;0.0;250.0;PM;75.0;bottle;Niskin;8.0;;;;;;;;Comptage taxinomique phytoplancton;Laurence COSTES;25/11/2020;obscur, temperature amb;12.5;;25.0;;;;;;;;;;;;;;;;;;;;;;;;;;;;;160;;;;;;;;;;;;;;;;;;;;;;;;;880;;;;;;160;;;160;;17934;;240;;;;160;;;;;;;;;;;;;;;;;;;;;;;;;80;;640;80;;;;;;;1120;;;;;;;;;1200;;;;;;;;;;;;;;;;;;;;;;;;;;7200;;;;;;;;;;;;;;;;;;4800;;;;8240;;;400;;;;;1120;80;;;;;;;;;;;;;;;80;;;;;160;;400;;;;;;;;;;;;;;;;;;;;;;;;;;;;720;;160;;;80;;;;160;;;;;;;;;;65758;;;;;1840;;80;2989;;8967;;;;;;640
Université de Bordeaux-EPOC;SOMLIT - Bouée13;Arcachon - Bouée 13;SB13_20200529_1m;Yolanda DEL AMO;29/05/2020;8:5;1.0;0.0;250.0;PM;54.0;bottle;Niskin;8.0;;;;;;;;Comptage taxinomique phytoplancton;Laurence COSTES;26/11/2020;obscur, temperature amb;12.5;;25.0;;;;;;;;;;;;;;;;;;;;;;;;;;;;;;;;;;;;;;;1120;;;;;;;;;;;;;8480;;1760;;;;;;;;;;;74725;;800;;;;1040;;;;;;;;;;;;;;;;;;;;1040;;;;;;;;;;;;;;;;;;;720;160;;;;1360;;;;;;;;;;;;;;;;;;23600;;160;;;;;;400;;160;;;;;;;;;;;;;;;;;;;;1200;;;160;;;;;;;;;;;;;;;;;560;;;;;;;;;3360;;3840;98737;;;;;;;;320;160;160;;160;;;;;;;;;;;;;;;2000;;320;;;;;;;;;;;;;;;;;35868;;;;;1120;;;62769;;;;;;;;1120
Université de Bordeaux-EPOC;SOMLIT - Bouée13;Arcachon - Bouée 13;SB13_20200611_1m;Yolanda DEL AMO;11/06/2020;7:22;1.0;0.0;250.0;PM;69.0;bottle;Niskin;8.0;;;;;;;;Comptage taxinomique phytoplancton;Laurence COSTES;01/12/2020;obscur, temperature amb;12.5;;25.0;;;;;;;;2800;;;;;;;;;;;;;;;;;;;;;;;;;160;;;;520;;;;;;;;;;;;;;;;;1760;;;;;;;;;80;;17336;;3760;;;;160;;;;;;;;320;;;;;;;;;;;;;;80;;;;;1040;;;;;;;;;;;;;160;;;;;;1360;;;;;;;;;;;;;;;;3040;;;;;;;;1600;;;;;;;;;;;;;;;80;;;;;;;480;;;160;;;;;;;;;;;;240;;;;;;;;;320;;;;;1040;;480;2989;;;;;;;;1200;320;880;;;;;;;;;;;;;;;;;320;;;;;;;;;;;;;;;;;;;47824;;;;;4480;;;5978;;92659;;;;;;160
Université de Bordeaux-EPOC;SOMLIT - Bouée13;Arcachon - Bouée 13;SB13_20200626_1m;Yolanda DEL AMO;26/06/2020;7:13;1.0;0.0;250.0;PM;69.0;bottle;Niskin;8.0;;;;;;;;Comptage taxinomique phytoplancton;Laurence COSTES;03/12/2020;obscur, temperature amb;12.5;;25.0;;;;;;;;560;;;;;;;;;;;;;;;;;;;;;;;;;;;;;;;1280;;;;;;;;;;;;;;;240;;;;;;;;;80;;68747;;1680;;;;1440;;;;;;;160;;;;;;;;;;;;;;;;;;;;;;;;;;;;;;;;;1200;;;;1280;;240;;;;;;;;;;;;;;;;1440;;560;;;;;;1440;;;;;;;;;;;;;;;;;;;;;;400;;;80;;;;;;;;;;;;;;;;;;;;;;;;;;1040;;2960;;;;;;;;;1760;;400;;;;;;;;;;;;;;;;;;;;240;;80;;;;;;;;;;;;;;29890;;;;;400;;160;;;59780;;;;;;1200
Université de Bordeaux-EPOC;SOMLIT - Bouée13;Arcachon - Bouée 13;SB13_20200710_1m;Yolanda DEL AMO;10/07/2020;7:18;1.0;0.0;250.0;PM;66.0;bottle;Niskin;8.0;;;;;;;;Comptage taxinomique phytoplancton;Laurence COSTES;04/12/2020;obscur, temperature amb;12.5;;25.0;;;;;;;;240;;;;;;;;;;;;;;;;;80;;;;;;;;;;;;;;;;;;240;;;;;;;;;15360;;1840;;;;;;320;;;80;;44835;;2960;;;;80;;;;;;;;1360;;;;;;;160;;;;;;;;;;;;2800;;;;;;;;;;;;;560;;;;1360;;160;;;1440;;;;;;;;;;;160;;27520;;1200;;;;;;1440;;720;;;;;;;;;;;;;;;;;;;;;;;160;;;;;;;;;;;;;;;;;80;;;;;;;;;4560;;2480;5978;;;;;;;;880;;240;;;;;;;;;;;;320;;;;;640;;160;80;;80;;;;;;;;;;;;;;41846;;;;;;;;;;29890;;;;;;720
Université de Bordeaux-EPOC;SOMLIT - Bouée13;Arcachon - Bouée 13;SB13_20200727_1m;Yolanda DEL AMO;27/07/2020;9:10;1.0;0.0;250.0;PM;68.0;bottle;Niskin;8.0;;;;;;;;Comptage taxinomique phytoplancton;Laurence COSTES;16/12/2020;obscur, temperature amb;12.5;;25.0;;;;;;;;2800;;;;;;;;;;;;;;;;;;;;;;;;;;;;;;;2400;;;;6320;;;;;;;;;;;4000;;;;;;;;;;;44835;;1440;;;;160;;;;;;;;880;;;;;;;;;;;;;;;;;;;1280;;;;;;;;;;;;;;;;;3200;;480;;;80;;;;;;;;;;;;;9440;;720;;;;;;480;;;;;;;160;;;;;;;;;;;;;;;160;;;160;;;160;;;;;;;;;80;;;;800;;320;;;;;;;;4400;;1200;11956;;;;;;;;160;;;;;;;;;;;;;;;;;;;80;;;560;;;;;;80;80;;;;;;;;;68777;;;;;800;;;2989;;197274;;;;;;560
Université de Bordeaux-EPOC;SOMLIT - Bouée13;Arcachon - Bouée 13;SB13_20200826_1m;Yolanda DEL AMO;26/08/2020;9:31;1.0;0.0;250.0;PM;56.0;bottle;Niskin;8.0;;;;;;;;Comptage taxinomique phytoplancton;Laurence COSTES;17/12/2020;obscur, temperature amb;12.5;;25.0;;;;;;;;160;;;;;;;;;;;;;;;;;;;;;;;;;960;;;;;;;;;;;240;;;;;;;;;;160;;;;;;;;;80;;8967;;400;;;;560;;;;;;;;80;;;;;;;;;;;;;;;;;;;240;;;;;;;;;;;;;;;;;1200;;80;;160;;;;;;;;;;;;;;;;;;;560;;;;;;;;;;;;;;;;;;;;;;;;;;1200;;;;;;;;;;;;;;;;;;;;;;;;;;;;20400;;800;;;;;;;;;;;;;;;;;;;;;;;;;;;;160;;;640;;;;;;;;;;;;;;;;5978;;;;;1200;;240;;;23912;;;;160;;
Université de Bordeaux-EPOC;SOMLIT - Bouée13;Arcachon - Bouée 13;SB13_20200908_1m;Yolanda DEL AMO;08/09/2020;6:48;1.0;0.0;250.0;PM;61.0;bottle;Niskin;8.0;;;;;;;;Comptage taxinomique phytoplancton;Laurence COSTES;09/09/2020;obscur, temperature amb;12.5;;25.0;;;;;;160;;;;;;;;;;;;;;;;;;;;;;;;;;;;;;;;;240;;;;;;;;;;;;;;;;;;;;;;;;320;;224175;;4640;;;;;;;;;;;;400;;;;;;;;;;;;;;;;;;;;;;;;;;;560;;;;;;;;;2640;;1600;;;;;;;;;;;;;;;;320;;;;;480;;;2240;;;;;;;;;;;;;;;;;;2960;;;;;1360;;240;;;;;;;;;;;;240;;;;;;400;;;;;;;;3280;;560;;;;;;;;;;;;;;;;;;;;;;;640;;;;;480;;2320;;;160;;;;;;;;;;;;;;200263;;;;;320;;;;;92659;;;;;;
Université de Bordeaux-EPOC;SOMLIT - Bouée13;Arcachon - Bouée 13;SB13_20200924_1m;Yolanda DEL AMO;24/09/2020;8:32;1.0;0.0;250.0;PM;52.0;bottle;Niskin;8.0;;;;;;;;Comptage taxinomique phytoplancton;Laurence COSTES;30/09/2020;obscur, temperature amb;12.5;;25.0;;;;;;;;;;;;;;;;;;;;;;;;;;;;;;;;;;;;;80;;400;;;;;;;;;;;;;2960;;;;;;;;160;;;;;110593;;1200;;;;560;;;;;;;;1040;;;;;;;;;;;;;;;;;;;960;;;;;;;;;;;;240;2320;;;;1120;;560;80;;;;;;;;;;;;;640;;12800;;800;;;320;;;240;;;;;;;;;;;;;;;;;;;;;;;1040;;;;;;;;320;;;;;;80;;;;880;;;;;;;;;;28400;;6800;17934;;;;;;;;;;240;;;880;380;;;;;;;;320;;;;;560;;1040;;;;;;80;;80;;;;;;;;;110593;1600;;;;1920;;400;23912;;143472;5978;;;80;;
Université de Bordeaux-EPOC;SOMLIT - Bouée13;Arcachon - Bouée 13;SB13_20201008_1m;Yolanda DEL AMO;08/10/2020;6:56;1.0;0.0;250.0;PM;54.0;bottle;Niskin;8.0;;;;;;;;Comptage taxinomique phytoplancton;Laurence COSTES;14/10/2020;obscur, temperature amb;12.5;;25.0;;;;;;;;;;;;;;;;;;;;;;;;;;;;;;;;;;;;;;;;;;;;;;;;;;480;;80;;1200;;;;;;;;;80;;77714;;1280;;;;;;;;;;;;1200;;;;;;;;;;;;;;;;;160;;2000;160;;;;;;;;;;;720;;;;;1120;;640;;80;;;;;;;;;;;;;;2480;;;;;440;;;800;;;;;;;;;;;;;;;;;;2000;;;;;3040;;80;;;;;;;;;;;;320;;;;;;;;;;;;;;4400;;1920;2989;;;;;;;;240;;160;;;;480;;;;;;;;;;;;;720;;80;;;160;;;;80;;;;;;;;;;68747;1520;;;;5978;;;;;107604;;;;400;;
Université de Bordeaux-EPOC;SOMLIT - Bouée13;Arcachon - Bouée 13;SB13_20201022_1m;Yolanda DEL AMO;22/10/2020;7:25;1.0;0.0;250.0;PM;66.0;bottle;Niskin;8.0;;;;;;;;Comptage taxinomique phytoplancton;Laurence COSTES;04/11/2020;obscur, temperature amb;12.5;;25.0;;;;;;;;1040;;;;;;;;;;;;;;;;;;;;;80;;;;80;;;640;80;;;;;;;6160;;;;;;;;1680;;960;80;;;;;;;;160;;26901;;880;;;;;;;;;;;;1520;;;;;;;;;;;;;;;;;240;;2000;;;;;;;;;;;;320;;;;;1120;;240;;240;;;;;;;;;;;;;;320;;;;;;;;1840;;;;;80;;;;;;;;;;;;;3120;;;;;1720;;320;;;;;;;;;;;;;;;;320;;;;;;;;;;880;;2400;2989;80;;;;;;;1120;;320;;;;;;;;;;;;320;;;;4400;720;;480;;;;;;;160;80;80;;;;;;;;38257;;;;;640;;240;;;17934;;;;160;;
Université de Bordeaux-EPOC;SOMLIT - Bouée13;Arcachon - Bouée 13;SB13_20201110_1m;Yolanda DEL AMO;10/11/2020;11:17;1.0;0.0;250.0;PM;42.0;bottle;Niskin;8.0;;;;;;;;Comptage taxinomique phytoplancton;Laurence COSTES;19/11/2020;obscur, temperature amb;12.5;;25.0;;;;;;160;;2000;;;;;;;;;2640;;;;;;;;;;;;;;;;160;;;;480;;;;;;;1040;;;;;;;;480;;1920;;;;;;;;;320;;140483;;;;;;240;;;;;;;;560;;;;;;;;;;;;;;;;;160;;1840;;;;;;;;;;;;1780;;;;;1600;;2080;;80;;;;;;;;;;;;;;1840;;;;;240;;;;;160;;;;;;;;;;;;;;;;160;;;;;960;;640;;;;;;;;;;;;;;;;160;;;;;;;;;;160;;1360;;;;;;;;;;;;;80;;;;;;;;;;1630;;;;480;1280;;240;;;;;;;;;;;;;;;;;62769;1840;;;;2560;;;17934;;155428;;;;1360;;
Université de Bordeaux-EPOC;SOMLIT - Bouée13;Arcachon - Bouée 13;SB13_20201207_1m;Yolanda DEL AMO;07/12/2020;8:50;1.0;0.0;250.0;PM;51.0;bottle;Niskin;8.0;;;;;;;;Comptage taxinomique phytoplancton;Laurence COSTES;08/12/2020;obscur, temperature amb;12.5;;25.0;;;;;;80;;;;;;;;;;;;;;;;;;;;;;;;;;;;;;;160;;;;;;;;;;;;;;;240;;320;;;;;;;;;240;;35868;;80;;;;;;;;;;;;400;;;;;;80;;;;;;;;;;;80;;3200;;;;;;;;;;;;480;400;;;;560;;;;;;;;;;;;;;;;;;320;;;;;;;;;;80;;;;;;;;;;;;;;;;2560;;;;;3760;;;;;;;;;;;;;;80;;;;;;;;;;;;;;640;;960;;;;;;;;;160;;80;;;;;;;;;;;;1600;;;;240;560;;640;;;;;;;;;;;;;;;;;62769;480;;;;1040;;;;;32879;;;;880;;
Université de Bordeaux-EPOC;SOMLIT - Bouée13;Arcachon - Bouée 13;SB13_20201221_1m;Yolanda DEL AMO;21/12/2020;8:30;1.0;0.0;250.0;PM;51.0;bottle;Niskin;8.0;;;;;;;;Comptage taxinomique phytoplancton;Laurence COSTES;22/12/2020;obscur, temperature amb;12.5;;25.0;;;;;;;;80;;;;;;;;;880;;;;;;;;;;;;;80;;;;;;;;;;;;;;;;;;;;;;;;1040;320;;;;;;;;400;;107604;;560;;;;80;;;;;;;;800;;;;;;;;;;;;;;;160;;;;240;;;;;;;;;;;;;;;;;2240;;1280;;;;;;;;;;;;;;;;;;;;;;;;3040;;;;;;;80;;;;;;;;;240;;160;;;;;720;;160;;;;;;;;;;;;400;;;;80;;;;;;;;;;400;;160;;;;;;;;;;;;;;;;;;;;;;;640;;;;;1680;;;160;;;;;160;160;80;;;;;;;;;68747;;;;;640;;;29890;;38857;;;;560;;
Université de Bordeaux-EPOC;SOMLIT - Bouée13;Arcachon - Bouée 13;SB13_20210107_1m;Yolanda DEL AMO;07/01/2021;10:15;1.0;0.0;250.0;PM;56.0;bottle;Niskin;8.0;;;;;;;;Comptage taxinomique phytoplancton;Laurence COSTES;12/01/2021;obscur, temperature amb;12.5;;25.0;;;;;;80;;1920;;;160;;;;;;720;;;;;;;80;;;;;;;;;;;;;160;;;;;;;;;;;;;;;;;1040;;;;;;;;;640;;92659;4640;960;;;;;;;;;;;;;;;;;;;;;;;;;;;;;;;400;;;;;;;;1200;;;;80;;;;;1120;;1920;;;;;;;;;;;;;;160;;;;;;;;;;2240;;;;;;;;;;;;;;;;;;;;;;320;;;240;;80;;;;;;;;;;240;;;;;;;;;;;;;;880;;320;2989;;;;;;;;;;;;;;;;;;;;;;560;;;;;640;;160;480;;;;;80;80;;;;;;;;;;;;;;;1200;;80;;;56791;;;;640;;
Université de Bordeaux-EPOC;SOMLIT - Bouée13;Arcachon - Bouée 13;SB13_20210119_1m;Yolanda DEL AMO;19/01/2021;8:11;1.0;0.0;250.0;PM;60.0;bottle;Niskin;8.0;;;;;;;;Comptage taxinomique phytoplancton;Laurence COSTES;28/01/2021;obscur, temperature amb;25.0;;25.0;;;;;;;;;;;;;;;;;;;;;;;280;;;;;;80;;;;;;;;200;;;;;;;;;;;;;;40;200;;280;80;;;;;;;;80;;29890;;480;;;;;;;;;;;;40;;;;;;;;;;;;;;;40;;400;;1600;160;;2989;;;;;;;;;;160;;;;680;;200;;;;;;;;;;;;;;120;;360;;;;;;40;;7800;;;;;;;;;;;;;200;;;;;;;;;4160;;;320;;;;;;;;;;;;;;1120;;;;;;;;;;;;;;;2989;;;;;;;;;;;;;;;;;;;;;;240;;;;;1920;;800;80;;;;;;40;;;;;;;;;;;;;;;240;;120;;;5978;;;;240;;
Université de Bordeaux-EPOC;SOMLIT - Bouée13;Arcachon - Bouée 13;SB13_20210204_1m;Yolanda DEL AMO;04/02/2021;8:48;1.0;0.0;250.0;PM;68.0;bottle;Niskin;8.0;;;;;;;;Comptage taxinomique phytoplancton;Laurence COSTES;09/02/2021;obscur, temperature amb;12.5;;25.0;;;;;;;;2080;;;;;;;;;8800;;;;;;;;;;;;;;;;560;;;0;3760;;;;;;;;;;1040;;;80;;1920;;2720;;;;160;;320;;;80;;179340;;320;;;;;;;1120;;;;1440;;;;;;;;;;;;;;;;;;3760;;1760;;;;;;;;;;;;3520;320;;;;2400;;1840;;;;;;;;;;;;;;;;2560;;;;;;;;;;;;;;;80;;;;;;;;;80;;240;;;;5280;;;;;;;;;;;;;;;80;;;;;;800;;;;;;;;;;;;;;;;;;;;400;;;;;;;;;;;;;1280;;;;;1680;;80;560;;800;;;;320;160;;;;;;;;;;;;;;2400;;;;;20923;;;;160;;
Université de Bordeaux-EPOC;SOMLIT - Bouée13;Arcachon - Bouée 13;SB13_20210218_1m;Yolanda DEL AMO;18/02/2021;7:57;1.0;0.0;250.0;PM;57.0;bottle;Niskin;8.0;;;;;;;;Comptage taxinomique phytoplancton;Laurence COSTES;19/02/2021;obscur, temperature amb;12.5;;25.0;;;;;;;;;;;480;;;;;;160;;;;;;;;;;;;;;;;2720;;;;1520;;;;;;;;;;;;;160;160;3120;;3600;;;;;;;;;;;29816;;1120;;;;;;;;;;;;160;;;;;;80;160;;;;;;80;;;;3280;;640;;;;;;;;;;;;13200;1600;;;;2240;;2480;;80;;;;;;;;;;;;1920;;10720;;2720;;;;;;720;;;;;;;;;;;;;;;;400;;;;;;480;;;;;;;;;;;;;;;80;;;;160;;;;;;;;;;560;;4400;2989;;;;;;;;;3280;;;;;;;;;;;;;12160;880;;;320;;;80;880;;800;;;;400;;;;;;;;;;;;;;;720;;;;80;95648;;;;400;;
Université de Bordeaux-EPOC;SOMLIT - Bouée13;Arcachon - Bouée 13;SB13_20210305_1m;Yolanda DEL AMO;05/03/2021;8:25;1.0;0.0;250.0;PM;61.0;bottle;Niskin;8.0;;;;;;;;Comptage taxinomique phytoplancton;Laurence COSTES;09/03/2021;obscur, temperature amb;12.5;;25.0;;;;;;;;;;;;;;;;;;;;;;;;;;;;;;;;;2480;;;;480;;;;;;;;;;;;;;320;480;;520;160;;;;;;;;;;29890;;80;;;;;;;;;;;;;;;;;;80;;;;;;;;;;;400;;400;;;;;;;;;;;;21360;800;;;;560;;1600;;;;;;;;;;;;;;1200;;5380;;12800;;;;;;2240;;160;;;;;;;;;;;;;;400;;;;;;560;;;;;;;;;;;;;;;80;;;;160;400;;;;;;;;;15200;;;;;;;;;;;;7280;80;;;;;;;;;;;;8649;;;;;880;;160;160;;360;;;;;;;;;;;;;;;;;;;;;;5978;;44835;47824;;;;;
Université de Bordeaux-EPOC;SOMLIT - Bouée13;Arcachon - Bouée 13;SB13_20210319_1m;Yolanda DEL AMO;19/03/2021;7:18;1.0;0.0;250.0;PM;61.0;bottle;Niskin;8.0;;;;;;;;Comptage taxinomique phytoplancton;Laurence COSTES;23/03/2021;obscur, temperature amb;12.5;;25.0;;;;;;;;1360;;;;;;;;;;;;;;;;;;;;;;;;;;;;;;;;;;;;;;;;;;;;;160;1840;;80;;;;;;;;;;;2160;;;;;;;;;;;;80;;;;;;;;;;;;;;;;;1520;;;320;;;;;;;;;;;2640;160;;;;3040;;960;80;;;;;;;;;;;;;;;1680;;;;;;;;1280;;80;;;;;;;;;;;;;;240;;18640;;;;5920;;;1760;;;;;;;;;;;;;;;;;;80;;;;;;;;64320;;;;;;;;;;;;;;;;;;;;;;;;;;;;;;1680;;1680;640;;240;;;;;;;;;;;;;;;;;;;1600;;160;;;;;;;320;;
Université de Bordeaux-EPOC;SOMLIT - Bouée13;Arcachon - Bouée 13;SB13_20210423_1m;Yolanda DEL AMO;23/04/2021;1:9;1.0;0.0;250.0;PM;58.0;bottle;Niskin;8.0;;;;;;;;Comptage taxinomique phytoplancton;Laurence COSTES;29/04/2021;obscur, temperature amb;12.5;;25.0;;;;;;;;3920;;;;;;;;;3120;;;;;;;;;;;;;;;;;;;1040;240;;;;;;;2800;;;;;;400;;;240;1920;;80;;;;;;;80;;77714;;720;;;;4800;;;;;;;;;;;;;;;;;;;;;;;;;80;;;;;2989;;;;;;;;;3040;1840;;;;1280;;1040;800;;;;;;;;;;;;;;;12640;;1040;;;80;;;800;;;;;;;;;;;;;;;;400;;2240;1400;;;640;;;400;;;;;;;;;;;;;;;;;880;;;;;;;;;;;;11950;;;;;;;;240;2480;;;;;;;;;;;;;1040;;;;;;;8400;480;;;;;;;80;;;;;;;;;;;;;;240;;;5978;;53802;5975;;;;;
Université de Bordeaux-EPOC;SOMLIT - Bouée13;Arcachon - Bouée 13;SB13_20210503_1m;Yolanda DEL AMO;03/05/2021;9:10;1.0;0.0;250.0;PM;53.0;bottle;Niskin;8.0;;;;;;;;Comptage taxinomique phytoplancton;Laurence COSTES;26/06/2021;obscur, temperature amb;12.5;;25.0;;;;;;;;2880;;;;;;;;;640;;;;;;;;;;;;;;;;1920;;;;160;;;;;;;1360;;;;;;6080;160;;;1040;;;;;;;;;;;38857;;80;;;;8240;;;;;;;;;;;;;;160;;;;;;;;;;;;;;;;;;;;;;;;;1200;1600;;;;800;;1920;;;;;;;;;;;;;;1600;;12880;;;;;;;;;;480;;;;;;;;;;;;;;;;1360;48200;;;;;;1040;;;;;240;240;;;;;;;;;;80;80;;;;400;;;;;720;;242;;;;;;;;;;1200;560;;2720;320;;;;;;;;;1440;;;;;480;;;;;;;;;80;720;;;;;;;;;;;;;;160;;80;;;20923;;;;;;
Université de Bordeaux-EPOC;SOMLIT - Bouée13;Arcachon - Bouée 13;SB13_20210517_1m;Yolanda DEL AMO;17/05/2021;7:8;1.0;0.0;250.0;PM;56.0;bottle;Niskin;8.0;;;;;;;;Comptage taxinomique phytoplancton;Laurence COSTES;17/06/2021;obscur, temperature amb;5.0;;10.0;;;;;;;;;;;;;;;;;2200;;;;;;;;;400;;;;;;;;;;;600;;800;;;;;1800;;;;2000;400;;400;3800;;1800;;;;;;;;;;;44832;;400;;;;2000;;;;;;;;;;;;;;;;;;;;;;;;;;;;;;;;1600;;;;;;;1000;;;;;600;;1200;;;;;;;;;;;;;;;;41800;;32200;;;;;;800;;;;;;;;;;;;;;;;;;8400;;;;;;;;;;;;;;;;;;;;;;;200;;;;;;;;;;1200;;15200;7472;;;;;;;;;200;;;3200;1600;;;;;;;;;1200;;;;;600;;;;;;;;;1000;800;;;;;;;;;;;;400;;200;;;;;67248;;;;;;
Université de Bordeaux-EPOC;SOMLIT - Bouée13;Arcachon - Bouée 13;SB13_20210615_1m;Yolanda DEL AMO;15/06/2021;6:51;1.0;0.0;250.0;PM;63.0;bottle;Niskin;8.0;;;;;;;;Comptage taxinomique phytoplancton;Laurence COSTES;22/06/2021;obscur, temperature amb;12.5;;25.0;;;;;160;;;2160;;;;;;;;;240;;;;;;;;;;;;;;;;;;;;240;;360;;;;;;;;;;;80;960;;;800;;;;;;;;;;;56791;;720;;;;560;;;;;;;;;;;;;;;;;;;;;;;;;;;;;;;;;;;;;;;;240;;;;400;;1120;;;;;;;;;;;;;;;;3200;;1360;;;;;;;;;;;;;;;;560;;;;;;;;2960;;;;;;;80;;;;;;;;;;;;;;;;160;80;;;;;;;;;1120;;1760;5978;;;;;;;;640;160;;;;1280;;;;;;;;;1040;;;;;160;;;;;80;;;;;80;;;;;;;;;;;;880;;960;;320;8967;;122549;;;;;;
Université de Bordeaux-EPOC;SOMLIT - Bouée13;Arcachon - Bouée 13;SB13_20210630_1m;Yolanda DEL AMO;30/06/2021;7:51;1.0;0.0;250.0;PM;53.0;bottle;Niskin;8.0;;;;;;;;Comptage taxinomique phytoplancton;Laurence COSTES;02/09/2021;obscur, temperature amb;12.5;;25.0;;;;;643;;;80;;;;;;;;;;;;;;;;;;;;;;;;;;;;;;;320;;;;;;;;;;;;;;1120;1200;;;;;;160;;;;;47824;;320;;;;160;;;;;;;;160;;;;;;;;;;;;;;;;;;;240;160;;;;;;;;;;;;480;;;;480;;1920;;;;;;;;;;;;;;;;3440;;;;;80;;;560;;;;;;;;;;;;;;;;;;800;;;;;;;;;;;;;;;;;;;;;;;;;;;;80;;;;;160;;1040;;;;;;;;;;;;;;;;;;;;;;;;;;;;160;;;560;;;;;;;;;;;;;;;;;;;;;240;;;;;65758;;;;;;
Université de Bordeaux-EPOC;SOMLIT - Bouée13;Arcachon - Bouée 13;SB13_20210717_1m;Yolanda DEL AMO;17/07/2021;11:10;1.0;0.0;250.0;PM;55.0;bottle;Niskin;8.0;;;;;;;;Comptage taxinomique phytoplancton;Laurence COSTES;09/09/2021;obscur, temperature amb;12.5;;25.0;;;;;;;;80;;;;;;;;;;;;;;;;;;;;;;;;;;;;;;;1840;;;;;400;;;;;;720;;;;6240;80;;;;;;;;;;14945;;240;;;;80;;;;;;;;320;;;;;;;;640;;;;;;;;;240;;160;240;;;;;;;;;;;;160;;;;480;;480;;;;1200;;;;;;;;;;;;18720;;19520;;;;;;;;;;;;;;;;;;;;80;;240;;;;;;;;;80;;;;;;;;;;;;;;;;;;;;;;;;;;320;;320;2989;;;;;;;;;;;;;400;;;;;;;;;;;;;;320;;80;;;;;;;;;400;;;;;;;;;;;;;1040;;80;;;119560;;;;;;
Université de Bordeaux-EPOC;SOMLIT - Bouée13;Arcachon - Bouée 13;SB13_20210730_1m;Yolanda DEL AMO;30/07/2021;7:58;1.0;0.0;250.0;PM;61.0;bottle;Niskin;8.0;;;;;;;;Comptage taxinomique phytoplancton;Laurence COSTES;14/09/2021;obscur, temperature amb;12.5;;25.0;;;;;;;;240;;;;;;;;;;;;;;;;;;;;;;;;;;;;;160;;;;;;;;;;;;;400;;240;160;1280;;;;;;;;;;;50813;;720;;;;;;;;;;;;80;;;;;;;;160;;;;;;;;;;;;240;;5978;;;;;;;;;;;;;;;;960;;;;160;;;;;;;;;;;;3440;320;7760;;;;;;;;;;;;;;;;;;;;;;80;;;;;;;320;;160;;;;;;;;;;;;;;;;;80;;;;;;;;;880;;560;;;;;;;;;;;;;;;;;;4800;;;;;;;;;;80;;80;80;;;;;;;;80;;;;;;;;;;;;;560;;320;;;119560;;;;;;
Université de Bordeaux-EPOC;SOMLIT - Bouée13;Arcachon - Bouée 13;SB13_20210816_1m;Yolanda DEL AMO;16/08/2021;9:35;1.0;0.0;250.0;PM;55.0;bottle;Niskin;8.0;;;;;;;;Comptage taxinomique phytoplancton;Laurence COSTES;15/09/2021;obscur, temperature amb;12.5;;25.0;;;;;;;;800;;;;;;;;;960;;;;;;;;;;;;;;;;;;;;80;;;;;;;400;;;;;;1200;;720;;2800;;400;;;;;;;80;;44835;560;240;;;;;;;;;;;;400;;;80;;;;;320;;;;;;;;;;;;;;;;;;;;;;;;;;;;560;;880;;;;;;;;;;;;;;;;800;;2080;;;3440;;;;;;;;;;;;;;;;;;;240;;1200;;;;;1760;;240;;;;;;;;;;;;;;;;;;;;;;;;;;320;;720;11956;;;;;;;;;;;;;;;;;;;;;;1040;;;;;80;;80;4640;;;;;;;;80;;;;;;;;;;;;;;;400;2989;;8967;8967;;;;;
Université de Bordeaux-EPOC;SOMLIT - Bouée13;Arcachon - Bouée 13;SB13_20210827_1m;Yolanda DEL AMO;27/08/2021;6:38;1.0;0.0;250.0;PM;76.0;bottle;Niskin;8.0;;;;;;;;Comptage taxinomique phytoplancton;Laurence COSTES;07/10/2021;obscur, temperature amb;12.5;;25.0;;;;;;;480;2640;;;;;;;;;;;;;;;;;;;;;;;;;;;;;80;;;;;;;4400;;;;;;;;880;;640;;;;;;160;;;;;98632;;480;;;;;;;;;;;;960;;;;;;;;160;;;;;;;80;;;;;400;;2989;;;;;;;;;4480;;;;;480;;480;;;;;;;;;;;;;;;;4000;;3680;;;160;;;480;;;;;;;;;;;;;;;160;80;;;;;;;;;;;;;;;;;;;;;2960;;;;240;720;;;;;;;;;1200;;240;;;;;;;;;;;240;;;240;2960;;;;;;;;160;;;;;400;;;160;;;;;;;;;;;;;;;;;;;;;160;;;2989;;92659;80;;;240;;
Université de Bordeaux-EPOC;SOMLIT - Bouée13;Arcachon - Bouée 13;SB13_20210913_1m;Yolanda DEL AMO;13/09/2021;7:50;1.0;0.0;250.0;PM;66.0;bottle;Niskin;8.0;;;;;;;;Comptage taxinomique phytoplancton;Laurence COSTES;14/10/2021;obscur, temperature amb;12.5;;25.0;;;;;;;;;;;;;;;;;;;;;;;;;;;;;;;;;;;;;160;;;;;;;;;;;;11520;;;3600;;80;;;;;;;;;;;50813;;1120;;;;240;;;;;;;;160;;;;;;;;;;;;;;;;;;;;;;;;;;;;;;;800;;;;;1040;;;;;;;;;;;;;;;;;;11680;;2000;;;80;;;480;;;;;;;;;;;;;;;;240;;;;;;;;;80;80;;;;;;;;;;;80;;;;80;80;;;;;;;;;240;;1120;;240;;;;;;;;;80;1200;;80;;;;;;;;;;;;;;560;;;160;;;;;;;;;;;;;;;;;;;;160;;;80;8967;;179340;;;;400;;
Université de Bordeaux-EPOC;SOMLIT - Bouée13;Arcachon - Bouée 13;SB13_20210927_1m;Yolanda DEL AMO;27/09/2021;6:4;1.0;0.0;250.0;PM;54.0;bottle;Niskin;8.0;;;;;;;;Comptage taxinomique phytoplancton;Laurence COSTES;04/10/2021;obscur, temperature amb;12.5;;25.0;;;;;;;;;;;;;;;;;;;;;;;;;;;;;;;;;;;;;;;;;;;;;;;;;;;;;160;1920;;;;;;;;;;;116571;;720;;;;;;;;;;;;320;;;;;;;;160;;;;;;;;;;;;;;;;;;;;;;;;;;;;1120;;1280;;80;;;;;;;;;;;;;;;;;;;;;;;;80;;;;;;;;;;;;;;560;;;;;;;;;;;;;;;;;;;;;80;;;;80;;;;;;;;;;;;;;480;;;;;;;;;;;;;;;;;;;;;240;;;;;240;;160;160;;;;;;160;80;80;;;;;;;;;;;640;;;;;;;56791;;;;;;
Université de Bordeaux-EPOC;SOMLIT - Bouée13;Arcachon - Bouée 13;SB13_20211012_1m;Yolanda DEL AMO;12/10/2021;7:54;1.0;0.0;250.0;PM;49.0;bottle;Niskin;8.0;;;;;;;;Comptage taxinomique phytoplancton;Laurence COSTES;14/12/2021;obscur, temperature amb;12.5;;25.0;;;;;;;160;;;;;;;;;;80;;;;;;;;;;;;;;;;;;;;;;;;;640;;1340;;;;;;;;;;880;;;;;;;;;240;;50813;880;6560;;;;;;;;;;;;320;;;;;;;;;;;;;;;;;;;;160;;5978;;;;;;;;;;;;;;400;;1680;80;80;;;;;;;;;;;;;;1120;;;;;160;;;560;;;;;;;;80;;;;;;;;80;;720;;;80;;240;;320;;;;;;;;;;;320;400;;;;;;;;;;;;;;;;320;;80;;;;80;;;;;;;;640;160;;;;;;;;;;;;;;;240;1120;;;;;;80;;;;;;;;;;;;;;;800;480;;;;38857;;;;320;;
Université de Bordeaux-EPOC;SOMLIT - Bouée13;Arcachon - Bouée 13;SB13_20211026_1m;Yolanda DEL AMO;26/10/2021;6:43;1.0;0.0;250.0;PM;56.0;bottle;Niskin;8.0;;;;;;;;Comptage taxinomique phytoplancton;Laurence COSTES;21/12/2021;obscur, temperature amb;12.5;;25.0;;;;;1920;;240;;;;;;;;;;6560;;;;;;;;;;;;;;;;;;;;;;800;;;160;;880;;;;;;;;;;160;;;;;;;;;240;;11956;400;6320;;;;;;;;;;;;880;;;;;;;;;;;;;;;160;;;;800;320;;;;;;;;;;;;;;;;240;;320;560;;;160;;;;;;;;;;;;1920;;1600;;;400;;;;;;;;;;;;;;;;;;;;160;4400;;;;;;;80;;;;;;80;;;;;;;;;;;;;;;;;;;;1120;;400;;160;;;;;;;;;;;;;;;;;;;;;2480;;;160;;240;;80;320;;160;;;;80;;;;;;;;;;;;;960;;320;;80;2989;;11956;;;;1280;;
Université de Bordeaux-EPOC;SOMLIT - Bouée13;Arcachon - Bouée 13;SB13_20211115_1m;Yolanda DEL AMO;15/11/2021;1:20;1.0;0.0;250.0;PM;61.0;bottle;Niskin;8.0;;;;;;;;Comptage taxinomique phytoplancton;Laurence COSTES;11/01/2022;obscur, temperature amb;12.5;;25.0;;;;;;80;;;;;;;;;;;7520;;;;;;;;;;;;;;;;;;;0;;;400;;;160;;;;;1280;;;;;;240;1760;;;;;;;;;;;35868;720;880;;;;;;;;;;;320;;;;;;;;;;;;;;;;;;400;;720;;;;;;;;;;;;;800;;;;240;;240;80;80;;400;;;;;;;;;;;;320;;800;;;;;;2720;;400;;;;;;;;;;;;;;;;4800;;;;;3520;;320;;;;;1520;;;;;;;;;;;;;;;;;;;;;480;;;;240;;;;;;;;;;;;;;;;;;;;;2480;;;;;640;;;;;400;;;;;;;;;;;;;;23912;;;;;160;;;;;14945;;;;80;;
Université de Bordeaux-EPOC;SOMLIT - Bouée13;Arcachon - Bouée 13;SB13_20211125_1m;Yolanda DEL AMO;25/11/2021;7:29;1.0;0.0;250.0;PM;51.0;bottle;Niskin;8.0;;;;;;;;Comptage taxinomique phytoplancton;Laurence COSTES;18/01/2022;obscur, temperature amb;12.5;;25.0;;;;;;;;;;;;;;;;;17280;;;;;;;;2560;;;;240;;;;;;;;80;;;;;;1920;480;;;;;;;;;80;1040;;;;;;;;;160;;14945;;1360;;;;160;;;;;;;;480;;;;;;;;;;;;;;;80;;560;;320;80;;2989;;;;;;;;;;;;;;;;400;;;;320;;;;;;;;;;;;;;480;;;80;;;480;;1680;;;;;80;;;;;;;;;;;4080;;;;;480;;480;;;;;480;80;;;;;;;;;;80;;;;;;;;;;880;;320;;1280;;;;;;;;;;;;;;;;;;;;;1360;;;;;640;;;160;;320;;;;;;;;;;;;;;11956;;;;;;;;;;5978;;;;;;
Université de Bordeaux-EPOC;SOMLIT - Bouée13;Arcachon - Bouée 13;SB13_20220114_1m;Yolanda DEL AMO;14/01/2022;2:18;1.0;0.0;250.0;PM;52.0;bottle;Niskin;8.0;;;;;;;;Comptage taxinomique phytoplancton;Laurence COSTES;20/01/2022;obscur, temperature amb;12.5;;25.0;;;;;;;;;;;;;;;;;1360;;;;;;;;;;;;160;;;;;;;;;;;;;;;;;;;;;;;;160;320;;;;;;;;;;;2989;;;;;;;;;;1200;;;240;;;;;;;;;;;;;;;;160;;480;;2080;160;;;;;;;;;;;;;;;;;;160;;;;;;;;;;;;;;240;;;;;;;;;;6080;;;;;;;;;;;;;;;;;;5360;;;;1520;;;320;;;;;80;;;;;;;;;;;;;;;;;;;;;;;80;;;;;;;;;;;;;;;;;;;;;;;;;;;;1200;;560;;;320;;;;80;;;;;;;;;;26901;;;;80;80;;;;;;;;;80;;
Université de Bordeaux-EPOC;SOMLIT - Bouée13;Arcachon - Bouée 13;SB13_20220125_1m;Yolanda DEL AMO;25/01/2022;8:56;1.0;0.0;250.0;PM;59.0;bottle;Niskin;8.0;;;;;;;;Comptage taxinomique phytoplancton;Laurence COSTES;15/02/2022;obscur, temperature amb;12.5;;25.0;;;;;;;;;;;;;;;;;;;;;;;;;;;;;;;;;;;;;240;;;;;;;;;;;;;;;;;320;;;;;;;;;240;;26901;800;1760;;;80;;;;;;;;320;;;;;;;;;;;;;;;;80;;240;;480;;;;;;;;;;;;80;;;;;;;160;320;;;;;;;;;;;;;;;2000;;;;;;;;3840;;;;;;;;;;;;;;;;160;;1440;;;;;;;800;;;;;;;;;;;;;;;;160;;;;;160;;;;;;;;;;;;;;;;;;;;;;160;;;;;;;;;;;;;1040;;160;;;80;;;;;;;;;;;;;;32879;;;;;400;;80;2989;;8967;;;;160;;
Université de Bordeaux-EPOC;SOMLIT - Bouée13;Arcachon - Bouée 13;SB13_20220208_1m;Yolanda DEL AMO;08/02/2022;8:50;1.0;0.0;250.0;PM;50.0;bottle;Niskin;8.0;;;;;;;;Comptage taxinomique phytoplancton;Laurence COSTES;18/02/2022;obscur, temperature amb;12.5;;25.0;;;;;;;;;;;;;;;;;480;;;;;;;;;;;;;;;;;;;;160;;;;;;;;;;;;;;;;;1360;;;;;;;;;400;;23912;;80;;;160;;;;;;;;160;;;;;;;;;;;;;;;;;;160;;;;;;;;;;;;;;;;;;;80;;240;;;;;;;;;;;;;;;;;;;;;;;;4160;;;;;;;;;;;;;;;;;;4000;;;;1600;;;160;;;;;;;;;;;;;;;;;;;;;;;;;;;;;;;;;;;;;;;;;;80;;;;;;;;;;;720;;;800;;640;;;240;;;;;;;;;;;;;;8967;;;240;;160;;;;;8967;;;;240;;
Université de Bordeaux-EPOC;SOMLIT - Bouée13;Arcachon - Bouée 13;SB13_20220224_1m;Yolanda DEL AMO;24/02/2022;9:35;1.0;0.0;250.0;PM;52.0;bottle;Niskin;8.0;;;;;;;;Comptage taxinomique phytoplancton;Laurence COSTES;21/03/2022;obscur, temperature amb;12.5;;25.0;;;;;;;;960;;;;;;;;;;;;;;;;;;;;;;;;;;;;;2880;;;;;;;;;;;;;;160;;;240;;;;;;320;;;;;20923;;480;;;;;;;;;;;;;;;;;;;;;;;;;;;;;240;;;;;;;;;;;;;;;;;;;;;;;;;;;;;;;;;;;;;;;800;;;;;;4400;;;;;;;;;;;;;;;;;;;;;;;;;400;;;;;;;;;;;;;;;;;;;;;;;;;;800;;640;;;;;;;;;;;;;;160;160;;;;;;;;;;;;;;;160;;;160;;;;;;;;;;;;;;26901;;;;;80;;;2989;;17934;;;;;;
Université de Bordeaux-EPOC;SOMLIT - Bouée13;Arcachon - Bouée 13;SB13_20220309_1m;Yolanda DEL AMO;09/03/2022;8:17;1.0;0.0;250.0;PM;52.0;bottle;Niskin;8.0;;;;;;;;Comptage taxinomique phytoplancton;Laurence COSTES;15/03/2022;obscur, temperature amb;12.5;;25.0;;;;;;;;;;;160;;;;;;2320;;;;;;;;;;;;160;;;;;;;;480;;;;;;;;;;;;;;;;;240;;;;;;;;;;;20923;;240;;;;80;;;;;;;;;;;;;;;;;;;;;;;80;;320;;;;;;;;;;;;;;;;;;;320;;320;;;;;;;;;;;;;;;;160;;2560;;;;;;2000;;;;;;;;;;;;;;;;160;;1760;;;;;;;240;;;;;;;;;;;;;;;;;;;;;;;;;;;;;;;;;;;;;4560;3840;;;;;320;;;;;;;;;;;;;800;;240;;;;;;;80;;;;;;;;;;35868;;;;;160;;;;;8967;;;;;;
Université de Bordeaux-EPOC;SOMLIT - Bouée13;Arcachon - Bouée 13;SB13_20220324_1m;Yolanda DEL AMO;24/03/2022;8:32;1.0;0.0;250.0;PM;65.0;bottle;Niskin;8.0;;;;;;;;Comptage taxinomique phytoplancton;Laurence COSTES;23/06/2022;obscur, temperature amb;12.5;;25.0;;;;;;;;240;;;;;;;;;2000;;;;;;;;;;;;;;;;;;;;;;;;;;;;;;;;;3840;;;;800;400;;;;;;;;;;8967;;400;;;;;;;;;;;;;;;;;;;;;;;;;;;;;;;;;;;;;;;;;;;320;1520;;;;720;340;1040;;;;;;;;;;;;;;;;5120;;5680;;;80;;;960;;;;;;;;;;;;;;;;80;;;;;;;;;;;;;;400;400;;;;;;80;;;;160;;;;;;;;;;480;;240;;;;;;;;;3120;;;;;;320;;;;;;;;640;;;;;240;;160;;;;;;;;80;160;;80;;;;;;;;;80;;;;80;;;14945;;;;;;
Université de Bordeaux-EPOC;SOMLIT - Bouée13;Arcachon - Bouée 13;SB13_20220506_1m;Yolanda DEL AMO;06/05/2022;7:10;1.0;0.0;250.0;PM;54.0;bottle;Niskin;8.0;;;;;;;;Comptage taxinomique phytoplancton;Laurence COSTES;01/09/2022;obscur, temperature amb;12.5;;25.0;;;;;;;;;;;;;;;;;;;;;;;;;;;;;;;;;;;;;;;;;;;;;;;;;;720;;;80;400;;;;;;;;;;;14945;;;;;;;;;;;;;;;;;;;;80;240;480;;;;;;;;;;;;;;;;;;;;;;;;1920;;;;;;560;;;;;;;;;;;;;;;;2480;;8800;;;80;;;;;;;;;;;;;;80;;;;;80;;2640;;;;;;;;;;;;;160;;;;;;640;;;;480;;;;;;;;;;720;;2480;;;;;;;;;5040;;;1120;;;240;;;;;;;;;;;;;400;;160;;;;;;;240;160;320;;;;;;;80;;;;;;;;;;;32879;;;;;;
Université de Bordeaux-EPOC;SOMLIT - Bouée13;Arcachon - Bouée 13;SB13_20220522_1m;Yolanda DEL AMO;22/05/2022;10:30;1.0;0.0;250.0;PM;51.0;bottle;Niskin;8.0;;;;;;;;Comptage taxinomique phytoplancton;Laurence COSTES;08/06/2022;obscur, temperature amb;12.5;;25.0;;;;;;;;880;;;;;;;;;;;;;;;;;;;;;;;;;;;;560;80;;320;;;;;;;;;;;8960;;1040;;720;;;;;;;;;;;;;560;;;;480;;;;;;;;;;;;;;;;;;;;;;;;;;;;400;;;;;;;;;;;;1520;;;;800;;640;160;;;;;;;;;;;;;;;2480;;3840;;;160;;;;;;;;;;80;;;;;;;;;480;;;;;;;;;;;;;;1600;;;;;;;;;;;;;;;;;;;;;;;;;;;;;;;160;400;;;;;;;;;;;;;;480;;;;;;;;80;;;;;;80;80;240;;;80;;240;;;;;;;;;;240;;;;;;;80;;
Université de Bordeaux-EPOC;SOMLIT - Bouée13;Arcachon - Bouée 13;SB13_20220603_1m;Yolanda DEL AMO;03/06/2022;6:24;1.0;0.0;250.0;PM;64.0;bottle;Niskin;8.0;;;;;;;;Comptage taxinomique phytoplancton;Laurence COSTES;07/09/2022;obscur, temperature amb;12.5;;25.0;;;;;;;;;160;;160;;;;;;;;;;;;;;;;;;;;;;;;;;;;;;;;;;;;;;;4160;240;400;80;1200;;80;;;;;;;80;;;;560;;;;240;;;;;;;;;;;;;;;320;80;;;;;;;;;;;;;;5978;;;;;;;;;;560;;;;720;800;320;;;;;;;;;;;;;;540;;;;1120;;;;;;1920;;80;;;;;11840;;;;;;;;;240;;5520;;;;;;;160;;;;;320;800;;;;;;240;;;;;;;;;80;;;;;480;;2000;;;;;;;;;;;;;160;;;;800;;;;;;;;;;;880;;160;;;;;;;160;;800;;;640;;;;;11956;;;;;;;;;;32879;;;;320;;
Université de Bordeaux-EPOC;SOMLIT - Bouée13;Arcachon - Bouée 13;SB13_20220620_1m;Yolanda DEL AMO;20/06/2022;9:0;1.0;0.0;250.0;PM;66.0;bottle;Niskin;8.0;;;;;;;;Comptage taxinomique phytoplancton;Laurence COSTES;14/09/2022;obscur, temperature amb;12.5;;25.0;;;;;;160;;;;;;;;;;;;;;;;;;;;;;;;;;;240;880;;;;;;;;;;;;;;80;;;;;400;1200;;;;;;;;;;;26901;;160;;960;;160;;;;;;;;;;;;;;;;;;;;;;;;;;;;320;;;;;;;;;;;;;;;;720;;560;;;;;;;;;;;;;;;;1920;;;;;;;;1520;;;;;;;;;;;;;;;;320;;1120;;;160;;;;400;;;;;;;;;;;;80;;;;;;;;;80;;;;;1600;;;;;;;;;;;;;;;;;80;;;;;;;;;;;;;;;400;;;;;;;;;80;;;;;;;;11956;;;;;160;;;;;5978;;;;;;
Université de Bordeaux-EPOC;SOMLIT - Bouée13;Arcachon - Bouée 13;SB13_20220704_1m;Yolanda DEL AMO;04/07/2022;7:30;1.0;0.0;250.0;PM;62.0;bottle;Niskin;8.0;;;;;;;;Comptage taxinomique phytoplancton;Laurence COSTES;11/10/2022;obscur, temperature amb;12.5;;25.0;;;;;;;;320;;;;;;;;;;;;;;;;;;;;;;;;;;;;;;;;;;;;;;;;;;640;;;1040;400;;;;;;;;;;;8967;;880;;;160;;;;;;;;480;;;;;;;;;80;;;;;;;;;;;;;;;;;;;;;;;;;;;;80;;400;;;;;;;;;;;;;;160;;3920;;1440;;;;;;400;;;;;;;;;;;;;;;;;;;;;;320;;;240;;;;;;;;;;;;320;;;;160;;;;;160;;;;;320;;1920;;;;;;;;;400;;;;;;;;;;;;;;;;;;;400;;;480;;;;;;;;80;;;;;;;;;;;;;960;;;;;35868;;;;560;;
Université de Bordeaux-EPOC;SOMLIT - Bouée13;Arcachon - Bouée 13;SB13_20220721_1m;Yolanda DEL AMO;21/07/2022;10:50;1.0;0.0;250.0;PM;51.0;bottle;Niskin;8.0;;;;;;;;Comptage taxinomique phytoplancton;Laurence COSTES;12/10/2022;obscur, temperature amb;12.5;;25.0;;;;;;;;160;;;;;;;;;;;;;;;;;;;;;;;;;;;;960;;;480;;;;;;;;;;;1680;;;160;240;;;;;;;;;80;;8967;;880;;;80;400;;;;;;;320;;;;;;;;;;;;;;;;;;;;;80;400;;;;;;;;;;;80;;;;;;560;;160;;720;;;;;;;;;;80;;3200;;3840;;;80;;;720;;;;;;;80;;;;;;;;;;;880;;;;;;;160;;;;;;;;;;;;160;;;;;;;;;400;;;;;5840;;37360;2989;;;;;;;;400;160;;;;;;;;;;;;;320;;;;400;;;240;80;;;;;;;;80;;;;;;;;2989;;;;;80;;80;;;14245;;;;;;
Université de Bordeaux-EPOC;SOMLIT - Bouée13;Arcachon - Bouée 13;SB13_20220803_1m;Yolanda DEL AMO;03/08/2022;7:22;1.0;0.0;250.0;PM;70.0;bottle;Niskin;8.0;;;;;;;;Comptage taxinomique phytoplancton;Laurence COSTES;14/10/2022;obscur, temperature amb;12.5;;25.0;;;;;;;;;;;;;;;;;;;;;;;;;;;;;;;;;;;;;;;;;;;;560;;;;;;960;;;;240;;;;;;160;;;;;11956;;;80;;;240;;;;;;;560;;;;;;;;;;;;;;;;80;;;;;;1600;;;;;;;;;;;320;;320;;;80;1200;;;;;;;;;;;;;;;;7680;560;11920;;;1600;;;;;;;;;;;;;;;;;;;;;;;;;;;;320;;;;;;160;;;;;;240;;;;;;160;;;160;;;;;4240;;41520;;;;;;;;;240;;;;320;480;;;;;;;;;1040;;;;2000;;;80;;;;;;;;;;;;;;;;;;;;;;;;;;;5978;8967;;;;;
Université de Bordeaux-EPOC;SOMLIT - Bouée13;Arcachon - Bouée 13;SB13_20220902_1m;Yolanda DEL AMO;02/09/2022;7:34;1.0;0.0;250.0;PM;70.0;bottle;Niskin;8.0;;;;;;;;Comptage taxinomique phytoplancton;Laurence COSTES;20/10/2022;obscur, temperature amb;12.5;;25.0;;;;;;;;;;;;;;;;;;;;;;;;;;;;;;;;;;;;;;;;1760;;;160;;;;;;;;160;1920;80;480;;;;;;;;;;;44835;;4880;;;;9680;;;;;;;160;;;;;;;;;;;;;;;;;;;;;;320;;;;;;;;;;;880;;;;80;;;;;;;;;;;;;;;;;;;;320;;;;;;;;;;;;;;;;;;;;;;80;;;;;;;;;80;;;;;;320;;;;;;;;;;80;;;;;;;;;;240;;480;2989;;;;;;;;;;;1200;;;80;;;;;;;;480;;;;;240;;;;;;;;;160;;80;;;;;;;;5978;;;;;;;320;;;44835;;;;;;
Université de Bordeaux-EPOC;SOMLIT - Bouée13;Arcachon - Bouée 13;SB13_20220916_1m;Yolanda DEL AMO;16/09/2022;7:30;1.0;0.0;250.0;PM;62.0;bottle;Niskin;8.0;;;;;;;;Comptage taxinomique phytoplancton;Laurence COSTES;08/11/2022;obscur, temperature amb;12.5;;25.0;;;;;;;240;;;;;;;;;;;;;;;;;;;;;;;;;;;;;;;;;;;;;;;;;;;2320;;;160;1840;;;;;;;;;80;;23912;;3360;;;;1280;;;;;;;160;;;;;;;;;;;;;;;;;;;;;160;;;;;;;;;;;;;;400;;;;480;;;;;;;;;;;;;;;;320;;;;;;;;;;;;;;;;;;;;;;;;;;;;;;;;;80;;;;;;;;;;;;80;;;;;;;;;;;;;;2480;;1440;;;;;;;;;;;;;;;;;;;;;;;640;;;;;;;80;160;;;;;;80;160;;;;;;;;;2989;;;;;;;;;;35868;;;;80;;
Université de Bordeaux-EPOC;SOMLIT - Bouée13;Arcachon - Bouée 13;SB13_20221005_1m;Yolanda DEL AMO;05/10/2022;0:10;1.0;0.0;250.0;PM;49.0;bottle;Niskin;8.0;;;;;;;;Comptage taxinomique phytoplancton;Laurence COSTES;08/11/2022;obscur, temperature amb;12.5;;25.0;;;;;;;;;;;240;;;;;;800;;;;;;;;;;;;;;;;;;;0;;;;;;;;;;;540;;;640;;;80;160;;;;;;;;;;;50813;;3600;80;;;320;;;;;;;80;;;;;;;;;;;;;;;;;;;;;;;;;;;;;;;;80;;;320;;80;;80;;;;;;;;;;;;;;;;;;;;;400;;;;;;;;;;;;;;;;;;;;;1200;;;;;;;80;;;;;;;;;;;;;;;;;;;;;;;;;;1840;;4800;;;;;;;;;;;;320;;;80;;;;;;;;400;;;;;540;;80;160;;;;;;;;480;;;;;;;;8967;;;;;;;80;;;53802;;;;480;;
Université de Bordeaux-EPOC;SOMLIT - Bouée13;Arcachon - Bouée 13;SB13_20221014_1m;Yolanda DEL AMO;14/10/2022;6:9;1.0;0.0;250.0;PM;74.0;bottle;Niskin;8.0;;;;;;;;Comptage taxinomique phytoplancton;Laurence COSTES;09/11/2022;obscur, temperature amb;12.5;;25.0;;;;;;;;;;;;;;;;;;;;;;;;;;;;;;;;;;;;;;;;;;;;;;;;;;5360;;;80;720;;;;;;;;;;;23912;;;;;;;;;;;;;;;;;;;;;;;;;;;;;;;;;;;;;;;;;;;;;;380;;;;560;;320;;80;;;;;;;;;;;;;;;;560;;;240;;;560;;;;;;;;;;;;;;;;80;;;;;;;;;80;;;;;;;;;;;;80;;;;80;;;;;;;;;;320;;;;;;;;;;;;;;;;;80;;;;;;;;320;;;;;320;;;480;;;;;;;;;;;;;;;;8967;;;;;80;;480;;;47824;;;;;;
Université de Bordeaux-EPOC;SOMLIT - Bouée13;Arcachon - Bouée 13;SB13_20221103_1m;Yolanda DEL AMO;03/11/2022;0:8;1.0;0.0;250.0;PM;53.0;bottle;Niskin;8.0;;;;;;;;Comptage taxinomique phytoplancton;Laurence COSTES;16/11/2022;obscur, temperature amb;12.5;;25.0;;;;;;;;;;;;;;;;;720;;;;;;;;;;;;;;;;;;;640;;;640;;;;;;;;;;;80;;;;1120;;;;;;;;;;;38857;;;;;;;;;;;;;160;;;;;;;;;;;;;;;;;;;;;160;;;;;;;;;;;;80;;;;480;80;160;;240;;;;;;;;;;;;;;80;;;;;;;;;;;;;;;;;80;;;;;;;240;;4880;;;;;;;;;;;;;;;;;;;;;;;;;;;;;;;;;;;;;;;;;;;;;;;240;;;;;;;;;;;;;;;;400;;;;;;;;;;;;;;;;;;;8967;;;;;320;;;;;59780;;;;240;;
Université de Bordeaux-EPOC;SOMLIT - Bouée13;Arcachon - Bouée 13;SB13_20221130_1m;Yolanda DEL AMO;30/11/2022;9:3;1.0;0.0;250.0;PM;57.0;bottle;Niskin;8.0;;;;;;;;Comptage taxinomique phytoplancton;Laurence COSTES;19/01/2023;obscur, temperature amb;12.5;;25.0;;;;;;;;;;;;;;;;;;;;;;;;;;;;;80;;;;;;;;;;;;;;;;;;;;;;;;;640;;80;;;;;;;;;2989;;400;;;;;;;;;;;80;;;;;;;;;;;;;;;;;;80;;;240;;;;;;;;;;;;;;;;1120;80;480;;;;;;;;;;;;;;;;;;;;;;;;4320;;;;;;;;;;;;;;;;;;4880;;;;1360;;;240;;;;;;;;;;;;;;;;;;;;;;;;;;;;;;;;;;;;;;;;;;;;720;;;;;;;1200;;;;;400;;340;720;;160;;;;;;;;;;;;;;5978;400;;;;;;80;2989;;2989;;;;320;;
Université de Bordeaux-EPOC;SOMLIT - Bouée13;Arcachon - Bouée 13;SB13_20221214_1m;Yolanda DEL AMO;14/12/2022;7:20;1.0;0.0;250.0;PM;51.0;bottle;Niskin;8.0;;;;;;;;Comptage taxinomique phytoplancton;Laurence COSTES;11/01/2023;obscur, temperature amb;12.5;;25.0;;;;;;;80;;;;;;;;;;2960;;;;;;;;;;;;;;;;;;0;;80;;1040;;420;;;;80;;;;;2800;;;;1540;;;;;;;;;240;;2989;400;;;;;;;;;;;;160;;;;;;;;;;;;;;;;;;640;;;;;;;;;;;;;;;960;;;;400;;1200;;;;;;;;;;;;;;80;;;;;;;;;;1440;;;;;;80;;;;;;;;;;80;;;;;;;;;80;;;;;;;;;;;;80;640;;;80;;;;;;;;;;720;;160;;;;;;;;;;;;;;;;;;;;160;;;640;;;;;1600;;;160;;320;;;;80;;;;;;;;;;;;;;;480;;;;;2989;;;;320;;
Université de Bordeaux-EPOC;SOMLIT - Bouée13;Arcachon - Bouée 13;SB13_20230130_1m;Yolanda DEL AMO;30/01/2023;9:38;1.0;0.0;250.0;PM;40.0;bottle;Niskin;8.0;;;;;;;;Comptage taxinomique phytoplancton;Laurence COSTES;31/03/2023;obscur, temperature amb;12.5;;25.0;;;;;;;;;;;;;;;;;960;;;;;;;;;;;;;;;;;;;;;;;;;;;;;;;;;;;;;320;;;;;;;;;;;20923;1600;;;1120;;;;;;;;;;;;;;;;;;;;;;;;;;;80;;240;;;;;;;;;;;;;;;;;800;160;;;;;;;;;;;;;;880;;;;;;;;;;;2080;;;;;;;;;;;;;;;;;;1200;640;;;;;;;;;;;;;;;;;;;;;;80;;;;;;;;;;320;;;;;;;;;;;;;;;;;;;;;;;;;;;;;;800;;400;;;;;;;80;;;;;;;;;;;;;560;;160;;;;;2989;;;;160;;
Université de Bordeaux-EPOC;SOMLIT - Bouée13;Arcachon - Bouée 13;SB13_20230213_1m;Yolanda DEL AMO;13/02/2023;9:15;1.0;0.0;250.0;PM;44.0;bottle;Niskin;8.0;;;;;;;;Comptage taxinomique phytoplancton;Laurence COSTES;03/08/2023;obscur, temperature amb;25.0;;25.0;;;;;;;;;;;;;;;;;200;;;;;;;;;;;;;;;;;;;;;;;;;;;;;;;;;;;;;;;;;;;;;;;;26920;;3000;;;;;;;;;;;;;;;;;;;;;;;;;;;;;;;;200;;;;;;;;;;;;;;;;1400;;;;;;;;;;;;;;;200;;;;;4800;;;;;;;;;;;;;;;;;;;;;;;;5600;;;;;;;200;;;;;;;;;;;;;;;;;;;;;;;;;;;;;;;;;;;;;;400;;;;;;;;;;;;;;;;;;2400;;;200;;200;;;;;;;;;;;;;;;;;2800;;;;;;;2989;;;;720;;
Université de Bordeaux-EPOC;SOMLIT - Bouée13;Arcachon - Bouée 13;SB13_20230315_1m;Yolanda DEL AMO;15/03/2023;8:12;1.0;0.0;250.0;PM;54.0;bottle;Niskin;8.0;;;;;;;;Comptage taxinomique phytoplancton;Laurence COSTES;27/07/2023;obscur, temperature amb;25.0;;25.0;;;;;;;;;;;;;;;;;;;;;;;;;;;;;;;;;;;;;;;;;;;;;;;;;;;;;;2720;;;;;;;;;;;59780;;;;;2600;;;;;;;;;;;;;;;;;;;;;;;;;;;;;;;;;;;;;;;;;;;;;2000;;;;;;;;;;;;;;;;;;;;;;;;;;;;;;;;;;;;;;;;;;;;4000;;;;;;;;;;;;;;;;;;;;;;;;;;;;;;;;;4400;;;;;;;;;;;;;;;;2400;;;;;;;;;;;;;;;;;;;;;;;3000;;;;;;;;;;;;;;;;;;;;;;;;;;
Université de Bordeaux-EPOC;SOMLIT - Bouée13;Arcachon - Bouée 13;SB13_20230328_1m;Yolanda DEL AMO;28/03/2023;8:20;1.0;0.0;250.0;PM;46.0;bottle;Niskin;8.0;;;;;;;;Comptage taxinomique phytoplancton;Laurence COSTES;03/04/2023;obscur, temperature amb;12.5;;25.0;;;;;;;;;;;;;;;;;1360;;;400;;;;;;;;;;;;;;;;;;;;;;;;;;;;;;;;;;1840;;;;;;;;;;;5978;8160;800;;;;;;;;;;;80;;;;;;;;;;;;;;;;;;;;320;;;;;;;;;;;;;;;;;960;1280;;;;;;;;;;;;;;320;;;;;;;;;;;1840;;;;;;;;;;;;;;;;;;3440;;;;;;;;;;;;;;;;;;;;;;;;;;;;;;;;;1760;;5360;2989;;;;;;;;;;;;;;;;;;;;;;;;;;;1280;;;80;;;;;;160;;;;;;;;;;;;;;;;;80;8967;;14945;;;;;;
Université de Bordeaux-EPOC;SOMLIT - Bouée13;Arcachon - Bouée 13;SB13_20230412_1m;Yolanda DEL AMO;12/04/2023;8:55;1.0;0.0;250.0;PM;57.0;bottle;Niskin;8.0;;;;;;;;Comptage taxinomique phytoplancton;Laurence COSTES;28/06/2023;obscur, temperature amb;12.5;;25.0;;;;;;;;;;;;;;;;;160;;;;;;;;;;;;;;;;;;;;;;;;;;;;;;;;;;;;160;400;;160;;;;;;;;;23912;;880;;;;240;;;;;;;;;;;;;;;;;;;;;;;80;;;;;;;;;;;;;;;;320;;;;;240;160;;;;;;;;;;;;;;80;;;1600;;;;;;;;160;;;;;;;;;;;;;;;;;;8000;;;;;800;;160;;;;;;;;;;;;;;;;400;80;;;;80;;;;;1200;;880;;;;;;;;;;720;;;;;;;;;;;;;;;;;;160;;;800;;160;;;;;;;;;;;;;;5978;;;;;;;;2989;;2989;;;;480;;
Université de Bordeaux-EPOC;SOMLIT - Bouée13;Arcachon - Bouée 13;SB13_20230425_1m;Yolanda DEL AMO;25/04/2023;8:5;1.0;0.0;250.0;PM;60.0;bottle;Niskin;8.0;;;;;;;;Comptage taxinomique phytoplancton;Laurence COSTES;03/07/2023;obscur, temperature amb;12.5;;25.0;;;;;;;;;;;;;;;;;2400;;;;;;;;2960;;;;;;;;160;;;2560;6320;;6320;;;;;;;;;;;160;;1840;;5760;160;;;;;;;;;;23912;560;720;;;;160;;;;;;;;;;;;;;;80;;;;;;;;;;;;;;;;;;;;;;;;;;;160;;80;1040;;;;;;;;;;;;;;320;;;3920;;;;;;;;;;;;;;;;;;;;;;;;1760;;5720;;;;;240;;80;;;;;;;;;;;;320;;;;160;;;;;80;;;;;480;;480;;;;;;;;;;;;;;;80;;;;;;;;;;;;;160;;;;;;;;;;160;;;;;;;;;;;;;;;;;;;;;;;;;
Université de Bordeaux-EPOC;SOMLIT - Bouée13;Arcachon - Bouée 13;SB13_20230511_1m;Yolanda DEL AMO;11/05/2023;8:5;1.0;0.0;250.0;PM;60.0;bottle;Niskin;8.0;;;;;;;;Comptage taxinomique phytoplancton;Laurence COSTES;05/07/2023;obscur, temperature amb;12.5;;25.0;;;;;;;;;;;;;;;;;;;;;240;;;;;;;;;;;;;;;0;;;7600;;;;;;;;3680;;;480;;3120;;880;;;;;;;;;;;29890;;;;;;1920;;;;;;;;;;;;800;;80;;;;;;;;;;;;;;;;;;;;;;;;;;720;;1840;;;;;;;;400;;;;;;;;;;;;16800;;3280;;;;;;;;320;;;;;;;;;;;;;;160;;2400;;;;;560;;240;;;;;;;;;;;;80;;;;400;;;;;80;;;;;320;;560;;;;;;;;;480;780;160;80;;;;;;;;;;;;;;;;320;;;;;;;;;80;540;160;;;;;;;;;;;;;;;;;;8967;;;;380;;
Université de Bordeaux-EPOC;SOMLIT - Bouée13;Arcachon - Bouée 13;SB13_20230523_1m;Yolanda DEL AMO;23/05/2023;8:32;1.0;0.0;250.0;PM;69.0;bottle;Niskin;8.0;;;;;;;;Comptage taxinomique phytoplancton;Laurence COSTES;20/09/2023;obscur, temperature amb;12.5;;25.0;;;;;;;;;;;;;;;;;240;;;;;;;;;;;;;;;;5520;;;;;;;;;;;;;;;;;;;;80;240;;;;;;;;;;;5978;160;400;;;;320;;;;;;;;;;;;;;160;240;;;;;;;;80;;;;;80;;;;;;;;;;;;;;640;;;560;160;;;;;;;;;;;;;;;;35920;;8000;;;;;;240;;;;;400;;;;;;;;;;;;;1120;;;;;;;240;;;;;560;1600;;;;;;;;;;;;;;;320;;;;;1200;;2800;;;;;;;;;320;560;;;;1440;;;;3440;;;;;;;;;;160;;;;;;;;;240;3760;640;;;;;;;;;;;;;;;320;;;2989;;;;;;
Université de Bordeaux-EPOC;SOMLIT - Bouée13;Arcachon - Bouée 13;SB13_20230609_1m;Yolanda DEL AMO;09/06/2023;7:35;1.0;0.0;250.0;PM;70.0;bottle;Niskin;8.0;;;;;;;;Comptage taxinomique phytoplancton;Laurence COSTES;19/06/2023;obscur, temperature amb;12.5;;25.0;;;;;;;;;;;;;;;;;;;;;;;;;;;;;;;;;;;;;;;;;;;;;;;;;;720;;;320;1600;;;;;;;;;;;26901;19180;;;;;640;;;;;;;;;;;;;;;;;;;;;;;;;;;;;;;;;;;;;;;;;;;;3600;240;;;;;;;;;;;;;;800;;;14880;;;;160;;;;;;;;;;;;;;;;;;;;;;;;;;;;;;;;;;;;;;;;;;;;;160;;;;;;;;;;160;;160;;;;;;;;;;;;;;;;;;;;;;;;;;;;;;;80;;;;;;;;;;;160;;;;;;;;;;;;;2989;;8967;;;;240;;
Université de Bordeaux-EPOC;SOMLIT - Bouée13;Arcachon - Bouée 13;SB13_20230623_1m;Yolanda DEL AMO;23/06/2023;7:3;1.0;0.0;250.0;PM;58.0;bottle;Niskin;8.0;;;;;;;;Comptage taxinomique phytoplancton;Laurence COSTES;19/09/2023;obscur, temperature amb;12.5;;25.0;;;;;;;;;;;;;;;;;;;;;;;;;;;;;;;;;;;;;;;1600;;;;;;;;;;;;;;;880;;;;;;;;;;;35868;480;320;;;;;;;;;;;320;;;;;;;;;;;;;;;;;;;;;;;;;;;;;;;;;;;;;3800;320;1680;;;;;;;;;;;;;320;;;960;;;;;320;;;;;;;;160;;;;;;;;;;;;;4000;;;;;;;;;;;;;;;;;;;160;;;;;;;;;;;;;;;;560;;;;;;;;;;;;;;;;;;;;;;;;;;;;;;;720;;;;;;;;;;;160;;;;;;;;1200;;;;160;;;35868;;;;;;
Université de Bordeaux-EPOC;SOMLIT - Bouée13;Arcachon - Bouée 13;SB13_20230710_1m;Yolanda DEL AMO;10/07/2023;9:15;1.0;0.0;250.0;PM;64.0;bottle;Niskin;8.0;;;;;;;;Comptage taxinomique phytoplancton;Laurence COSTES;11/07/2023;obscur, temperature amb;12.5;;25.0;;;;;;;;;;;;;;;;;;;;;;;;;;;;;;;;;;;;;;;;;;;;;;;;;;480;;;;1520;;;;;;;;;;;44835;80;880;;;80;;;;;;;;1160;;;;;;;;;;;;;;;;;;;;;240;;;;;;;;;;;;160;;;;480;400;880;;;;;;;;;;;;;;;;;;;;;1040;;;720;;;;;;;;;;;;;;;;;;6480;;;;480;;;;;;;;;;;;;;;240;;;;;;160;;;80;;;;;14800;;1200;;;;;;;;;160;;;;;;;;;;;;;;;;;;;;;160;;;;;;;80;80;;;;;;;;;;;;240;;;;160;;;8967;;;;;;
Université de Bordeaux-EPOC;SOMLIT - Bouée13;Arcachon - Bouée 13;SB13_20230726_1m;Yolanda DEL AMO;26/07/2023;8:45;1.0;0.0;250.0;PM;52.0;bottle;Niskin;8.0;;;;;;;;Comptage taxinomique phytoplancton;Laurence COSTES;27/07/2023;obscur, temperature amb;12.5;;25.0;;;;;;;;;;;;;;;;;;;;;;;;;;;;;;;;;;160;;;;;;;;;;;;;;;;4000;;;;1200;;;;;;;;;;;26901;;13760;;;;;;;;;;;;;;;;;;;;;;;;;;;;;;;;160;;;;;;;;;;;;160;;;;160;80;800;;80;;;;;;;;;;;;;;;;;;;;;;;;;;;;;;;;;;;;;;;;800;;;;;;;80;;;;;;;;;;;;240;;;;;;;;;;;;;;;;;;;;;;;;;;;;;;;;;;;;;;;;;;;;160;;160;560;;;;;;;;;;;80;;;;;;;;640;;;;160;;;59780;;;;80;;
Université de Bordeaux-EPOC;SOMLIT - Bouée13;Arcachon - Bouée 13;SB13_20230808_1m;Yolanda DEL AMO;08/08/2023;8:45;1.0;0.0;250.0;PM;64.0;bottle;Niskin;8.0;;;;;;;;Comptage taxinomique phytoplancton;Laurence COSTES;08/11/2023;obscur, temperature amb;25.0;;25.0;;;;;;;;;;;;;;;;;;;;;;;;;;;;;;;;;;;;;;;;;;;;;;;;;;;;;40;800;;40;;;;;;;;;120626;;320;;;;;;;;;;;;;;;;;;;;;;;;;;;;;;;;80;;8967;;;;;;;;;;;;;;160;200;640;;;;;;;;;;;;;80;;80;;;;;;;;;;;;;;;;;;;;;;;;;;;2760;;;;;;;120;;;;;;;;;;;;40;;;;;;;;;;;;;;;;160;2989;;;;;;;;;;;;;;240;;;;;;;;;;;;;;;120;160;;;;;;40;;;;;40;;;;;17934;;;280;;;;40;;;80703;;;;;;
Université de Bordeaux-EPOC;SOMLIT - Bouée13;Arcachon - Bouée 13;SB13_20230823_1m;Yolanda DEL AMO;23/08/2023;7:30;1.0;0.0;250.0;PM;59.0;bottle;Niskin;8.0;;;;;;;;Comptage taxinomique phytoplancton;Laurence COSTES;20/11/2023;obscur, temperature amb;12.5;;25.0;;;;;;;;;;;;;;;;;;;;;;400;;;;;;;80;;;;;;;;80;;;;;;;;;;;;;;;;400;2160;;160;;;;;;;;;8814;1200;2560;;;;;;;;;;;160;;;;;;;;;;;;;;;;;;;;;;;;;;;;;;;;;;;;;480;320;1520;;;;;;;;;;;;;160;;;;;;;;560;;;2160;;;;;;;;;;;;;;;;1280;;2160;;;;1120;;;;;;;;;;;;;;;400;;;;;;;;;;;;;;;;;;;;;;;;;;;;;;;3040;;;;;;;;;;;;;;;;2000;;;;;;;;;;;;;;;;35256;;;80;;;1920;400;;;11752;;;;;;
Université de Bordeaux-EPOC;SOMLIT - Bouée13;Arcachon - Bouée 13;SB13_20230906_1m;Yolanda DEL AMO;06/09/2023;8:14;1.0;0.0;250.0;PM;61.0;bottle;Niskin;8.0;;;;;;;;Comptage taxinomique phytoplancton;Laurence COSTES;21/11/2023;obscur, temperature amb;25.0;;25.0;;;;;;;;;;;;;;;;;;;;;;;;;;;;;;;;;;1600;;;;;;;;;;;;;;;;;;;160;760;;280;;;;;;;;;5978;1920;1400;;;;;;;;;;;;;;;;;;;;;;;;;;;;;;;;;;;;;;;;;;;;;;;;;80;1680;;160;;200;;;;;;;;;;;;;;;;40;440;;;;;;600;;;;;;;;;;;;;120;;1000;;;;640;;;;;;;;;;;;;;;;;;;;;;;;;;;;;;;;;;;;;;;;;;;;;;;;;;;;;;;;;;;;;;;;;;;;;;;;;;;;;;;;;;;;;;;;17934;;;;1840;;
Université de Bordeaux-EPOC;SOMLIT - Bouée13;Arcachon - Bouée 13;SB13_20231004_1m;Yolanda DEL AMO;04/10/2023;8:47;1.0;0.0;250.0;PM;75.0;bottle;Niskin;8.0;;;;;;;;Comptage taxinomique phytoplancton;Laurence COSTES;28/11/2023;obscur, temperature amb;25.0;;25.0;;;;;;;;80;;;;;;;;;40;;;;;;;;;;;;;;;;;280;;;;;200;;;;;;;;;;;;;;;600;;80;;;;;;;40;;32879;40;840;;;;;;;;;;;80;;;;;;;;;;;;;;;;;;;;160;;;;;;;;;;;;200;;;160;;160;120;80;;;;80;;;;;;;;;;;;4360;;520;;;;;;;;;;;;;;;;;;;;;;40;;;;;;240;;;120;;;;;40;;;;;;;;;;;;;;;;40;;;;;720;;400;;;;;;;;;40;;;;;;;;;;;;;;360;;;200;;80;;40;200;;;;;;;;;;;;;;;;20923;;;;;40;;;2989;;23912;;;;40;;
Université de Bordeaux-EPOC;SOMLIT - Bouée13;Arcachon - Bouée 13;SB13_20231023_1m;Yolanda DEL AMO;23/10/2023;10:40;1.0;0.0;250.0;PM;40.0;bottle;Niskin;8.0;;;;;;;;Comptage taxinomique phytoplancton;Laurence COSTES;07/12/2023;obscur, temperature amb;25.0;;25.0;;;;;;;;;;;;;;;;;40;;;80;;;;;;;;;;;;;;120;;;;;;;;;;;;;;;;;;;40;80;;80;;;;;;;;;14945;;240;;;;80;;;;;;;80;;;;;;;;;;;;;;;;120;;;;;160;;;;;;;;;;;;400;;120;;;;80;;;;;;;;;;;;;;;;240;;;;;80;;;640;;;;80;;;;;;;;;;;;;;220;;;;440;;;;;;;;80;;;;;;;;;;;;;;;;;;;;;520;;200;;;;;;;;;;;;;40;;;;;;;;;;;;;;;360;;;;;;;;;;;;;;;;;;;5978;;;;;;;40;;;2989;;;;400;;
Université de Bordeaux-EPOC;SOMLIT - Bouée13;Arcachon - Bouée 13;SB13_20231120_1m;Yolanda DEL AMO;20/11/2023;8:54;1.0;0.0;250.0;PM;49.0;bottle;Niskin;8.0;;;;;;;;Comptage taxinomique phytoplancton;Laurence COSTES;19/12/2023;obscur, temperature amb;12.5;;25.0;;;;;;;;1360;;;;;;;;;4880;;;;;;;;;;;;;;160;;;;;;320;;;;;;;;;;;;;800;;;400;1600;;80;;;;;;;;;26901;880;4150;80;;;;;;;;;640;2480;;;;;;;;;;;80;;;;;;;;;;;;;;;;;;;;;;1120;;;;880;1160;;;80;;;;;;;;;;;;240;;;;;;;;;;1880;;160;;;;80;;;;;;;;;;640;;6480;;;;2800;;;;;;;;;;;;;;;560;;;;;;;;;;;;;;160;;560;;;;;;;;;;;;;;;320;;;;;;;;;;;;;760;;;80;;80;;;;480;;;;;;;;;;;;;960;;80;;;;;;;;;160;;
Université de Bordeaux-EPOC;SOMLIT - Bouée13;Arcachon - Bouée 13;SB13_20231206_1m;Yolanda DEL AMO;06/12/2023;10:8;1.0;0.0;250.0;PM;35.0;bottle;Niskin;8.0;;;;;;;;Comptage taxinomique phytoplancton;Laurence COSTES;21/12/2023;obscur, temperature amb;12.5;;25.0;;;;;;;;;;;;;;;;;6000;;;;;;;;;;;;;;80;;;;;;80;;;;;;;;;;;;;;80;;240;560;;160;;;;;;;160;;37557;;720;;;;80;;;;;;880;800;;;;;;;;;;;;;;;;240;;;;;400;;;;;;;;;;;;;;;;560;400;;;;;;;;;;;;;;240;800;;80;;;;;;;;1360;;;;;;;;;;;;;;;;80;;1280;;80;;4080;;;240;;;;;;;;;;;;2480;;;;;;;;;;;;;;1120;;560;;;;;;;;;;160;;;;;80;;;;;;;;;;;;5680;1040;;560;;;800;;;;1200;560;;;;;;;;;8667;;;560;;;;;;;;;;;520;;
Université de Bordeaux-EPOC;SOMLIT - Bouée13;Arcachon - Bouée 13;SB13_20231219_1m;Yolanda DEL AMO;19/12/2023;8:54;1.0;0.0;250.0;PM;64.0;bottle;Niskin;8.0;;;;;;;;Comptage taxinomique phytoplancton;Laurence COSTES;09/01/2024;obscur, temperature amb;25.0;;25.0;;;;;;;;80;;;;;;;;;360;;;;;;;;;;;;40;;;;;;;;;;;;;;;;;;;;;;;;;200;;;;;;;;;;;5978;;;;;;;;;;;;;120;;;;;;;;;;;;;;;;80;;;;;80;;;;;;;;;;;;40;;;;280;360;40;;;;;;;;;;;;;;;;;;;;;;;;1480;;;;;;40;;;;;;;;;;80;;560;;;;760;;;200;;;;;;;;;;;;200;;;;;;;;;;;;;;80;;160;;;;;;;;;;;;;;;;;;;;;;;120;;;80;480;280;;280;520;;80;;;;240;;;;;;;;;;5978;;;160;;;;;;;;;;;440;;
Université de Bordeaux-EPOC;SOMLIT - Bouée13;Arcachon - Bouée 13;SB13_20240118_1m;Yolanda DEL AMO;18/01/2024;9:0;1.0;0.0;250.0;PM;64.0;bottle;Niskin;8.0;;;;;;;;Comptage taxinomique phytoplancton;Laurence COSTES;17/04/2024;obscur, temperature amb;12.5;;25.0;;;;;;;;;;;;;;;;;;;;;;;;;;;;;1360;;;;;;;;2960;;;;;;;;;;;;;;;;;80;;;;;;;;;;;14945;;80;;;;;;;;;;;80;;;;;;;;;;;;;;;;;;380;;;;;;;;;;;;;;5920;;;;;;80;;;;;;;;;;;;;;240;9120;;320;;400;;;;;;1360;;80;;;;;;;;;;;;;;;;320;;;;;1520;;720;;;;;;;;;;;;;;;;;;;;;;;;;;160;;;;;;;;;;;;;;;;;;;;;;;;;2800;;;;2160;2880;;320;;;160;;;;;;80;;;;;;;;;;;;;;;;;;23912;;;;480;;
Université de Bordeaux-EPOC;SOMLIT - Bouée13;Arcachon - Bouée 13;SB13_20240201_1m;Yolanda DEL AMO;01/02/2024;7:36;1.0;0.0;250.0;PM;59.0;bottle;Niskin;8.0;;;;;;;;Comptage taxinomique phytoplancton;Laurence COSTES;18/04/2024;obscur, temperature amb;25.0;;25.0;;;;;;;;80;;;;;;;;;;;;;;;;;;;;;;;;;;;;;;;;;;;;;;;;;;40;;;;480;;;;;;;;;;;56791;;720;;;400;;;;;;;;;;;;;;;80;;;;;;;;;;;80;;;;;2989;;;;;;;;;400;160;;;;2400;1760;;;;;;;;;;;;;;40;;;;;;;;;;;1680;;;;;;;;;;;;;;;;40;;3760;;;;;1280;;;;;;;;;;;;;;120;;;;;;;;;80;;80;;;800;;;;;;;;;;;;200;1040;80;;120;;;;;;;;;1920;;;;;2160;;480;480;;;;;;;;;;;;;;;;;;;1200;;;;;;;;;;;160;;
Université de Bordeaux-EPOC;SOMLIT - Bouée13;Arcachon - Bouée 13;SB13_20240216_1m;Yolanda DEL AMO;16/02/2024;8:47;1.0;0.0;250.0;PM;65.0;bottle;Niskin;8.0;;;;;;;;Comptage taxinomique phytoplancton;Laurence COSTES;14/05/2024;obscur, temperature amb;25.0;;25.0;;;;;;;;;;;;;;;;;;;;;;;;;;;;;;;;;;;;;;;;;;;;;;;;;;;;;;120;;;;;;;;;;;29890;3240;80;;;;200;;;;;;;;;;;;;;;;;;;;;;;;;40;;;;;5978;;;;;;;;;;760;;;;;80;;;;;;;;;;;;;;;;;;;;;;;;;;;;;;;;;;;;;;;;;160;;2080;;;;;;;200;;;;;;;;;;;;;;;;;;;;;;;;;;240;;440;;;;;;;;;;;;;;120;;;;;;;;;;;;;40;560;;;640;;;;;;80;;;;;;;;;;;;;120;;;;;;;;;;;;;
Université de Bordeaux-EPOC;SOMLIT - Bouée13;Arcachon - Bouée 13;SB13_20240304_1m;Yolanda DEL AMO;04/03/2024;9:15;1.0;0.0;250.0;PM;35.0;bottle;Niskin;8.0;;;;;;;;Comptage taxinomique phytoplancton;Laurence COSTES;15/05/2024;obscur, temperature amb;25.0;;25.0;;;;;;;;;;;;;;;;;80;;;;;;;;;;;;;;;;;;;;40;;;;;;;;;;;;;;;;;120;;;;;;;;;;;54891;3200;40;;;80;;;;;;;;160;;;;;;;;;;;;;;;;;;;;;;;8667;;;;;;;;;;;;;;;;40;;;;;;;;;;;;;;;;;;;;;;;;400;;;;;;;;;;;;;;;;160;;2080;;;;;1560;;80;;;;;;;;;;;;;;;;;;;;;;;;;;240;;;;;;;;;;;;;;;;;80;;;;;120;;;80;;;;600;920;;240;;;;;;;40;;;;;;;;;;;;;200;;;;;;;5778;;;;40;;
Université de Bordeaux-EPOC;SOMLIT - Bouée13;Arcachon - Bouée 13;SB13_20240315_1m;Yolanda DEL AMO;15/03/2024;7:3;1.0;0.0;250.0;PM;82.0;bottle;Niskin;8.0;;;;;;;;Comptage taxinomique phytoplancton;Laurence COSTES;16/05/2024;obscur, temperature amb;25.0;;25.0;;;;;;;;;;;;;;;;;;;;;;;;;;;;;;;40;;;;;;;;;;;;;;;;;;;;;;;2480;;;;;;;;;;;127116;120;160;;;;;;;;;;;160;;;;;;;;;;;;;;40;;;;;;;;;;;;;;;;;;40;;;;;600;40;120;;;;;;;;;;;;;40;;;;;;;;;;;160;;;;;;40;160;;;;;;;;;200;;360;;440;;;;;80;;;;;;;;;;;;120;;240;;;;;;;;;;;;;;;;;;;;;;;;;;;;;240;;;;;;;;;;;;;520;;160;40;;;;;;280;40;;;40;;40;;;;;;;80;;;;;;;;;;;520;;
Université de Bordeaux-EPOC;SOMLIT - Bouée13;Arcachon - Bouée 13;SB13_20240415_1m;Yolanda DEL AMO;15/04/2024;8:30;1.0;0.0;250.0;PM;32.0;bottle;Niskin;8.0;;;;;;;;Comptage taxinomique phytoplancton;Laurence COSTES;05/06/2024;obscur, temperature amb;25.0;;25.0;;;;;;;;;;;;;;;;;;;;;;;;;;720;;;;;;;;280;;;40;;;;;;;;;;;;;;120;;;440;;;;;;;;;40;;92659;560;920;;;160;200;;;;;;;;;;;;;;40;;;;;;;;;;;;;;40;;;;;;;;;;;;560;;;;;40;680;;;;;;;;;;;;;;;;280;;;;;;;;240;;;;;;;;;;;;;;;;;;1000;;40;;;;;80;;;;;;;;;;;;1120;;;;200;;;;;80;;;;;80;;560;;;;;;;;;;480;;;;;320;;;;;200;;;320;;;;;160;;120;;;;;;;1200;;;;;;;;;;;;;;;;;80;;;14945;;;;120;;
Université de Bordeaux-EPOC;SOMLIT - Bouée13;Arcachon - Bouée 13;SB13_20240429_1m;Yolanda DEL AMO;29/04/2024;7:15;1.0;0.0;250.0;PM;70.0;bottle;Niskin;8.0;;;;;;;;Comptage taxinomique phytoplancton;Laurence COSTES;05/06/2024;obscur, temperature amb;12.5;;25.0;;;;;;;;;;;;;;;;;1040;;;;;;;;;;;;;;;;;;;;1520;;;;;240;;;;;;;;480;380;480;;960;;;;;;;;;80;;23912;;1280;;;80;;;;;;;;80;;;;;;;80;;80;;;;;;;;;240;;;;;;;;;;;;;;560;400;;;;240;80;;;;;;;;;;;;;;;;;15120;;6400;;;;;;240;;;;;;;80;;;;;;;;;80;;;;80;;;;;160;;;;;;;;;;;;80;;;;;;;;;80;;;;;3120;;7200;;;;;;;;;160;1280;;400;;1760;240;8060;;;;;;;1120;;;;1360;480;;80;;;;;;;320;560;80;;;;;;;;;;;80;0;;;;;;11956;;;;;;
Université de Bordeaux-EPOC;SOMLIT - Bouée13;Arcachon - Bouée 13;SB13_20240513_1m;Yolanda DEL AMO;13/05/2024;7:39;1.0;0.0;250.0;PM;58.0;bottle;Niskin;8.0;;;;;;;;Comptage taxinomique phytoplancton;Laurence COSTES;01/07/2024;obscur, temperature amb;12.5;;25.0;;;;;;;;;;;;;;;;;80;;;;;;;;;;;;;;;;;;;;800;;;;;;;;;;;;;;;;;560;;;;;;;;;;;41846;;880;;;80;80;;;;;;80;;;;;;;;320;;;;;;;;;;;;;;;;;;;;;;;;;1040;1440;;;;640;80;160;;;;80;;;;;;;;;480;;;34960;18960;30880;;;;;;;;240;;;80;;;;;;;;;;;;;;;;;;;80;;;;;;640;80;;;;;;;;;;640;;;;;;;80;;;3200;;8960;;;;;;;;;1840;1440;;;3040;;640;;;;;;;;480;;;;;80;;;;;;;;;560;640;;;;;;;;;;;;240;;;;;;;;;;;80;;
Université de Bordeaux-EPOC;SOMLIT - Bouée13;Arcachon - Bouée 13;SB13_20240528_1m;Yolanda DEL AMO;28/05/2024;7:0;1.0;0.0;250.0;PM;65.0;bottle;Niskin;8.0;;;;;;;;Comptage taxinomique phytoplancton;Laurence COSTES;02/07/2024;obscur, temperature amb;25.0;;25.0;;;;;;;;160;;;;;;;;;;;;;;;;;;;;;;;;;;;;;;;;;;;;;;;;;;160;;;40;160;;120;;;;;;;;;29890;;8440;;;;;;;;;;120;40;;;;;;;;;40;;;;;;;;;;;;80;;;;;;;;;;;;40;;;;960;240;;;;;;;;;;;;;;40;;;4840;;280;;;;;;;;;;;;;;;;;;;;;;;;400;;;;;240;;80;40;;;;;;;;;;;400;;;;40;;;;;;;;;;400;;200;;;;;;;;;;;80;;;;120;;;;;120;;;280;;;;;160;;;;;;;;;480;480;80;;;;;;;;23912;;;280;;;;80;;;;;;;;;
Université de Bordeaux-EPOC;SOMLIT - Bouée13;Arcachon - Bouée 13;SB13_20240611_1m;Yolanda DEL AMO;11/06/2024;7:10;1.0;0.0;250.0;PM;62.0;bottle;Niskin;8.0;;;;;;;;Comptage taxinomique phytoplancton;Laurence COSTES;08/08/2024;obscur, temperature amb;12.5;;25.0;;;;;;;;;;;;;;;;;;;;;;;;;;;;;;;;;;;;;;;;;;;;;;;;;;320;;;;1280;;;;;;;;;;;41846;;14000;;;;;;;;;;;2640;;;;;;;;;320;;;;;;;80;;;;;;;;;;;;;;;;;1280;;;;1760;400;80;;;;;;;;;;;;;;;;4160;;2560;;;;;;;;;;;;;160;;;;;;;;;80;;11360;;;;;;;;;;;;;;;;;;;400;;;;;;;;;80;;;;;240;;80;;;;;;;;;480;;;;;;;;;;;;;;;;;;;80;;80;800;;;;;;;1440;80;;;;;;;;2989;;;2960;;;;240;5978;;71736;;;;;;
Université de Bordeaux-EPOC;SOMLIT - Bouée13;Arcachon - Bouée 13;SB13_20240627_1m;Yolanda DEL AMO;27/06/2024;9:15;1.0;0.0;250.0;PM;67.0;bottle;Niskin;8.0;;;;;;;;Comptage taxinomique phytoplancton;Laurence COSTES;18/09/2024;obscur, temperature amb;12.5;;25.0;;;;;;;;;;;;;;;;;;;;;;;;;;;;;;;;;;;;;;;;;;;;;;;;;;;;160;;2640;;;;;;;;;;;17000;;960;;;;;;;;;;400;80;;;;;;;;240;;;;;;;;;;;;;;;;;;;;;;;;;;;;;3840;2400;3280;;;;;;;;;;;;;;;;560;;800;320;;;;;;;;;;;;;;;;;;;;;240;;;;80;;800;;;;;;;;;;;;;;;80;;;;320;;;;;80;;;;160;;;;;;;;;;;;;160;;;;80;1600;;;;;;;;;;;;;;;240;80;;;;;;80;;;;;;;;;;14945;;;;;;;;;;53802;;;;;;
Université de Bordeaux-EPOC;SOMLIT - Bouée13;Arcachon - Bouée 13;SB13_20240729_1m;Yolanda DEL AMO;29/07/2024;0:45;1.0;0.0;250.0;PM;59.0;bottle;Niskin;8.0;;;;;;;;Comptage taxinomique phytoplancton;Laurence COSTES;17/09/2024;obscur, temperature amb;12.5;;25.0;;;;;480;;;;;;;;;;;;;;;;;;;;;;;;;;;;;;;;;;;;;;;;;;;;;;;;;3360;;;;;;;;;;;50813;;4560;;;;;;;;;;240;1360;;;;;;;;;320;;;;;;;;;;;;;;;;;;;;;;;;240;;;;800;800;3360;;;;;;;;;;;80;;;;;1520;;3600;;;;;;;;;;;;;;;;;;;;;;;;5680;;;80;880;;;;;;;;;;;;;;;320;;;;800;;;;;160;;;;;720;;;;;;;;;;;80;;;;;80;;;;;;;;;2960;;;;;320;;;160;;;;;;;240;;;;;;;;;;;;;;;;;;;26901;;;;400;;
Université de Bordeaux-EPOC;SOMLIT - Bouée13;Arcachon - Bouée 13;SB13_20240809_1m;Yolanda DEL AMO;09/08/2024;9:0;1.0;0.0;250.0;PM;73.0;bottle;Niskin;8.0;;;;;;;;Comptage taxinomique phytoplancton;Laurence COSTES;19/09/2024;obscur, temperature amb;12.5;;25.0;;;;;;;;;;;;;;;;;;;;;;;;;;;;;;;;;;;;;;;;;;;;;;;;;;3040;;;;1200;;;;;;;;;;;32879;;6000;;;;;;;;;;160;;;;;;;;;;;;;;;;;;;;;;;;;;;;;;;;;;;;;;1760;1680;1200;;;;;;;;;;;;;;;;;;2240;;;;;;;;;;;;;;;;;;;;;;160;;6720;;480;;800;;;;;;;;;;;;;;;;;;;160;;160;;;480;;;;;;;;;;;;;;;;;;;;;;;;;;;;;;6960;;;;;400;;720;;;;;;;80;80;;;;160;;;;;5978;;;;;;;;;;32879;;;;560;;
Université de Bordeaux-EPOC;SOMLIT - Bouée13;Arcachon - Bouée 13;SB13_20240826_1m;Yolanda DEL AMO;26/08/2024;11:0;1.0;0.0;250.0;PM;62.0;bottle;Niskin;8.0;;;;;;;;Comptage taxinomique phytoplancton;Laurence COSTES;17/09/2024;obscur, temperature amb;12.5;;25.0;;;;;;;;;;;;;;;;;;;;;;;;;;;;;;;;;;;;;;;240;;;;;;;;;;;2480;;;;80;;;;;;;;;;;8967;;10480;160;;;560;;;;;;160;;;560;;;;;;;80;;;;;;;;;;;;;;;;;;;;;;;;80;;;;2960;240;160;;;;;;;;;;;;;;;;800;;2800;;;160;;;;;;;;;;;;;;;;;;;;;1920;;;;880;;;240;;;;;;480;;;;;;160;;;;320;;;;;;;;;;2400;;;;;;;;;;;;;;;;;;;;;;;;;5760;;;;;640;;320;;;;;;;80;80;;;;;;;;;11956;;;1200;;;;;;;86681;;;;240;;
Université de Bordeaux-EPOC;SOMLIT - Bouée13;Arcachon - Bouée 13;SB13_20240910_1m;Yolanda DEL AMO;10/09/2024;7:38;1.0;0.0;250.0;PM;50.0;bottle;Niskin;8.0;;;;;;;;Comptage taxinomique phytoplancton;Laurence COSTES;23/10/2024;obscur, temperature amb;12.5;;25.0;;;;;;;;;;;;;;;;;;;;;;;;;;;;;;;;;;;;;;;;;;320;;;;;;;;;;;320;1040;;;;;;;;;160;;;;6640;;;;160;;;;;;;720;;;;;;;;;;;;;;;;;;;;;;;;;;;;;;;;;6320;;;;80;80;;;;;80;;;;;;;;;;;;9120;;6640;;;3920;;;;;320;;;;;;;;;;;;;;240;;320;;;;160;;;;;;;;;80;;;;;;;;;;;;;;;;160;;;;5280;;;5978;;;;;;;;;;;;;1200;;;;;;;;;2080;;;;;800;;240;;;240;;;;240;160;;;;160;;;;;11956;;;;;;;80;;;2989;;;;160;;
Université de Bordeaux-EPOC;SOMLIT - Bouée13;Arcachon - Bouée 13;SB13_20240924_1m;Yolanda DEL AMO;24/09/2024;8:40;1.0;0.0;250.0;PM;57.0;bottle;Niskin;8.0;;;;;;;;Comptage taxinomique phytoplancton;Laurence COSTES;03/12/2024;obscur, temperature amb;12.5;;25.0;;;;;1200;;;;;;;;;;;;;;;;;;;;;;;;;;;;;;;;;;300;;;1280;;;;;;;;1360;;;;400;;;;;;;;;;;38857;;5360;;;80;480;;;;;;;1360;;;;;;;80;;240;;;;;;;;;;;;;;;;;;;;;;;;400;;;;400;160;;;80;;160;;;;;;;;;;;;1600;;1760;;;5360;;;320;;;;3920;;;;;;;;;;;;;;1600;;;;;;;240;160;80;;;;80;;;;;;160;;;;80;;;;;;;;;;;;;;;;;;;;;;;;;;;;;;;;;;;1360;;;;;640;;240;;;;;;;80;400;;;;;;;;;5978;;;;;;;560;;;47824;;;;320;;
Université de Bordeaux-EPOC;SOMLIT - Bouée13;Arcachon - Bouée 13;SB13_20241023_1m;Yolanda DEL AMO;23/10/2024;7:55;1.0;0.0;250.0;PM;54.0;bottle;Niskin;8.0;;;;;;;;Comptage taxinomique phytoplancton;Laurence COSTES;02/12/2024;obscur, temperature amb;25.0;;25.0;;;;;2160;;;;;;;;;;;;;;;;;;;;;;;;;;;;;;;;;;480;;;;;;;;;;;;;;;200;;;;;;;;;;;;;240;;;;;;;;;;;280;;;;;;;;;40;;;;;;;;;;;;120;;;;;40;;;;;;;;;;;40;40;;;;;;;;;;;;;;;;;;;;;;720;;;1680;;;;280;;;;;;;;;;;;;;960;;;;;;;280;;;40;;;;;;;;;40;;;;80;;;;;;;;;;;;;2989;;;;;;;;;;;;;;40;;;;;;;;1480;;;;;440;;400;;;;;;;160;;;;;;;;;;5978;;;;;;120;40;;;;;;;;;
Université de Bordeaux-EPOC;SOMLIT - Bouée13;Arcachon - Bouée 13;SB13_20241206_1m;Yolanda DEL AMO;06/12/2024;8:29;1.0;0.0;250.0;PM;64.0;bottle;Niskin;8.0;;;;;;;;Comptage taxinomique phytoplancton;Laurence COSTES;13/01/2025;obscur, temperature amb;25.0;;25.0;;;;;;;;;;;;;;;;;;;;;;;;;;;;;;;;;;;;;;;680;;;;;;;;;;;;;;80;40;;120;;;;;;;;;26901;;120;;;;;;;;;;;;;;;;;;;;;;;;;;;;;;;;;;;;;;;;;;;;;;;;40;;40;;;;40;;;;;;;;;;;;;;;;;;;;320;;;;480;;;;;;;;;;;;;;680;;;;760;;;200;;;;;;;;;;;;;;;;80;;;;;;;;;;;;;;;;;;;;;;;;;;;40;;;;;;;;2080;;;;;200;;;;;;;;;160;;;;;;;;;;11956;;;;;;;;;;14945;;;;40;;
Université de Bordeaux-EPOC;SOMLIT - Bouée13;Arcachon - Bouée 13;SB13_20241220_1m;Yolanda DEL AMO;20/12/2024;7:19;1.0;0.0;250.0;PM;66.0;bottle;Niskin;8.0;;;;;;;;Comptage taxinomique phytoplancton;Laurence COSTES;23/01/2025;obscur, temperature amb;25.0;;25.0;;;;;;;;;;;;;;;;;;;;;;;;;;;;;160;;;;;;;;;;360;;;;;;;;;;;;;;;80;;120;;;;;;;40;;5978;;240;;;;;;;;;;;;;;;;;;;;;;;;;;;120;;;;;120;;8967;;;;;;;;;;;;;;240;;80;;;;;;;;;;;;;;;;200;;;;;;;;1840;;;;;;;;;;;;;;;;;;2600;;;;560;;;120;;;;;;;;;;;;;;;;;;;;;;;;;;;;;;;;;;;;;;;;;;120;;;;;;;;;280;;;;;200;;40;;;;;;;;;;;;;;;;;2989;;;;;;280;;;;11956;;;;400;;
